{"restaurant": {"ta_link": "https://www.tripadvisor.es/Restaurant_Review-g15232907-d15258867-Reviews-Restaurante_Hostal_Los_Gabrieles-Fuente_Higuera_Albacete_Province_of_Albacete_.html", "name": "Los Gabrieles", "data": {"symbol": null, "claimed": true, "schedule": {"dom": ["06:00", "00:00"], "lun": ["06:00", "00:00"], "mar": ["06:00", "00:00"], "mié": ["06:00", "00:00"], "jue": ["06:00", "00:00"], "vie": ["06:00", "00:00"], "sáb": ["06:00", "00:00"]}, "score_overall": 3.5, "ranking": 2, "travellers_choice": false, "score_food": null, "score_service": null, "score_price_quality": null, "score_atmosphere": null, "price": {"lower": 4.0, "upper": 10.0}, "type": ["Española", "Mediterránea"], "special_diets": ["Opciones veganas"], "meals": ["Desayuno", "Comidas", "Cenas"], "advantages": ["Capacidad", "Sirve alcohol", "Servicio de mesa"], "address": {"name": "Autovia A 31 URBANIZACIÓN EL TRIGAL, 02006 Albacete España", "link": "https://maps.google.com/maps?saddr=&daddr=Autovia+A+31+URBANIZACI%C3%93N+EL+TRIGAL%2C+02006+Albacete+Espa%C3%B1a@38.98325,-1.892737"}, "webpage": "http://www.losgabrieles.com/", "email": "losgabrieles@losgabrieles.com", "phone": "+34 967 21 51 00"}}}