{"restaurant": {"ta_link": "https://www.tripadvisor.es/Restaurant_Review-g187486-d12862902-Reviews-La_Espiga-Albacete_Province_of_Albacete_Castile_La_Mancha.html", "name": "La Espiga", "data": {"symbol": "€", "claimed": false, "schedule": null, "score_overall": 3.5, "ranking": 10, "travellers_choice": false, "score_food": null, "score_service": null, "score_price_quality": null, "score_atmosphere": null, "price": {"lower": 6.0, "upper": 20.0}, "type": ["Española", "Restaurante de carne"], "special_diets": null, "meals": ["Desayuno", "Comidas", "Cenas"], "advantages": ["Para llevar", "Terraza exterior", "Aparcamiento disponible", "Estacionamiento gratuito en la calle"], "address": {"name": "Calle Autovia 65, 02007 Albacete España", "link": "https://maps.google.com/maps?saddr=&daddr=Calle+Autovia+65%2C+02007+Albacete+Espa%C3%B1a@39.02563,-1.883323"}, "webpage": null, "email": null, "phone": "+34 967 59 29 89"}}}