{"restaurant": {"ta_link": "https://www.tripadvisor.es/Restaurant_Review-g187486-d14958951-Reviews-Restaurante_6_Hermanos-Albacete_Province_of_Albacete_Castile_La_Mancha.html", "name": "Restaurante 6 Hermanos", "data": {"symbol": "€€ - €€€", "claimed": false, "schedule": null, "score_overall": 3.5, "ranking": 97, "travellers_choice": false, "score_food": 4.0, "score_service": 4.0, "score_price_quality": 4.0, "score_atmosphere": null, "price": {"lower": 13.0, "upper": 24.0}, "type": ["Mediterránea", "Española"], "special_diets": ["Opciones veganas"], "meals": ["Comidas"], "advantages": ["Acepta tarjetas de crédito", "Para llevar", "Reservas", "Servicio de mesa"], "address": {"name": "Carr. de Madrid s/n Salida 65, 02007 Albacete España", "link": "https://maps.google.com/maps?saddr=&daddr=Carr.+de+Madrid+s%2Fn+Salida+65%2C+02007+Albacete+Espa%C3%B1a@39.06093,-1.933388"}, "webpage": null, "email": null, "phone": "+34 967 21 46 30"}}}