{"restaurant": {"ta_link": "https://www.tripadvisor.es/Restaurant_Review-g187486-d5884213-Reviews-Pizzeria_Angela-Albacete_Province_of_Albacete_Castile_La_Mancha.html", "name": "Pizzeria Angela", "data": {"symbol": "€", "claimed": true, "schedule": {"dom": ["13:00", "16:00", "19:00", "00:00"], "mar": ["20:00", "00:00"], "mié": ["20:00", "00:00"], "jue": ["20:00", "00:00"], "vie": ["20:00", "00:00"], "sáb": ["13:00", "16:00", "19:00", "00:00"]}, "score_overall": 3.5, "ranking": 5, "travellers_choice": false, "score_food": 3.5, "score_service": 3.5, "score_price_quality": 3.5, "score_atmosphere": null, "price": {"lower": 12.0, "upper": 100.0}, "type": ["Italiana", "Pizza", "Comida rápida"], "special_diets": ["Opciones vegetarianas", "Opciones veganas"], "meals": ["Cenas", "Comidas", "Bebidas"], "advantages": ["A domicilio", "Para llevar", "Reservas", "Terraza exterior", "Capacidad", "Acceso para discapacitados", "Sirve alcohol", "Vino y cerveza", "Acepta tarjetas de crédito", "Servicio de mesa"], "address": {"name": "Paseo Circunvalación 126, 02006 Albacete España", "link": "https://maps.google.com/maps?saddr=&daddr=Paseo+Circunvalaci%C3%B3n+126%2C+02006+Albacete+Espa%C3%B1a@38.98469,-1.863127"}, "webpage": "http://pizzeria-angela.webnode.es/", "email": "flecha198038@gmail.com", "phone": "+34 967 60 98 99"}}}