{"restaurant": {"ta_link": "https://www.tripadvisor.es/Restaurant_Review-g187486-d5487544-Reviews-Mucho_Mas_Que_Pizza-Albacete_Province_of_Albacete_Castile_La_Mancha.html", "name": "Mucho Más Que Pizza", "data": {"symbol": "€", "claimed": false, "schedule": {"dom": ["13:00", "23:30"], "lun": ["13:00", "15:30", "18:00", "23:00"], "mar": ["13:00", "15:30", "18:00", "23:00"], "mié": ["13:00", "15:30", "18:00", "23:00"], "jue": ["13:00", "15:30", "18:00", "23:00"], "vie": ["13:00", "15:30", "18:00", "23:00"], "sáb": ["13:00", "23:30"]}, "score_overall": 3.5, "ranking": 10, "travellers_choice": false, "score_food": 3.0, "score_service": 3.0, "score_price_quality": 3.5, "score_atmosphere": null, "price": {"lower": 10.0, "upper": 36.0}, "type": ["Pizza", "Italiana", "Comida rápida"], "special_diets": null, "meals": ["Comidas", "Cenas"], "advantages": ["A domicilio", "Para llevar"], "address": {"name": "Calle Carnicerías, 1, 02001 Albacete España", "link": "https://maps.google.com/maps?saddr=&daddr=Calle+Carnicer%C3%ADas%2C+1%2C+02001+Albacete+Espa%C3%B1a@38.99438,-1.85722"}, "webpage": "http://muchomasquepizzaalbacete.com/?utm_source=tripadvisor&utm_campaign=MuchoM%C3%A1sQuePizza&utm_medium=tr-activation&utm_term=microsite", "email": null, "phone": "+34 967 11 37 11"}}}