{"restaurant": {"ta_link": "https://www.tripadvisor.es/Restaurant_Review-g187486-d7607619-Reviews-VIPS_Albacete-Albacete_Province_of_Albacete_Castile_La_Mancha.html", "name": "VIPS", "data": {"symbol": "€€ - €€€", "claimed": true, "schedule": {"dom": ["13:00", "23:30"], "lun": ["13:00", "16:30", "19:00", "23:30"], "mar": ["13:00", "16:30", "19:00", "23:30"], "mié": ["13:00", "16:30", "19:00", "23:30"], "jue": ["13:00", "16:30", "19:00", "23:30"], "vie": ["13:00", "23:30"], "sáb": ["13:00", "23:30"]}, "score_overall": 3.0, "ranking": 111, "travellers_choice": false, "score_food": 3.5, "score_service": 3.5, "score_price_quality": 3.0, "score_atmosphere": null, "price": {"lower": 8.0, "upper": 15.0}, "type": ["Internacional", "Mediterránea"], "special_diets": null, "meals": ["Comidas", "Cenas"], "advantages": ["Para llevar", "Terraza exterior", "Acceso para discapacitados", "Acepta American Express", "Acepta Mastercard", "Acepta Visa", "Wifi gratuito", "Capacidad", "Acepta tarjetas de crédito", "Servicio de mesa", "Reservas", "Sirve alcohol"], "address": {"name": "Calle Tejares, 3, 2002 Albacete España", "link": "https://maps.google.com/maps?saddr=&daddr=Calle+Tejares%2C+3%2C+2002+Albacete+Espa%C3%B1a@38.992023,-1.853777"}, "webpage": "http://www.vips.es/restaurantes/vips-albacete?utm_source=directorios&utm_medium=organic&utm_campaign=estatica_directorios&utm_content=sitio_web", "email": null, "phone": "+34967266812"}}}