{"restaurant": {"ta_link": "https://www.tripadvisor.es/Restaurant_Review-g187486-d7346843-Reviews-Bigote_Blanco-Albacete_Province_of_Albacete_Castile_La_Mancha.html", "name": "Bigote Blanco", "data": {"symbol": "€€ - €€€", "claimed": true, "schedule": {"dom": ["12:00", "16:30", "18:30", "00:30"], "lun": ["18:30", "00:30"], "mar": ["12:00", "16:30", "18:30", "00:30"], "mié": ["12:00", "16:30", "18:30", "00:30"], "jue": ["12:00", "16:30", "18:30", "01:30"], "vie": ["12:00", "16:30", "18:30", "01:30"], "sáb": ["12:00", "16:30", "18:30", "01:30"]}, "score_overall": 4.0, "ranking": 15, "travellers_choice": false, "score_food": 3.5, "score_service": 4.0, "score_price_quality": 4.0, "score_atmosphere": 4.5, "price": {"lower": 17.0, "upper": 75.0}, "type": ["Española"], "special_diets": ["Opciones vegetarianas", "Opciones veganas", "Opciones sin gluten"], "meals": ["Cenas", "Bebidas"], "advantages": ["Capacidad", "Acceso para discapacitados", "Sirve alcohol"], "address": {"name": "Calle Marques de Villores, 25, 02003 Albacete España", "link": "https://maps.google.com/maps?saddr=&daddr=Calle+Marques+de+Villores%2C+25%2C+02003+Albacete+Espa%C3%B1a@38.990868,-1.857636"}, "webpage": "http://es-es.facebook.com/bigoteblancocerveza", "email": "bigoteblancocerveza@gmail.com", "phone": "+34 967 60 55 27"}}}