{"restaurant": {"ta_link": "https://www.tripadvisor.es/Restaurant_Review-g187486-d11826856-Reviews-Le_Petit_Comite-Albacete_Province_of_Albacete_Castile_La_Mancha.html", "name": "Le Petit Comité", "data": {"symbol": "€€ - €€€", "claimed": true, "schedule": {"lun": ["08:30", "23:45"], "mar": ["08:30", "23:45"], "mié": ["08:30", "23:45"], "jue": ["08:30", "23:45"], "vie": ["08:30", "23:45"], "sáb": ["08:30", "23:45"]}, "score_overall": 4.5, "ranking": 86, "travellers_choice": false, "score_food": null, "score_service": 4.5, "score_price_quality": null, "score_atmosphere": null, "price": {"lower": 4.0, "upper": 20.0}, "type": ["Mediterránea", "Comedor"], "special_diets": null, "meals": ["Desayuno", "Comidas", "Cenas"], "advantages": ["Reservas", "Servicio de mesa", "Acceso para discapacitados"], "address": {"name": "Calle Doctor Bonilla, 14, 02003 Albacete España", "link": "https://maps.google.com/maps?saddr=&daddr=Calle+Doctor+Bonilla%2C+14%2C+02003+Albacete+Espa%C3%B1a@38.988174,-1.859857"}, "webpage": null, "email": null, "phone": "+34 661 50 27 46"}}}