{"restaurant": {"ta_link": "https://www.tripadvisor.es/Restaurant_Review-g187486-d10749067-Reviews-Churreria_Carpe-Albacete_Province_of_Albacete_Castile_La_Mancha.html", "name": "Churreria Carpe", "data": {"symbol": "€", "claimed": false, "schedule": null, "score_overall": 4.5, "ranking": 104, "travellers_choice": false, "score_food": null, "score_service": null, "score_price_quality": null, "score_atmosphere": null, "price": null, "type": ["Española"], "special_diets": null, "meals": null, "advantages": null, "address": {"name": "Avenida de Ramon y Cajal 39, 02005 Albacete España", "link": "https://maps.google.com/maps?saddr=&daddr=Avenida+de+Ramon+y+Cajal+39%2C+02005+Albacete+Espa%C3%B1a@38.99988,-1.85938"}, "webpage": null, "email": "Azespada@hotmail.com", "phone": "+34 967 24 63 94"}}}