{"restaurant": {"ta_link": "https://www.tripadvisor.es/Restaurant_Review-g187486-d15606655-Reviews-Quinta_Esencia-Albacete_Province_of_Albacete_Castile_La_Mancha.html", "name": "Quinta Esencia", "data": {"symbol": null, "claimed": false, "schedule": null, "score_overall": 3.5, "ranking": 167, "travellers_choice": false, "score_food": null, "score_service": null, "score_price_quality": null, "score_atmosphere": null, "price": null, "type": ["Española"], "special_diets": null, "meals": ["Cenas"], "advantages": ["Reservas", "Acceso para discapacitados", "Servicio de mesa"], "address": {"name": "Plaza del Altozano 6, 02001 Albacete España", "link": "https://maps.google.com/maps?saddr=&daddr=Plaza+del+Altozano+6%2C+02001+Albacete+Espa%C3%B1a@38.99504,-1.85485"}, "webpage": "https://www.facebook.com/Quintaesenciajamoneria/", "email": null, "phone": null}}}