{"restaurant": {"ta_link": "https://www.tripadvisor.es/Restaurant_Review-g187486-d11919160-Reviews-La_Chelinda-Albacete_Province_of_Albacete_Castile_La_Mancha.html", "name": "La Chelinda", "data": {"symbol": "€€ - €€€", "claimed": true, "schedule": {"dom": ["13:00", "16:30", "20:30", "23:30"], "lun": ["13:00", "16:30", "20:30", "23:30"], "mar": ["13:00", "16:30", "20:30", "23:30"], "mié": ["13:00", "16:30", "20:30", "23:30"], "jue": ["13:00", "16:30", "20:30", "23:30"], "vie": ["13:00", "16:30", "20:30", "00:00"], "sáb": ["13:00", "16:30", "20:30", "00:00"]}, "score_overall": 4.0, "ranking": 2, "travellers_choice": false, "score_food": 3.5, "score_service": 3.5, "score_price_quality": 3.5, "score_atmosphere": null, "price": {"lower": 10.0, "upper": 30.0}, "type": ["Mexicana"], "special_diets": ["Opciones vegetarianas"], "meals": ["Comidas", "Cenas"], "advantages": ["Para llevar", "Terraza exterior", "Capacidad", "Acceso para discapacitados", "Sirve alcohol", "Bar completo", "Acepta tarjetas de crédito", "Servicio de mesa", "Reservas"], "address": {"name": "Avenida de la Ilustracion 51 Centro Comercial Imaginalia, 02005 Albacete España", "link": "https://maps.google.com/maps?saddr=&daddr=Avenida+de+la+Ilustracion+51+Centro+Comercial+Imaginalia%2C+02005+Albacete+Espa%C3%B1a@39.008595,-1.879156"}, "webpage": "http://lachelinda.es/", "email": "lachelindanunezarce@gmail.com", "phone": "+34 967 24 35 86"}}}