{"restaurant": {"ta_link": "https://www.tripadvisor.es/Restaurant_Review-g187486-d20058676-Reviews-Pomodoro_Imaginalia-Albacete_Province_of_Albacete_Castile_La_Mancha.html", "name": "Pomodoro Imaginalia", "data": {"symbol": "€", "claimed": true, "schedule": null, "score_overall": 2.5, "ranking": 5, "travellers_choice": false, "score_food": null, "score_service": null, "score_price_quality": null, "score_atmosphere": null, "price": {"lower": 4.0, "upper": 5.0}, "type": ["Italiana", "Mexicana"], "special_diets": null, "meals": null, "advantages": null, "address": {"name": "Avenida de la Ilustracion 51 02006 Albacete C.C. Imaginalia, 02005 Albacete España", "link": "https://maps.google.com/maps?saddr=&daddr=Avenida+de+la+Ilustracion+51+02006+Albacete+C.C.+Imaginalia%2C+02005+Albacete+Espa%C3%B1a@39.00868,-1.878871"}, "webpage": "http://www.pomodoropizza.es/pomodoro-imaginalia/", "email": null, "phone": "+34 967 02 65 00"}}}