{"restaurant": {"ta_link": "https://www.tripadvisor.es/Restaurant_Review-g187486-d4420194-Reviews-Dona_Lola_Ethic-Albacete_Province_of_Albacete_Castile_La_Mancha.html", "name": "Doña Lola Ethic", "data": {"symbol": "€€ - €€€", "claimed": true, "schedule": {"lun": ["13:30", "17:00"], "mar": ["13:30", "17:00"], "mié": ["13:30", "17:00"], "jue": ["13:30", "17:00"], "vie": ["13:30", "17:00", "20:30", "23:45"], "sáb": ["13:30", "17:00", "20:30", "23:45"]}, "score_overall": 3.5, "ranking": 1, "travellers_choice": true, "score_food": 4.0, "score_service": 3.5, "score_price_quality": 3.5, "score_atmosphere": 3.5, "price": {"lower": 19.0, "upper": 28.0}, "type": ["Mediterránea", "Española", "Contemporánea"], "special_diets": ["Opciones vegetarianas", "Opciones sin gluten"], "meals": ["Comidas", "Cenas"], "advantages": ["Reservas", "Capacidad", "Acceso para discapacitados", "Sirve alcohol", "Bar completo", "Acepta tarjetas de crédito", "Servicio de mesa", "Tarjetas de regalo disponibles"], "address": {"name": "Calle de Santa Quiteria 23, 02002 Albacete España", "link": "https://maps.google.com/maps?saddr=&daddr=Calle+de+Santa+Quiteria+23%2C+02002+Albacete+Espa%C3%B1a@38.990723,-1.850467"}, "webpage": "http://www.donalola.es/", "email": "info@donalola.es", "phone": "+34 967 22 95 37"}}}