{"restaurant": {"ta_link": "https://www.tripadvisor.es/Restaurant_Review-g187486-d22902807-Reviews-Taco_Bell-Albacete_Province_of_Albacete_Castile_La_Mancha.html", "name": "Taco Bell", "data": {"symbol": null, "claimed": false, "schedule": null, "score_overall": null, "ranking": null, "travellers_choice": false, "score_food": null, "score_service": null, "score_price_quality": null, "score_atmosphere": null, "price": null, "type": null, "special_diets": null, "meals": null, "advantages": null, "address": {"name": "Calle del tinte 22, 02002 Albacete España", "link": "https://maps.google.com/maps?saddr=&daddr=Calle+del+tinte+22%2C+02002+Albacete+Espa%C3%B1a@38.992336,-1.855116"}, "webpage": "https://tacobell.es/", "email": null, "phone": "+34 967 27 88 99"}}}