{"restaurant": {"ta_link": "https://www.tripadvisor.es/Restaurant_Review-g187486-d22862010-Reviews-McDonald_s-Albacete_Province_of_Albacete_Castile_La_Mancha.html", "name": "McDonald's", "data": {"symbol": null, "claimed": false, "schedule": null, "score_overall": 1.0, "ranking": 296, "travellers_choice": false, "score_food": null, "score_service": null, "score_price_quality": null, "score_atmosphere": null, "price": null, "type": null, "special_diets": null, "meals": null, "advantages": null, "address": {"name": "Centro Comercial, Av. Primero de Mayo, s/n, 02006 Albacete España", "link": "https://maps.google.com/maps?saddr=&daddr=Centro+Comercial%2C+Av.+Primero+de+Mayo%2C+s%2Fn%2C+02006+Albacete+Espa%C3%B1a@38.984436,-1.867928"}, "webpage": "http://www.burgerking.es/", "email": null, "phone": "+34 967 50 28 12"}}}