{"restaurant": {"ta_link": "https://www.tripadvisor.es/Restaurant_Review-g187486-d999036-Reviews-Merendero_los_Llanos-Albacete_Province_of_Albacete_Castile_La_Mancha.html", "name": "Merendero los Llanos", "data": {"symbol": "€€ - €€€", "claimed": false, "schedule": {"dom": ["10:00", "01:00"], "lun": ["10:00", "01:00"], "mar": ["10:00", "01:00"], "mié": ["10:00", "01:00"], "jue": ["10:00", "01:00"], "vie": ["10:00", "01:00"], "sáb": ["10:00", "01:00"]}, "score_overall": 4.0, "ranking": 62, "travellers_choice": false, "score_food": 3.5, "score_service": 4.0, "score_price_quality": 3.0, "score_atmosphere": 3.5, "price": {"lower": 5.0, "upper": 25.0}, "type": ["Española", "Mediterránea"], "special_diets": ["Opciones vegetarianas", "Opciones veganas"], "meals": ["Comidas", "Cenas"], "advantages": ["Reservas", "Capacidad", "Acceso para discapacitados", "Sirve alcohol", "Servicio de mesa"], "address": {"name": "Carretera Penas San Pedro KM 3,100, 02006 Albacete España", "link": "https://maps.google.com/maps?saddr=&daddr=Carretera+Penas+San+Pedro+KM+3%2C100%2C+02006+Albacete+Espa%C3%B1a@38.95923,-1.876821"}, "webpage": null, "email": null, "phone": "+34 967 22 60 86"}}}