{"restaurant": {"ta_link": "https://www.tripadvisor.es/Restaurant_Review-g187486-d14837913-Reviews-Ginos_Imaginalia-Albacete_Province_of_Albacete_Castile_La_Mancha.html", "name": "Ginos Imaginalia", "data": {"symbol": "€€ - €€€", "claimed": true, "schedule": {"dom": ["13:30", "16:30", "20:00", "23:30"], "lun": ["13:30", "16:30", "20:00", "23:30"], "mar": ["13:30", "16:30", "20:00", "23:30"], "mié": ["13:30", "16:30", "20:00", "23:30"], "jue": ["13:30", "16:30", "20:00", "23:30"], "vie": ["13:30", "16:30", "20:00", "23:30"], "sáb": ["13:30", "16:30", "20:00", "23:30"]}, "score_overall": 3.0, "ranking": 11, "travellers_choice": false, "score_food": 3.5, "score_service": 3.0, "score_price_quality": 3.0, "score_atmosphere": null, "price": {"lower": 11.0, "upper": 18.0}, "type": ["Italiana", "Pizza", "Mediterránea"], "special_diets": null, "meals": ["Comidas", "Cenas"], "advantages": ["Para llevar", "Reservas", "Capacidad", "Sirve alcohol", "Servicio de mesa", "A domicilio"], "address": {"name": "Avenida de la Ilustración, 51. CC Imaginalia, 2005 Albacete España", "link": "https://maps.google.com/maps?saddr=&daddr=Avenida+de+la+Ilustraci%C3%B3n%2C+51.+CC+Imaginalia%2C+2005+Albacete+Espa%C3%B1a@39.008595,-1.879156"}, "webpage": "http://www.ginos.es/restaurante/cc-imaginalia?utm_source=directorios&utm_medium=organic&utm_campaign=estatica_directorios&utm_content=sitio_web", "email": null, "phone": "+34967600907"}}}