{"restaurant": {"ta_link": "https://www.tripadvisor.es/Restaurant_Review-g187486-d5489078-Reviews-Soho-Albacete_Province_of_Albacete_Castile_La_Mancha.html", "name": "Soho", "data": {"symbol": "€€ - €€€", "claimed": true, "schedule": {"dom": ["12:00", "16:00", "20:00", "00:00"], "lun": ["12:00", "16:00", "20:00", "00:00"], "mar": ["12:00", "16:00", "20:00", "00:00"], "mié": ["12:00", "16:00", "20:00", "00:00"], "jue": ["12:00", "16:00", "20:00", "00:00"], "vie": ["12:00", "16:00", "20:00", "00:00"], "sáb": ["12:00", "16:00", "20:00", "00:00"]}, "score_overall": 3.0, "ranking": 265, "travellers_choice": false, "score_food": 3.5, "score_service": 2.5, "score_price_quality": 3.0, "score_atmosphere": null, "price": {"lower": 3.0, "upper": 25.0}, "type": ["China", "Sushi", "Asiática", "Japonesa"], "special_diets": ["Opciones sin gluten"], "meals": ["Comidas", "Cenas"], "advantages": ["A domicilio", "Acceso para discapacitados", "Sirve alcohol", "Servicio de mesa", "Para llevar", "Reservas", "Capacidad"], "address": {"name": "Calle de Cristobal Lozano, 30, 02002 Albacete España", "link": "https://maps.google.com/maps?saddr=&daddr=Calle+de+Cristobal+Lozano%2C+30%2C+02002+Albacete+Espa%C3%B1a@38.98362,-1.853004"}, "webpage": "http://www.restaurantesoho.com/", "email": null, "phone": "+34 967 67 18 88"}}}