{"restaurant": {"ta_link": "https://www.tripadvisor.es/Restaurant_Review-g187486-d8786730-Reviews-El_Corner-Albacete_Province_of_Albacete_Castile_La_Mancha.html", "name": "El Corner", "data": {"symbol": "€€ - €€€", "claimed": false, "schedule": {"dom": ["08:30", "17:00"], "lun": ["08:30", "20:00"], "mar": ["08:30", "20:00"], "mié": ["08:30", "20:00"], "jue": ["08:30", "20:00"], "vie": ["08:30", "20:00"], "sáb": ["08:30", "20:00"]}, "score_overall": 4.5, "ranking": 55, "travellers_choice": false, "score_food": null, "score_service": null, "score_price_quality": null, "score_atmosphere": null, "price": {"lower": 8.0, "upper": 30.0}, "type": ["Española"], "special_diets": ["Opciones vegetarianas"], "meals": ["Desayuno", "Comidas", "Cenas", "Brunch"], "advantages": ["Reservas", "Acceso para discapacitados", "Servicio de mesa", "Capacidad"], "address": {"name": "Ciudad Deportiva Andres Iniesta, 02006 Albacete España", "link": "https://maps.google.com/maps?saddr=&daddr=Ciudad+Deportiva+Andres+Iniesta%2C+02006+Albacete+Espa%C3%B1a@38.967575,-1.852417"}, "webpage": "https://www.facebook.com/El-Corner-125608587520943", "email": "elcornerab@hotmail.com", "phone": "+34 607 59 59 43"}}}