{"restaurant": {"ta_link": "https://www.tripadvisor.es/Restaurant_Review-g187486-d23584295-Reviews-Taperia_Faeli-Albacete_Province_of_Albacete_Castile_La_Mancha.html", "name": "Taperia Faeli", "data": {"symbol": null, "claimed": false, "schedule": null, "score_overall": null, "ranking": null, "travellers_choice": false, "score_food": null, "score_service": null, "score_price_quality": null, "score_atmosphere": null, "price": {"lower": 6.0, "upper": 20.0}, "type": ["Alemana", "Europea", "Española", "Comedor", "Albanesa", "Argelina"], "special_diets": null, "meals": ["Desayuno", "Comidas", "Cenas"], "advantages": ["Aparcamiento disponible", "Vino y cerveza", "Acepta tarjetas de crédito", "Servicio de mesa"], "address": {"name": "Taperia Faeli, Albacete España", "link": "https://maps.google.com/maps?saddr=&daddr=Taperia+Faeli%2C+Albacete+Espa%C3%B1a@38.994267,-1.852519"}, "webpage": null, "email": null, "phone": null}}}