{"restaurant": {"ta_link": "https://www.tripadvisor.es/Restaurant_Review-g187486-d9974747-Reviews-Cafeteria_Vermut-Albacete_Province_of_Albacete_Castile_La_Mancha.html", "name": "Cafeteria Vermut", "data": {"symbol": "€€ - €€€", "claimed": false, "schedule": null, "score_overall": 3.5, "ranking": 130, "travellers_choice": false, "score_food": 4.0, "score_service": 3.5, "score_price_quality": 3.5, "score_atmosphere": null, "price": {"lower": 5.0, "upper": 9.0}, "type": ["Española"], "special_diets": ["Opciones vegetarianas", "Opciones veganas"], "meals": ["Desayuno", "Comidas", "Cenas"], "advantages": ["Servicio de mesa", "Reservas", "Capacidad"], "address": {"name": "Calle de Martinez Villena 5, 02001 Albacete España", "link": "https://maps.google.com/maps?saddr=&daddr=Calle+de+Martinez+Villena+5%2C+02001+Albacete+Espa%C3%B1a@38.9959,-1.85546"}, "webpage": null, "email": null, "phone": null}}}