{"restaurant": {"ta_link": "https://www.tripadvisor.es/Restaurant_Review-g187486-d13747957-Reviews-Churreria_La_Milagrosa-Albacete_Province_of_Albacete_Castile_La_Mancha.html", "name": "Churrería La Milagrosa", "data": {"symbol": null, "claimed": false, "schedule": {"dom": ["07:30", "13:30"], "lun": ["07:30", "13:30"], "mar": ["07:30", "13:30"], "mié": ["07:30", "13:30"], "jue": ["07:30", "13:30"], "vie": ["07:30", "13:30"], "sáb": ["07:30", "13:30"]}, "score_overall": 4.5, "ranking": 183, "travellers_choice": false, "score_food": null, "score_service": null, "score_price_quality": null, "score_atmosphere": null, "price": {"lower": 10.0, "upper": 30.0}, "type": ["Española", "Barbacoa"], "special_diets": ["Opciones veganas"], "meals": ["Desayuno", "Comidas"], "advantages": ["Reservas", "Aparcamiento disponible", "Aparcamiento en la calle", "Parking gratis/reducido con validación de ticket", "Estacionamiento gratuito en la calle", "Televisión", "Acceso para discapacitados", "Sirve alcohol", "Bar completo", "Vino y cerveza", "Acepta Mastercard", "Acepta Visa", "Wifi gratuito", "Para llevar", "Terraza exterior", "Capacidad", "Tronas disponibles", "Servicio de mesa"], "address": {"name": "Calle Tinte 6, 02001 Albacete España", "link": "https://maps.google.com/maps?saddr=&daddr=Calle+Tinte+6%2C+02001+Albacete+Espa%C3%B1a@38.99298,-1.856234"}, "webpage": null, "email": null, "phone": "+34 967 66 99 22"}}}