{"restaurant": {"ta_link": "https://www.tripadvisor.es/Restaurant_Review-g187486-d12321074-Reviews-Cafe_Fokus-Albacete_Province_of_Albacete_Castile_La_Mancha.html", "name": "Cafe Fokus", "data": {"symbol": null, "claimed": false, "schedule": null, "score_overall": 3.0, "ranking": 268, "travellers_choice": false, "score_food": null, "score_service": null, "score_price_quality": null, "score_atmosphere": null, "price": null, "type": null, "special_diets": null, "meals": null, "advantages": null, "address": {"name": "Avenida del Arquitecto Julio Carriler 2, 02005 Albacete España", "link": "https://maps.google.com/maps?saddr=&daddr=Avenida+del+Arquitecto+Julio+Carriler+2%2C+02005+Albacete+Espa%C3%B1a@39.00025,-1.86181"}, "webpage": null, "email": null, "phone": null}}}