{"restaurant": {"ta_link": "https://www.tripadvisor.es/Restaurant_Review-g187486-d17557648-Reviews-El_Salteno_Restaurante_Argentino-Albacete_Province_of_Albacete_Castile_La_Mancha.html", "name": "El Salteño Restaurante Argentino", "data": {"symbol": "€€ - €€€", "claimed": true, "schedule": {"dom": ["13:00", "16:30"], "mar": ["13:00", "16:30", "20:30", "00:00"], "mié": ["13:00", "16:30", "20:30", "00:00"], "jue": ["13:00", "16:30", "20:30", "00:00"], "vie": ["13:00", "16:30", "20:30", "00:00"], "sáb": ["13:00", "16:30", "20:30", "00:00"]}, "score_overall": 4.5, "ranking": 3, "travellers_choice": false, "score_food": null, "score_service": null, "score_price_quality": null, "score_atmosphere": null, "price": {"lower": 15.0, "upper": 30.0}, "type": ["Restaurante de carne", "Barbacoa", "Argentina", "Latina", "Sudamericana"], "special_diets": ["Opciones vegetarianas"], "meals": ["Comidas", "Cenas", "Bebidas"], "advantages": ["Reservas", "Sirve alcohol", "Servicio de mesa", "Capacidad", "Acceso para discapacitados", "Acepta tarjetas de crédito"], "address": {"name": "Calle de Concepción 35, 02002 Albacete España", "link": "https://maps.google.com/maps?saddr=&daddr=Calle+de+Concepci%C3%B3n+35%2C+02002+Albacete+Espa%C3%B1a@38.99303,-1.85237"}, "webpage": "http://www.elsalteno.es/", "email": "elsalteno@elsalteno.es", "phone": "+34 611 19 14 94"}}}