{"restaurant": {"ta_link": "https://www.tripadvisor.es/Restaurant_Review-g187486-d985914-Reviews-Nuestro_Bar-Albacete_Province_of_Albacete_Castile_La_Mancha.html", "name": "Restaurante Nuestro Bar", "data": {"symbol": "€€ - €€€", "claimed": true, "schedule": {"dom": ["13:00", "17:00"], "lun": ["13:00", "17:00"], "mar": ["13:00", "17:00"], "jue": ["13:00", "17:00", "21:00", "00:00"], "vie": ["13:00", "17:00", "21:00", "00:00"], "sáb": ["13:00", "17:00", "21:00", "00:00"]}, "score_overall": 4.0, "ranking": 13, "travellers_choice": true, "score_food": 4.0, "score_service": 4.0, "score_price_quality": 3.5, "score_atmosphere": 4.0, "price": {"lower": 17.0, "upper": 75.0}, "type": ["Mediterránea", "Española"], "special_diets": ["Opciones vegetarianas", "Opciones veganas", "Opciones sin gluten"], "meals": ["Comidas", "Cenas", "Abierto hasta tarde", "Bebidas"], "advantages": ["Reservas", "Restaurante privado", "Capacidad", "Aparcamiento disponible", "Tronas disponibles", "Acceso para discapacitados", "Sirve alcohol", "Bar completo", "Acepta tarjetas de crédito", "Servicio de mesa"], "address": {"name": "Calle Alcalde Conangla, 102 BAJO, 02002 Albacete España", "link": "https://maps.google.com/maps?saddr=&daddr=Calle+Alcalde+Conangla%2C+102+BAJO%2C+02002+Albacete+Espa%C3%B1a@38.989765,-1.848748"}, "webpage": "http://www.nuestrobar.es/", "email": "reservas@nuestrobar.es", "phone": "+34 967 24 33 73"}}}