{"restaurant": {"ta_link": "https://www.tripadvisor.es/Restaurant_Review-g187486-d22861348-Reviews-Burger_King-Albacete_Province_of_Albacete_Castile_La_Mancha.html", "name": "Burger King", "data": {"symbol": null, "claimed": false, "schedule": null, "score_overall": null, "ranking": null, "travellers_choice": false, "score_food": null, "score_service": null, "score_price_quality": null, "score_atmosphere": null, "price": null, "type": null, "special_diets": null, "meals": null, "advantages": null, "address": {"name": "Av. de la Ilustración, 54, 02005 Albacete España", "link": "https://maps.google.com/maps?saddr=&daddr=Av.+de+la+Ilustraci%C3%B3n%2C+54%2C+02005+Albacete+Espa%C3%B1a@39.002804,-1.870098"}, "webpage": "http://www.burgerking.es/", "email": null, "phone": "+34 967 21 36 80"}}}