{"restaurant": {"ta_link": "https://www.tripadvisor.es/Restaurant_Review-g187486-d13400924-Reviews-Pizza_Ricoli-Albacete_Province_of_Albacete_Castile_La_Mancha.html", "name": "Pizza Ricoli", "data": {"symbol": "€", "claimed": false, "schedule": null, "score_overall": 3.0, "ranking": 13, "travellers_choice": false, "score_food": null, "score_service": null, "score_price_quality": null, "score_atmosphere": null, "price": {"lower": 2.0, "upper": 15.0}, "type": ["Pizza", "Comida rápida"], "special_diets": null, "meals": ["Comidas", "Cenas"], "advantages": ["Reservas"], "address": {"name": "Calle María Marín, 31, 02003 Albacete España", "link": "https://maps.google.com/maps?saddr=&daddr=Calle+Mar%C3%ADa+Mar%C3%ADn%2C+31%2C+02003+Albacete+Espa%C3%B1a@38.988876,-1.86197"}, "webpage": "http://www.pizzaricolialbacete.com/", "email": "Pizzasricoli@gmail.com", "phone": "+34 967 04 38 66"}}}