{"restaurant": {"ta_link": "https://www.tripadvisor.es/Restaurant_Review-g187486-d4830100-Reviews-Entreamigos_II-Albacete_Province_of_Albacete_Castile_La_Mancha.html", "name": "Entreamigos II", "data": {"symbol": "€€ - €€€", "claimed": false, "schedule": null, "score_overall": 4.0, "ranking": 70, "travellers_choice": false, "score_food": 3.5, "score_service": 3.5, "score_price_quality": 3.5, "score_atmosphere": null, "price": {"lower": 8.0, "upper": 30.0}, "type": ["Mediterránea", "Española"], "special_diets": ["Opciones vegetarianas"], "meals": ["Comidas", "Cenas"], "advantages": ["Capacidad", "Acceso para discapacitados", "Sirve alcohol", "Reservas", "Servicio de mesa"], "address": {"name": "Avenida Arquitecto Julio Carriler 46, 02005 Albacete España", "link": "https://maps.google.com/maps?saddr=&daddr=Avenida+Arquitecto+Julio+Carriler+46%2C+02005+Albacete+Espa%C3%B1a@38.997738,-1.866466"}, "webpage": "http://www.restauranteentreamigos.es/", "email": null, "phone": "+34 967 66 62 94"}}}