{"restaurant": {"ta_link": "https://www.tripadvisor.es/Restaurant_Review-g187486-d8401749-Reviews-Marlo-Albacete_Province_of_Albacete_Castile_La_Mancha.html", "name": "Marlo", "data": {"symbol": "€€ - €€€", "claimed": true, "schedule": {"dom": ["11:30", "17:00"], "lun": ["11:30", "17:00", "19:30", "23:45"], "mar": ["11:30", "17:00", "19:30", "23:45"], "mié": ["11:30", "17:00", "19:30", "23:45"], "jue": ["11:30", "17:00", "19:30", "23:45"], "vie": ["11:30", "17:00", "19:30", "23:45"], "sáb": ["11:30", "17:00", "19:30", "23:45"]}, "score_overall": 4.5, "ranking": 25, "travellers_choice": false, "score_food": 4.5, "score_service": 4.5, "score_price_quality": 4.5, "score_atmosphere": 4.5, "price": {"lower": 10.0, "upper": 40.0}, "type": ["Japonesa", "Mediterránea", "Sushi", "Española"], "special_diets": ["Opciones sin gluten", "Opciones vegetarianas", "Opciones veganas"], "meals": ["Comidas", "Cenas"], "advantages": ["Para llevar", "Reservas", "Terraza exterior", "Capacidad", "Televisión", "Tronas disponibles", "Acceso para discapacitados", "Sirve alcohol", "Bar completo", "Vino y cerveza", "Acepta American Express", "Acepta Mastercard", "Acepta Visa", "Wifi gratuito", "Acepta tarjetas de crédito", "Servicio de mesa"], "address": {"name": "Paseo Circunvalacion 86, 02006 Albacete España", "link": "https://maps.google.com/maps?saddr=&daddr=Paseo+Circunvalacion+86%2C+02006+Albacete+Espa%C3%B1a@38.98793,-1.867466"}, "webpage": "http://www.cateringmarlo.es/marlo-sushi/", "email": null, "phone": "+34 967 50 64 75"}}}