{"restaurant": {"ta_link": "https://www.tripadvisor.es/Restaurant_Review-g187486-d10157697-Reviews-Tasca_Cristina-Albacete_Province_of_Albacete_Castile_La_Mancha.html", "name": "Tasca Cristina", "data": {"symbol": null, "claimed": false, "schedule": null, "score_overall": 1.5, "ranking": 24, "travellers_choice": false, "score_food": null, "score_service": null, "score_price_quality": null, "score_atmosphere": null, "price": {"lower": 3.0, "upper": 15.0}, "type": ["Bar", "Pub"], "special_diets": ["Opciones vegetarianas"], "meals": ["Comidas", "Cenas"], "advantages": ["Acceso para discapacitados"], "address": {"name": "Calle Feria S/N, 02004 Albacete España", "link": "https://maps.google.com/maps?saddr=&daddr=Calle+Feria+S%2FN%2C+02004+Albacete+Espa%C3%B1a@38.99637,-1.86549"}, "webpage": "https://www.facebook.com/Tasca-Cristina-821223214639904/", "email": null, "phone": null}}}