{"restaurant": {"ta_link": "https://www.tripadvisor.es/Restaurant_Review-g187486-d12445669-Reviews-Gondola_Cafe-Albacete_Province_of_Albacete_Castile_La_Mancha.html", "name": "Gondola Cafe", "data": {"symbol": null, "claimed": false, "schedule": null, "score_overall": 3.5, "ranking": 243, "travellers_choice": false, "score_food": null, "score_service": null, "score_price_quality": null, "score_atmosphere": null, "price": null, "type": null, "special_diets": null, "meals": null, "advantages": null, "address": {"name": "Centro Commercial Imaginalia, Albacete España", "link": "https://maps.google.com/maps?saddr=&daddr=Centro+Commercial+Imaginalia%2C+Albacete+Espa%C3%B1a@39.0084,-1.8781"}, "webpage": null, "email": null, "phone": "+34 967 67 07 86"}}}