{"restaurant": {"ta_link": "https://www.tripadvisor.es/Restaurant_Review-g187486-d16732849-Reviews-La_Escuela_de_Hosteleria_El_Sembrador-Albacete_Province_of_Albacete_Castile_La_M.html", "name": "La Escuela de Hostelería El Sembrador", "data": {"symbol": "€€ - €€€", "claimed": true, "schedule": {"lun": ["13:30", "16:30"], "mar": ["13:30", "16:30"], "mié": ["13:30", "16:30"], "jue": ["13:30", "16:30"], "vie": ["13:30", "16:30", "20:00", "00:00"], "sáb": ["13:30", "16:30", "20:00", "00:00"]}, "score_overall": 4.0, "ranking": 90, "travellers_choice": false, "score_food": 4.5, "score_service": 4.0, "score_price_quality": 4.0, "score_atmosphere": null, "price": {"lower": 11.0, "upper": 43.0}, "type": ["Española", "Mediterránea"], "special_diets": ["Opciones sin gluten"], "meals": ["Comidas", "Cenas"], "advantages": ["Reservas", "Capacidad", "Servicio de mesa", "Tronas disponibles", "Acceso para discapacitados", "Sirve alcohol", "Vino y cerveza", "Wifi gratuito", "Acepta tarjetas de crédito"], "address": {"name": "Calle de Sancho Panza 10, 02006 Albacete España", "link": "https://maps.google.com/maps?saddr=&daddr=Calle+de+Sancho+Panza+10%2C+02006+Albacete+Espa%C3%B1a@38.98147,-1.85506"}, "webpage": "http://escuelahosteleriaelsembrador.org/", "email": "sala@escuelahosteleriaelsembrador.org", "phone": "+34 655 53 23 95"}}}