{"restaurant": {"ta_link": "https://www.tripadvisor.es/Restaurant_Review-g187486-d15026814-Reviews-Bar_Taperia_Princesa-Albacete_Province_of_Albacete_Castile_La_Mancha.html", "name": "Bar Tapería Princesa", "data": {"symbol": "€", "claimed": false, "schedule": null, "score_overall": 3.0, "ranking": 183, "travellers_choice": false, "score_food": null, "score_service": null, "score_price_quality": null, "score_atmosphere": null, "price": {"lower": 2.0, "upper": 15.0}, "type": ["Española"], "special_diets": null, "meals": ["Comidas", "Cenas"], "advantages": ["Reservas"], "address": {"name": "Calle del Arquitecto Vandelvira 81, 02004 Albacete España", "link": "https://maps.google.com/maps?saddr=&daddr=Calle+del+Arquitecto+Vandelvira+81%2C+02004+Albacete+Espa%C3%B1a@38.991104,-1.866632"}, "webpage": "https://www.facebook.com/Bar-Taper%C3%ADa-Princesa-798999796847757/", "email": null, "phone": "+34 967 61 04 08"}}}