{"restaurant": {"ta_link": "https://www.tripadvisor.es/Restaurant_Review-g187486-d14008319-Reviews-Pizzeria_Angela_il_Gusto_Dell_italia-Albacete_Province_of_Albacete_Castile_La_Ma.html", "name": "Pizzeria Angela il Gusto Dell”italia", "data": {"symbol": "€€ - €€€", "claimed": true, "schedule": {"dom": ["13:00", "16:00", "20:00", "00:00"], "mar": ["20:00", "00:00"], "mié": ["20:00", "00:00"], "jue": ["20:00", "00:00"], "vie": ["20:00", "00:00"], "sáb": ["13:00", "16:00", "20:00", "00:00"]}, "score_overall": 4.5, "ranking": 3, "travellers_choice": false, "score_food": null, "score_service": null, "score_price_quality": null, "score_atmosphere": null, "price": {"lower": 10.0, "upper": 30.0}, "type": ["Pizza", "Italiana"], "special_diets": ["Opciones veganas"], "meals": ["Comidas", "Cenas", "Bebidas"], "advantages": ["Para llevar", "Reservas", "Aparcamiento en la calle", "Tronas disponibles", "Acceso para discapacitados", "Acepta tarjetas de crédito", "Servicio de mesa"], "address": {"name": "Simone de Beauvoir, 3 Cerca del centro comercial Imaginalia, 02005 Albacete España", "link": "https://maps.google.com/maps?saddr=&daddr=Simone+de+Beauvoir%2C+3+Cerca+del+centro+comercial+Imaginalia%2C+02005+Albacete+Espa%C3%B1a@39.006565,-1.871501"}, "webpage": "https://www.facebook.com/Pizzeria-Angela-il-Gusto-Dellitalia-182342819221146/", "email": "pizzeriaangelailgustodelitalia@gmail.com", "phone": "+34 967 60 12 66"}}}