{"restaurant": {"ta_link": "https://www.tripadvisor.es/Restaurant_Review-g187486-d13985959-Reviews-The_Way-Albacete_Province_of_Albacete_Castile_La_Mancha.html", "name": "The Way", "data": {"symbol": "€", "claimed": false, "schedule": null, "score_overall": 1.0, "ranking": 15, "travellers_choice": false, "score_food": null, "score_service": null, "score_price_quality": null, "score_atmosphere": null, "price": null, "type": ["Bar", "Café", "Comida rápida", "Europea", "Española", "Pub", "Centroeuropea"], "special_diets": null, "meals": null, "advantages": null, "address": {"name": "Zapateros, 28, Albacete España", "link": "https://maps.google.com/maps?saddr=&daddr=Zapateros%2C+28%2C+Albacete+Espa%C3%B1a@38.996613,-1.858097"}, "webpage": "https://www.facebook.com/thewaycafebaralbacete/", "email": null, "phone": "+34 620 38 05 69"}}}