{"restaurant": {"ta_link": "https://www.tripadvisor.es/Restaurant_Review-g187486-d15696331-Reviews-Restaurante_Yahoo-Albacete_Province_of_Albacete_Castile_La_Mancha.html", "name": "Restaurante Yahoo", "data": {"symbol": null, "claimed": false, "schedule": null, "score_overall": 5.0, "ranking": 141, "travellers_choice": false, "score_food": null, "score_service": null, "score_price_quality": null, "score_atmosphere": null, "price": null, "type": null, "special_diets": null, "meals": null, "advantages": null, "address": {"name": "Carretera de Jaen. 58, 02006 Albacete España", "link": "https://maps.google.com/maps?saddr=&daddr=Carretera+de+Jaen.+58%2C+02006+Albacete+Espa%C3%B1a@38.99257,-1.87558"}, "webpage": null, "email": null, "phone": "+34 967 02 41 38"}}}