{"restaurant": {"ta_link": "https://www.tripadvisor.es/Restaurant_Review-g187486-d13426091-Reviews-Cafe_Central-Albacete_Province_of_Albacete_Castile_La_Mancha.html", "name": "Café Central", "data": {"symbol": "€€ - €€€", "claimed": false, "schedule": null, "score_overall": 4.0, "ranking": 109, "travellers_choice": false, "score_food": null, "score_service": 4.0, "score_price_quality": 4.0, "score_atmosphere": null, "price": null, "type": ["Española"], "special_diets": ["Opciones sin gluten"], "meals": ["Desayuno"], "advantages": ["Reservas", "Acceso para discapacitados", "Para llevar", "Capacidad", "Servicio de mesa"], "address": {"name": "Plaza Constitución 7, 02001 Albacete España", "link": "https://maps.google.com/maps?saddr=&daddr=Plaza+Constituci%C3%B3n+7%2C+02001+Albacete+Espa%C3%B1a@38.99492,-1.85598"}, "webpage": "https://www.facebook.com/cafecentralalbacete/", "email": null, "phone": null}}}