{"restaurant": {"ta_link": "https://www.tripadvisor.es/Restaurant_Review-g187486-d18548463-Reviews-Cafestore-Albacete_Province_of_Albacete_Castile_La_Mancha.html", "name": "Cafestore", "data": {"symbol": null, "claimed": true, "schedule": null, "score_overall": 2.5, "ranking": 14, "travellers_choice": false, "score_food": null, "score_service": null, "score_price_quality": null, "score_atmosphere": null, "price": {"lower": 4.0, "upper": 8.0}, "type": ["Café", "Comida rápida", "Española"], "special_diets": null, "meals": null, "advantages": ["Capacidad", "Servicio de mesa", "Para llevar", "Reservas"], "address": {"name": "A-31, 02007 Albacete España", "link": "https://maps.google.com/maps?saddr=&daddr=A-31%2C+02007+Albacete+Espa%C3%B1a@39.02402,-1.87197"}, "webpage": null, "email": null, "phone": "+34 915 43 36 20"}}}