{"restaurant": {"ta_link": "https://www.tripadvisor.es/Restaurant_Review-g187486-d18892571-Reviews-Rincon_de_Cervantes-Albacete_Province_of_Albacete_Castile_La_Mancha.html", "name": "Rincón de Cervantes", "data": {"symbol": null, "claimed": false, "schedule": null, "score_overall": 3.0, "ranking": 253, "travellers_choice": false, "score_food": null, "score_service": null, "score_price_quality": null, "score_atmosphere": null, "price": null, "type": null, "special_diets": null, "meals": null, "advantages": null, "address": {"name": "Av. Ramón Menéndez Pidal, 58, 02005 Albacete España", "link": "https://maps.google.com/maps?saddr=&daddr=Av.+Ram%C3%B3n+Men%C3%A9ndez+Pidal%2C+58%2C+02005+Albacete+Espa%C3%B1a@39.00316,-1.86476"}, "webpage": null, "email": null, "phone": null}}}