{"restaurant": {"ta_link": "https://www.tripadvisor.es/Restaurant_Review-g187486-d21009159-Reviews-Cafe_Bar_Jara-Albacete_Province_of_Albacete_Castile_La_Mancha.html", "name": "Café Bar Jara", "data": {"symbol": null, "claimed": false, "schedule": null, "score_overall": null, "ranking": null, "travellers_choice": false, "score_food": null, "score_service": null, "score_price_quality": null, "score_atmosphere": null, "price": null, "type": ["Bar", "Mediterránea", "Española", "Pub", "Bares para comer"], "special_diets": null, "meals": null, "advantages": null, "address": {"name": "Calle de Vicente Aleixandre 6, 02001 Albacete España", "link": "https://maps.google.com/maps?saddr=&daddr=Calle+de+Vicente+Aleixandre+6%2C+02001+Albacete+Espa%C3%B1a@38.998775,-1.851376"}, "webpage": null, "email": null, "phone": null}}}