{"restaurant": {"ta_link": "https://www.tripadvisor.es/Restaurant_Review-g187486-d13320018-Reviews-Churreria_San_Agustin-Albacete_Province_of_Albacete_Castile_La_Mancha.html", "name": "Churreria San Agustin", "data": {"symbol": null, "claimed": true, "schedule": {"dom": ["06:00", "12:00"], "lun": ["06:00", "12:00"], "mar": ["06:00", "12:00"], "jue": ["06:00", "12:00"], "vie": ["06:00", "12:00"], "sáb": ["06:00", "12:00"]}, "score_overall": 5.0, "ranking": 203, "travellers_choice": false, "score_food": null, "score_service": null, "score_price_quality": null, "score_atmosphere": null, "price": {"lower": 7.0, "upper": 15.0}, "type": ["Americana", "Española", "Mediterránea"], "special_diets": null, "meals": ["Desayuno", "Brunch", "Bebidas"], "advantages": ["Servicio de mesa", "Reservas", "Capacidad", "Acceso para discapacitados"], "address": {"name": "Calle San Agustín 9 Calle el muelle, 02001 Albacete España", "link": "https://maps.google.com/maps?saddr=&daddr=Calle+San+Agust%C3%ADn+9+Calle+el+muelle%2C+02001+Albacete+Espa%C3%B1a@38.99436,-1.85233"}, "webpage": "https://churreriasanagustin.negocio.site/", "email": "juanamanecechurreri@gmail.com", "phone": "+34 636 46 60 18"}}}