{"restaurant": {"ta_link": "https://www.tripadvisor.es/Restaurant_Review-g187486-d5000079-Reviews-Los_Zagales-Albacete_Province_of_Albacete_Castile_La_Mancha.html", "name": "Los Zagales", "data": {"symbol": "€€ - €€€", "claimed": false, "schedule": {"dom": ["11:30", "17:30", "20:00", "23:30"], "lun": ["11:30", "17:30", "20:00", "23:30"], "mar": ["11:30", "17:30", "20:00", "23:30"], "mié": ["11:30", "17:30", "20:00", "23:30"], "jue": ["11:30", "17:30", "20:00", "23:30"], "vie": ["11:30", "17:30", "20:00", "23:30"], "sáb": ["11:30", "17:30", "20:00", "23:30"]}, "score_overall": 3.5, "ranking": 111, "travellers_choice": false, "score_food": 4.0, "score_service": 3.5, "score_price_quality": 3.5, "score_atmosphere": null, "price": {"lower": 4.0, "upper": 20.0}, "type": ["Española", "Mediterránea"], "special_diets": null, "meals": ["Comidas", "Cenas"], "advantages": ["Servicio de mesa", "Reservas", "Capacidad", "Sirve alcohol"], "address": {"name": "Plaza Isabel II 3, 02005 Albacete España", "link": "https://maps.google.com/maps?saddr=&daddr=Plaza+Isabel+II+3%2C+02005+Albacete+Espa%C3%B1a@38.9995,-1.86097"}, "webpage": "http://loszagales.com/", "email": null, "phone": "+34 983 35 15 25"}}}