{"restaurant": {"ta_link": "https://www.tripadvisor.es/Restaurant_Review-g187486-d7734448-Reviews-Cafe_Chamonix-Albacete_Province_of_Albacete_Castile_La_Mancha.html", "name": "Café Chamonix", "data": {"symbol": "€", "claimed": false, "schedule": null, "score_overall": 4.0, "ranking": 11, "travellers_choice": false, "score_food": null, "score_service": null, "score_price_quality": null, "score_atmosphere": null, "price": null, "type": ["Española", "Café"], "special_diets": null, "meals": ["Abierto hasta tarde", "Bebidas", "Desayuno", "Comidas", "Cenas"], "advantages": ["Reservas", "Capacidad", "Acceso para discapacitados", "Servicio de mesa"], "address": {"name": "Avenida Espana 20, 02002 Albacete España", "link": "https://maps.google.com/maps?saddr=&daddr=Avenida+Espana+20%2C+02002+Albacete+Espa%C3%B1a@38.98419,-1.85402"}, "webpage": null, "email": null, "phone": "+34 967 60 79 37"}}}