{"restaurant": {"ta_link": "https://www.tripadvisor.es/Restaurant_Review-g187486-d7717592-Reviews-Don_Asado-Albacete_Province_of_Albacete_Castile_La_Mancha.html", "name": "Don Asado", "data": {"symbol": "€", "claimed": false, "schedule": null, "score_overall": 4.5, "ranking": 94, "travellers_choice": false, "score_food": null, "score_service": 4.0, "score_price_quality": 4.5, "score_atmosphere": null, "price": {"lower": 13.0, "upper": 24.0}, "type": ["Española"], "special_diets": ["Opciones veganas"], "meals": ["Cenas"], "advantages": ["Reservas", "Acceso para discapacitados", "Servicio de mesa"], "address": {"name": "Calle Miguel Servet 8, 02006 Albacete España", "link": "https://maps.google.com/maps?saddr=&daddr=Calle+Miguel+Servet+8%2C+02006+Albacete+Espa%C3%B1a@38.99779,-1.87349"}, "webpage": null, "email": null, "phone": "+34 967 50 84 54"}}}