{"restaurant": {"ta_link": "https://www.tripadvisor.es/Restaurant_Review-g187486-d15123183-Reviews-Cuba_Cafe-Albacete_Province_of_Albacete_Castile_La_Mancha.html", "name": "Cuba Café", "data": {"symbol": "€", "claimed": true, "schedule": {"dom": ["08:00", "00:00"], "lun": ["08:00", "00:00"], "mar": ["08:00", "00:00"], "mié": ["08:00", "00:00"], "jue": ["08:00", "00:00"], "vie": ["08:00", "00:00"], "sáb": ["08:00", "00:00"]}, "score_overall": 3.0, "ranking": 24, "travellers_choice": false, "score_food": null, "score_service": null, "score_price_quality": null, "score_atmosphere": null, "price": {"lower": 3.0, "upper": 10.0}, "type": ["Café"], "special_diets": null, "meals": ["Desayuno", "Comidas", "Cenas", "Bebidas"], "advantages": ["Sirve alcohol", "Wifi gratuito"], "address": {"name": "Calle Caba 11, 02001 Albacete España", "link": "https://maps.google.com/maps?saddr=&daddr=Calle+Caba+11%2C+02001+Albacete+Espa%C3%B1a@38.99321,-1.8581"}, "webpage": "http://cubacafe.negocio.site/?m=true", "email": null, "phone": "+34 967 66 81 85"}}}