{"restaurant": {"ta_link": "https://www.tripadvisor.es/Restaurant_Review-g187486-d14968047-Reviews-Krunch-Albacete_Province_of_Albacete_Castile_La_Mancha.html", "name": "Krunch", "data": {"symbol": "€", "claimed": true, "schedule": {"dom": ["13:00", "16:00", "19:30", "23:30"], "lun": ["13:00", "16:00", "19:30", "23:00"], "mar": ["13:00", "16:00", "19:30", "23:00"], "mié": ["13:00", "16:00", "19:30", "23:00"], "jue": ["13:00", "16:00", "19:30", "23:00"], "vie": ["13:00", "16:00", "19:30", "23:30"], "sáb": ["13:00", "16:00", "19:30", "23:30"]}, "score_overall": 4.5, "ranking": 126, "travellers_choice": false, "score_food": null, "score_service": null, "score_price_quality": null, "score_atmosphere": null, "price": {"lower": 5.0, "upper": 9.0}, "type": ["Mexicana", "Americana", "Mediterránea", "Europea", "Española", "Centroeuropea"], "special_diets": ["Opciones vegetarianas", "Opciones veganas"], "meals": ["Comidas", "Cenas", "Brunch", "Abierto hasta tarde", "Bebidas"], "advantages": ["A domicilio", "Para llevar", "Aparcamiento disponible", "Parking gratis/reducido con validación de ticket", "Acceso para discapacitados", "Acepta tarjetas de crédito", "Admite perros"], "address": {"name": "Avenida de la Ilustración, 51 Centro Comercial Imaginalia, local 57, 02005 Albacete España", "link": "https://maps.google.com/maps?saddr=&daddr=Avenida+de+la+Ilustraci%C3%B3n%2C+51+Centro+Comercial+Imaginalia%2C+local+57%2C+02005+Albacete+Espa%C3%B1a@39.00768,-1.880004"}, "webpage": "http://www.krunchalbacete.es/", "email": "info@krunchalbacete.es", "phone": "+34 967 24 11 10"}}}