{"restaurant": {"ta_link": "https://www.tripadvisor.es/Restaurant_Review-g187486-d7723179-Reviews-Motivos-Albacete_Province_of_Albacete_Castile_La_Mancha.html", "name": "Motivos", "data": {"symbol": "€€ - €€€", "claimed": true, "schedule": {"dom": ["13:00", "16:00"], "mié": ["13:00", "16:00", "20:00", "23:00"], "jue": ["13:00", "16:00", "20:00", "23:00"], "vie": ["13:00", "16:00", "20:00", "23:00"], "sáb": ["13:00", "16:00", "20:00", "23:00"]}, "score_overall": 4.5, "ranking": 4, "travellers_choice": true, "score_food": 4.5, "score_service": 4.5, "score_price_quality": 4.5, "score_atmosphere": null, "price": {"lower": 22.0, "upper": 50.0}, "type": ["Bar", "Mediterránea", "Española"], "special_diets": ["Opciones vegetarianas", "Opciones veganas", "Opciones sin gluten"], "meals": ["Comidas", "Cenas", "Brunch"], "advantages": ["Reservas", "Capacidad", "Acceso para discapacitados", "Sirve alcohol", "Bar completo", "Vino y cerveza", "Acepta Visa", "Wifi gratuito", "Acepta tarjetas de crédito", "Servicio de mesa"], "address": {"name": "calle tejares, Esquina Calle Jesus Nazareno, 02002 Albacete España", "link": "https://maps.google.com/maps?saddr=&daddr=calle+tejares%2C+Esquina+Calle+Jesus+Nazareno%2C+02002+Albacete+Espa%C3%B1a@38.991085,-1.853697"}, "webpage": "http://www.tabernamotivos.es/", "email": "tabernamotivos@hotmail.com", "phone": "+34 967 24 37 15"}}}