{"restaurant": {"ta_link": "https://www.tripadvisor.es/Restaurant_Review-g187486-d11712501-Reviews-Nazaret-Albacete_Province_of_Albacete_Castile_La_Mancha.html", "name": "Nazaret", "data": {"symbol": null, "claimed": false, "schedule": null, "score_overall": 4.5, "ranking": 9, "travellers_choice": false, "score_food": null, "score_service": null, "score_price_quality": null, "score_atmosphere": null, "price": null, "type": ["Restaurante de carne"], "special_diets": ["Opciones vegetarianas"], "meals": ["Comidas", "Desayuno", "Cenas", "Brunch"], "advantages": ["Reservas"], "address": {"name": "Calle del Arquitecto Vandelvira 44, 02003 Albacete España", "link": "https://maps.google.com/maps?saddr=&daddr=Calle+del+Arquitecto+Vandelvira+44%2C+02003+Albacete+Espa%C3%B1a@38.98877,-1.86393"}, "webpage": null, "email": null, "phone": null}}}