{"restaurant": {"ta_link": "https://www.tripadvisor.es/Restaurant_Review-g187486-d21285424-Reviews-Cafe_Bar_Frida-Albacete_Province_of_Albacete_Castile_La_Mancha.html", "name": "Café Bar Frida", "data": {"symbol": null, "claimed": false, "schedule": null, "score_overall": 4.0, "ranking": 230, "travellers_choice": false, "score_food": null, "score_service": null, "score_price_quality": null, "score_atmosphere": null, "price": null, "type": null, "special_diets": null, "meals": null, "advantages": null, "address": {"name": "Calle José Isbert, 7, 02001 Albacete España", "link": "https://maps.google.com/maps?saddr=&daddr=Calle+Jos%C3%A9+Isbert%2C+7%2C+02001+Albacete+Espa%C3%B1a@38.99682,-1.84937"}, "webpage": null, "email": null, "phone": null}}}