{"restaurant": {"ta_link": "https://www.tripadvisor.es/Restaurant_Review-g187486-d7991761-Reviews-El_Rincon_Gallego-Albacete_Province_of_Albacete_Castile_La_Mancha.html", "name": "El Rincon Gallego", "data": {"symbol": "€€ - €€€", "claimed": false, "schedule": null, "score_overall": 3.5, "ranking": 2, "travellers_choice": false, "score_food": 4.0, "score_service": 4.0, "score_price_quality": 3.0, "score_atmosphere": null, "price": {"lower": 5.0, "upper": 25.0}, "type": ["Marisco", "Española"], "special_diets": ["Opciones veganas"], "meals": ["Comidas", "Cenas"], "advantages": ["Reservas", "Terraza exterior", "Capacidad", "Televisión", "Acceso para discapacitados", "Sirve alcohol", "Acepta tarjetas de crédito", "Servicio de mesa"], "address": {"name": "Calle Teodoro Camino 3, 02001 Albacete España", "link": "https://maps.google.com/maps?saddr=&daddr=Calle+Teodoro+Camino+3%2C+02001+Albacete+Espa%C3%B1a@38.992554,-1.854321"}, "webpage": "http://www.facebook.com/Regadas-129448457452439/", "email": "reservas@rincongallego.es", "phone": "+34 967 21 14 94"}}}