{"restaurant": {"ta_link": "https://www.tripadvisor.es/Restaurant_Review-g187486-d6716258-Reviews-Cafe_Bar_Las_Buganvillas-Albacete_Province_of_Albacete_Castile_La_Mancha.html", "name": "Cafe Bar Las Buganvillas", "data": {"symbol": "€€ - €€€", "claimed": false, "schedule": {"dom": ["08:00", "00:30"], "mar": ["08:00", "00:30"], "mié": ["08:00", "00:30"], "jue": ["08:00", "00:30"], "vie": ["08:00", "00:30"], "sáb": ["08:00", "00:30"]}, "score_overall": 3.5, "ranking": 152, "travellers_choice": false, "score_food": 4.5, "score_service": 4.0, "score_price_quality": 4.5, "score_atmosphere": null, "price": {"lower": 9.0, "upper": 19.0}, "type": ["Española", "Mediterránea"], "special_diets": ["Opciones vegetarianas", "Opciones veganas"], "meals": ["Desayuno", "Comidas", "Cenas"], "advantages": ["Acceso para discapacitados", "Servicio de mesa", "Reservas", "Terraza exterior", "Capacidad"], "address": {"name": "Calle Arado 6, 02006 Albacete España", "link": "https://maps.google.com/maps?saddr=&daddr=Calle+Arado+6%2C+02006+Albacete+Espa%C3%B1a@38.98205,-1.859"}, "webpage": "http://www.facebook.com/pages/CAFE-BAR-LAS-BUGANVILLAS/279376648772642", "email": "lasbuganvillas@gmail.com", "phone": "+34 967 22 67 23"}}}