{"restaurant": {"ta_link": "https://www.tripadvisor.es/Restaurant_Review-g187486-d7892209-Reviews-Ricardo_s_Taperia-Albacete_Province_of_Albacete_Castile_La_Mancha.html", "name": "Ricardo's Taperia", "data": {"symbol": "€", "claimed": false, "schedule": null, "score_overall": 4.0, "ranking": 103, "travellers_choice": false, "score_food": 4.5, "score_service": 4.0, "score_price_quality": 4.5, "score_atmosphere": null, "price": {"lower": 25.0, "upper": 60.0}, "type": ["Española"], "special_diets": ["Opciones vegetarianas"], "meals": ["Cenas", "Brunch"], "advantages": ["Servicio de mesa", "Reservas", "Acceso para discapacitados"], "address": {"name": "Calle Lepanto 73, 02003 Albacete España", "link": "https://maps.google.com/maps?saddr=&daddr=Calle+Lepanto+73%2C+02003+Albacete+Espa%C3%B1a@38.987,-1.86574"}, "webpage": null, "email": null, "phone": "+34 967 51 19 59"}}}