{"restaurant": {"ta_link": "https://www.tripadvisor.es/Restaurant_Review-g187486-d999069-Reviews-La_Dehesa-Albacete_Province_of_Albacete_Castile_La_Mancha.html", "name": "La Dehesa", "data": {"symbol": null, "claimed": false, "schedule": null, "score_overall": 3.5, "ranking": 222, "travellers_choice": false, "score_food": null, "score_service": null, "score_price_quality": null, "score_atmosphere": null, "price": null, "type": null, "special_diets": null, "meals": null, "advantages": null, "address": {"name": "Murcia, 02006 Albacete España", "link": "https://maps.google.com/maps?saddr=&daddr=Murcia%2C+02006+Albacete+Espa%C3%B1a@38.97985,-1.84691"}, "webpage": null, "email": null, "phone": "+34 967 24 32 51"}}}