{"restaurant": {"ta_link": "https://www.tripadvisor.es/Restaurant_Review-g187486-d19718274-Reviews-Plantaciones-Albacete_Province_of_Albacete_Castile_La_Mancha.html", "name": "Plantaciones", "data": {"symbol": null, "claimed": false, "schedule": null, "score_overall": null, "ranking": null, "travellers_choice": false, "score_food": null, "score_service": null, "score_price_quality": null, "score_atmosphere": null, "price": {"lower": 6.0, "upper": 20.0}, "type": ["Española"], "special_diets": null, "meals": ["Cenas"], "advantages": ["Aparcamiento disponible", "Vino y cerveza", "Acepta tarjetas de crédito", "Servicio de mesa"], "address": {"name": "0 Avenida de Espana 16, 02002 Albacete España", "link": "https://maps.google.com/maps?saddr=&daddr=0+Avenida+de+Espana+16%2C+02002+Albacete+Espa%C3%B1a@38.98449,-1.85407"}, "webpage": null, "email": null, "phone": null}}}