{"restaurant": {"ta_link": "https://www.tripadvisor.es/Restaurant_Review-g187486-d23809983-Reviews-Ababol-Albacete_Province_of_Albacete_Castile_La_Mancha.html", "name": "Restaurante Ababol", "data": {"symbol": "€€€€", "claimed": true, "schedule": {"dom": ["01:45", "03:30", "08:45", "10:30"], "mié": ["13:45", "15:30", "20:45", "22:30"], "jue": ["13:45", "15:30", "20:45", "22:30"], "vie": ["13:45", "15:30", "20:45", "22:30"], "sáb": ["13:45", "15:30", "20:45", "22:30"]}, "score_overall": 4.5, "ranking": 11, "travellers_choice": false, "score_food": 4.5, "score_service": 5.0, "score_price_quality": 4.5, "score_atmosphere": null, "price": {"lower": 47.0, "upper": 128.0}, "type": ["Mediterránea", "Española"], "special_diets": ["Opciones vegetarianas", "Opciones veganas", "Opciones sin gluten"], "meals": ["Comidas", "Cenas"], "advantages": ["Reservas", "Acepta Mastercard", "Acepta Visa", "Tarjetas de regalo disponibles"], "address": {"name": "Calle Calderón De La Barca, 14 Local Izquierda, 02002 Albacete España", "link": "https://maps.google.com/maps?saddr=&daddr=Calle+Calder%C3%B3n+De+La+Barca%2C+14+Local+Izquierda%2C+02002+Albacete+Espa%C3%B1a@38.988705,-1.854221"}, "webpage": "http://www.restauranteababol.es/", "email": "reservas@restauranteababol.es", "phone": "+34 967 02 08 82"}}}