{"restaurant": {"ta_link": "https://www.tripadvisor.es/Restaurant_Review-g187486-d17756652-Reviews-Restaurante_Jimena-Albacete_Province_of_Albacete_Castile_La_Mancha.html", "name": "Restaurante Jimena", "data": {"symbol": "€€€€", "claimed": true, "schedule": {"dom": ["12:00", "18:00"], "lun": ["12:00", "18:00"], "mar": ["12:00", "00:00"], "mié": ["12:00", "00:00"], "jue": ["12:00", "00:00"], "vie": ["12:00", "00:00"], "sáb": ["12:00", "00:00"]}, "score_overall": 4.5, "ranking": 2, "travellers_choice": true, "score_food": 4.0, "score_service": 4.5, "score_price_quality": 3.5, "score_atmosphere": null, "price": {"lower": 15.0, "upper": 60.0}, "type": ["Mediterránea", "Española", "Saludable", "Fusión", "Pub restaurante"], "special_diets": ["Opciones sin gluten"], "meals": ["Comidas", "Cenas"], "advantages": ["Para llevar", "Reservas", "Terraza exterior", "Capacidad", "Acceso para discapacitados", "Sirve alcohol", "Bar completo", "Wifi gratuito", "Acepta tarjetas de crédito", "Servicio de mesa", "Vino y cerveza", "Tarjetas de regalo disponibles"], "address": {"name": "Calle Mayor Nº 63, 02002 Albacete España", "link": "https://maps.google.com/maps?saddr=&daddr=Calle+Mayor+N%C2%BA+63%2C+02002+Albacete+Espa%C3%B1a@38.99286,-1.85321"}, "webpage": "http://www.gcandela.com/", "email": "operaciones@gcandela.com", "phone": "+34 967 09 88 10"}}}