{"restaurant": {"ta_link": "https://www.tripadvisor.es/Restaurant_Review-g187486-d985925-Reviews-Restaurante_Campollano_SL-Albacete_Province_of_Albacete_Castile_La_Mancha.html", "name": "Restaurante Campollano SL.", "data": {"symbol": null, "claimed": false, "schedule": null, "score_overall": 3.0, "ranking": 286, "travellers_choice": false, "score_food": null, "score_service": null, "score_price_quality": null, "score_atmosphere": null, "price": null, "type": null, "special_diets": null, "meals": null, "advantages": null, "address": {"name": "Calle G N 42, 020007 Albacete España", "link": "https://maps.google.com/maps?saddr=&daddr=Calle+G+N+42%2C+020007+Albacete+Espa%C3%B1a@39.0251,-1.88543"}, "webpage": null, "email": null, "phone": "+34 967 24 17 14"}}}