{"restaurant": {"ta_link": "https://www.tripadvisor.es/Restaurant_Review-g187486-d7716102-Reviews-Dia_Noche-Albacete_Province_of_Albacete_Castile_La_Mancha.html", "name": "Dia &amp; Noche", "data": {"symbol": "€€ - €€€", "claimed": true, "schedule": null, "score_overall": 4.5, "ranking": 1, "travellers_choice": false, "score_food": 4.0, "score_service": 4.0, "score_price_quality": 4.0, "score_atmosphere": null, "price": {"lower": 10.0, "upper": 30.0}, "type": ["Mediterránea", "Italiana", "Pizza"], "special_diets": ["Opciones veganas"], "meals": ["Comidas", "Cenas"], "advantages": ["Para llevar", "Reservas", "Capacidad", "Sirve alcohol", "Servicio de mesa", "A domicilio", "Acceso para discapacitados"], "address": {"name": "Calle Julio Romero de Torres, 5 Bajo, 02001 Albacete España", "link": "https://maps.google.com/maps?saddr=&daddr=Calle+Julio+Romero+de+Torres%2C+5+Bajo%2C+02001+Albacete+Espa%C3%B1a@38.98872,-1.87616"}, "webpage": "http://pizzadiaynochealbacete.com/?utm_source=tripadvisor&utm_campaign=RestaurantePizzer%C3%ADaD%C3%ADa&Noche&utm_medium=tr-activation&utm_term=microsite", "email": "albakitkit@gmail.com", "phone": "+34 967 67 47 04"}}}