{"restaurant": {"ta_link": "https://www.tripadvisor.es/Restaurant_Review-g187486-d15210678-Reviews-Carretas_Street_Market-Albacete_Province_of_Albacete_Castile_La_Mancha.html", "name": "Carretas Street Market", "data": {"symbol": null, "claimed": false, "schedule": null, "score_overall": 3.0, "ranking": 186, "travellers_choice": false, "score_food": null, "score_service": null, "score_price_quality": null, "score_atmosphere": null, "price": null, "type": ["Española"], "special_diets": null, "meals": null, "advantages": null, "address": {"name": "Plaza Carretas 3, 02001 Albacete España", "link": "https://maps.google.com/maps?saddr=&daddr=Plaza+Carretas+3%2C+02001+Albacete+Espa%C3%B1a@38.992603,-1.851837"}, "webpage": "https://www.facebook.com/carretas.street.market/", "email": null, "phone": "+34 661 77 50 97"}}}