{"restaurant": {"ta_link": "https://www.tripadvisor.es/Restaurant_Review-g187486-d14049848-Reviews-Dakota-Albacete_Province_of_Albacete_Castile_La_Mancha.html", "name": "Dakota", "data": {"symbol": null, "claimed": false, "schedule": null, "score_overall": 4.0, "ranking": 192, "travellers_choice": false, "score_food": null, "score_service": null, "score_price_quality": null, "score_atmosphere": null, "price": {"lower": 6.0, "upper": 18.0}, "type": ["Mexicana", "Mediterránea", "Española"], "special_diets": ["Opciones veganas"], "meals": ["Desayuno", "Comidas", "Cenas", "Brunch", "Abierto hasta tarde", "Bebidas"], "advantages": ["Reservas", "Servicio de mesa", "A domicilio", "Para llevar", "Terraza exterior", "Capacidad", "Aparcamiento en la calle", "Estacionamiento gratuito en la calle", "Televisión", "Acceso para discapacitados", "Sirve alcohol", "Bar completo", "Vino y cerveza", "Pagos digitales", "Wifi gratuito", "Acepta tarjetas de crédito", "Zonas de juego"], "address": {"name": "Avenida España 10, 02002 Albacete España", "link": "https://maps.google.com/maps?saddr=&daddr=Avenida+Espa%C3%B1a+10%2C+02002+Albacete+Espa%C3%B1a@38.97862,-1.85239"}, "webpage": null, "email": null, "phone": "+34 687 53 03 64"}}}