{"restaurant": {"ta_link": "https://www.tripadvisor.es/Restaurant_Review-g187486-d10508713-Reviews-El_Rocin_II-Albacete_Province_of_Albacete_Castile_La_Mancha.html", "name": "El Rocín II", "data": {"symbol": "€€ - €€€", "claimed": false, "schedule": null, "score_overall": 3.5, "ranking": 80, "travellers_choice": false, "score_food": 3.5, "score_service": 3.5, "score_price_quality": 4.0, "score_atmosphere": null, "price": null, "type": ["Barbacoa", "Española", "Mediterránea"], "special_diets": null, "meals": ["Desayuno"], "advantages": ["Capacidad", "Acceso para discapacitados", "Servicio de mesa", "Reservas", "Sirve alcohol"], "address": {"name": "Autovia A31 Km.167, 02660 Albacete España", "link": "https://maps.google.com/maps?saddr=&daddr=Autovia+A31+Km.167%2C+02660+Albacete+Espa%C3%B1a@38.74429,-0.94867"}, "webpage": "https://www.facebook.com/elrocinII/", "email": "elrocin2@gmail.com", "phone": "+34 965 97 92 26"}}}