{"restaurant": {"ta_link": "https://www.tripadvisor.es/Restaurant_Review-g187486-d21124635-Reviews-Restaurante_Rubia_Y_tinto_By_Havana-Albacete_Province_of_Albacete_Castile_La_Man.html", "name": "Restaurante Rubia Y tinto By Havana", "data": {"symbol": null, "claimed": false, "schedule": {"mar": ["10:00", "00:00"], "mié": ["10:00", "00:00"], "jue": ["10:00", "00:00"], "vie": ["10:00", "00:00"], "sáb": ["10:00", "00:00"]}, "score_overall": 4.0, "ranking": 7, "travellers_choice": false, "score_food": null, "score_service": null, "score_price_quality": null, "score_atmosphere": null, "price": {"lower": 3.0, "upper": 9.0}, "type": ["Internacional", "Europea", "Española", "Fusión", "Colombiana", "Mediterránea", "Sudamericana"], "special_diets": ["Opciones vegetarianas"], "meals": ["Comidas", "Cenas"], "advantages": ["Reservas"], "address": {"name": "Calle El Muelle nº22, 02001 Albacete España", "link": "https://maps.google.com/maps?saddr=&daddr=Calle+El+Muelle+n%C2%BA22%2C+02001+Albacete+Espa%C3%B1a@38.99509,-1.852083"}, "webpage": "https://rubiaytintobyhavana.negocio.site/?utm_source=gmb&utm_medium=referral", "email": "rytbyhavana@gmail.com", "phone": "+34 623 35 70 77"}}}