{"restaurant": {"ta_link": "https://www.tripadvisor.es/Restaurant_Review-g187486-d14396994-Reviews-Cerveceria_taperia_El_Ave_Turuta-Albacete_Province_of_Albacete_Castile_La_Mancha.html", "name": "Cerveceria taperia El Ave Turuta", "data": {"symbol": "€€ - €€€", "claimed": false, "schedule": null, "score_overall": 4.5, "ranking": 63, "travellers_choice": false, "score_food": 4.0, "score_service": 4.0, "score_price_quality": 4.5, "score_atmosphere": null, "price": {"lower": 15.0, "upper": 30.0}, "type": ["Española", "Mediterránea"], "special_diets": ["Opciones vegetarianas"], "meals": ["Desayuno", "Cenas"], "advantages": ["Reservas", "Servicio de mesa", "Capacidad", "Acceso para discapacitados"], "address": {"name": "Calle Tejares 21, 02002 Albacete España", "link": "https://maps.google.com/maps?saddr=&daddr=Calle+Tejares+21%2C+02002+Albacete+Espa%C3%B1a@38.99114,-1.853585"}, "webpage": null, "email": null, "phone": "+34 967 61 20 87"}}}