{"restaurant": {"ta_link": "https://www.tripadvisor.es/Restaurant_Review-g187486-d13128503-Reviews-Halcon_Milenario_Gastrobar-Albacete_Province_of_Albacete_Castile_La_Mancha.html", "name": "Halcon Milenario Gastrobar", "data": {"symbol": "€€ - €€€", "claimed": true, "schedule": null, "score_overall": 3.5, "ranking": 107, "travellers_choice": false, "score_food": 3.5, "score_service": 3.5, "score_price_quality": 3.5, "score_atmosphere": null, "price": null, "type": ["Española", "Comida rápida"], "special_diets": ["Opciones sin gluten"], "meals": null, "advantages": ["Capacidad", "Acceso para discapacitados", "Reservas", "Servicio de mesa"], "address": {"name": "Calle Octavio Cuartero 62, 02004 Albacete España", "link": "https://maps.google.com/maps?saddr=&daddr=Calle+Octavio+Cuartero+62%2C+02004+Albacete+Espa%C3%B1a@38.99284,-1.86185"}, "webpage": "https://www.facebook.com/Halc%C3%B3n-milenario-gastro-bar-172053856695884/", "email": null, "phone": "+34 967 60 12 89"}}}