{"restaurant": {"ta_link": "https://www.tripadvisor.es/Restaurant_Review-g187486-d19332566-Reviews-La_Inox_C_B-Albacete_Province_of_Albacete_Castile_La_Mancha.html", "name": "La Inox C.B.", "data": {"symbol": null, "claimed": false, "schedule": null, "score_overall": null, "ranking": null, "travellers_choice": false, "score_food": null, "score_service": null, "score_price_quality": null, "score_atmosphere": null, "price": null, "type": ["Bar", "Café", "Comida rápida", "Española", "Pub"], "special_diets": null, "meals": ["Comidas", "Cenas"], "advantages": ["Reservas", "Terraza exterior", "Sirve alcohol", "Vino y cerveza", "Wifi gratuito", "Servicio de mesa", "Estilo familiar", "Restaurantes de no fumadores"], "address": {"name": "Calle Elisa Piqueras Lozano 1, 02006 Albacete España", "link": "https://maps.google.com/maps?saddr=&daddr=Calle+Elisa+Piqueras+Lozano+1%2C+02006+Albacete+Espa%C3%B1a@38.990456,-1.874989"}, "webpage": "https://www.facebook.com/people/Cafeter%C3%ADa-Taperia-Inox/100013473153362", "email": null, "phone": "+34 967 25 65 20"}}}