{"restaurant": {"ta_link": "https://www.tripadvisor.es/Restaurant_Review-g187486-d5795230-Reviews-Bar_El_Aguila_Virgen_del_Pilar-Albacete_Province_of_Albacete_Castile_La_Mancha.html", "name": "Bar El Aguila Virgen del Pilar", "data": {"symbol": "€", "claimed": false, "schedule": null, "score_overall": 3.0, "ranking": 7, "travellers_choice": false, "score_food": 4.0, "score_service": 3.5, "score_price_quality": 4.0, "score_atmosphere": null, "price": null, "type": ["Española", "Barbacoa"], "special_diets": null, "meals": ["Desayuno", "Cenas"], "advantages": ["Acceso para discapacitados", "Servicio de mesa", "Reservas", "Capacidad"], "address": {"name": "Virgen Del Pilar, 14 Las cañicas- ALBACETE, 02006 Albacete España", "link": "https://maps.google.com/maps?saddr=&daddr=Virgen+Del+Pilar%2C+14+Las+ca%C3%B1icas-+ALBACETE%2C+02006+Albacete+Espa%C3%B1a@39.00338,-1.86707"}, "webpage": null, "email": null, "phone": "+34 967 21 00 17"}}}