{"restaurant": {"ta_link": "https://www.tripadvisor.es/Restaurant_Review-g187486-d21492839-Reviews-Mixto-Albacete_Province_of_Albacete_Castile_La_Mancha.html", "name": "Mixto", "data": {"symbol": null, "claimed": false, "schedule": null, "score_overall": 4.0, "ranking": 7, "travellers_choice": false, "score_food": null, "score_service": null, "score_price_quality": null, "score_atmosphere": null, "price": null, "type": ["Italiana"], "special_diets": null, "meals": ["Desayuno"], "advantages": ["Reservas", "Servicio de mesa", "Capacidad", "Acceso para discapacitados"], "address": {"name": "0 Calle Raimundo Lulio 15 Junto A La Plaza De Toros, 02005 Albacete España", "link": "https://maps.google.com/maps?saddr=&daddr=0+Calle+Raimundo+Lulio+15+Junto+A+La+Plaza+De+Toros%2C+02005+Albacete+Espa%C3%B1a@38.99762,-1.86211"}, "webpage": null, "email": null, "phone": null}}}