{"restaurant": {"ta_link": "https://www.tripadvisor.es/Restaurant_Review-g187486-d1443665-Reviews-Restaurante_El_Quijote-Albacete_Province_of_Albacete_Castile_La_Mancha.html", "name": "Restaurante El Quijote", "data": {"symbol": "€€ - €€€", "claimed": true, "schedule": {"dom": ["07:30", "23:00"], "lun": ["07:30", "23:00"], "mar": ["07:30", "23:00"], "mié": ["07:30", "23:00"], "jue": ["07:30", "23:00"], "vie": ["07:30", "23:00"], "sáb": ["07:30", "23:00"]}, "score_overall": 3.5, "ranking": 6, "travellers_choice": false, "score_food": 3.5, "score_service": 3.0, "score_price_quality": 3.0, "score_atmosphere": null, "price": {"lower": 10.0, "upper": 30.0}, "type": ["Española", "Barbacoa"], "special_diets": ["Opciones veganas"], "meals": ["Abierto hasta tarde", "Desayuno", "Comidas", "Cenas"], "advantages": ["Reservas", "Aparcamiento disponible", "Aparcamiento en la calle", "Parking gratis/reducido con validación de ticket", "Estacionamiento gratuito en la calle", "Televisión", "Acceso para discapacitados", "Sirve alcohol", "Bar completo", "Vino y cerveza", "Acepta Mastercard", "Acepta Visa", "Wifi gratuito", "Para llevar", "Terraza exterior", "Capacidad", "Tronas disponibles", "Servicio de mesa"], "address": {"name": "Carretera de Jaén KM. 4,6, 02006 Albacete España", "link": "https://maps.google.com/maps?saddr=&daddr=Carretera+de+Ja%C3%A9n+KM.+4%2C6%2C+02006+Albacete+Espa%C3%B1a@38.99458,-1.872007"}, "webpage": "http://www.restaurantequijotealbacete.com/", "email": "info@restaurantequijotealbacete.com", "phone": "+34 661 77 56 38"}}}