{"restaurant": {"ta_link": "https://www.tripadvisor.es/Restaurant_Review-g187486-d2410640-Reviews-Taberna_La_Higuerica_Albacete-Albacete_Province_of_Albacete_Castile_La_Mancha.html", "name": "Taberna La Higuerica Albacete", "data": {"symbol": "€€ - €€€", "claimed": true, "schedule": {"lun": ["10:00", "16:00", "19:30", "00:00"], "mar": ["10:00", "16:00", "19:30", "00:00"], "mié": ["10:00", "16:00", "19:30", "00:00"], "jue": ["10:00", "16:00", "19:30", "00:00"], "vie": ["10:00", "16:00", "19:30", "00:00"], "sáb": ["11:00", "16:00", "20:00", "00:00"]}, "score_overall": 3.0, "ranking": 197, "travellers_choice": false, "score_food": 3.5, "score_service": 3.0, "score_price_quality": 3.5, "score_atmosphere": 3.0, "price": {"lower": 8.0, "upper": 15.0}, "type": ["Mediterránea", "Española"], "special_diets": null, "meals": ["Cenas"], "advantages": ["Capacidad", "Sirve alcohol", "Bar completo", "Acepta tarjetas de crédito", "Servicio de mesa", "Reservas", "Terraza exterior", "Televisión", "Vino y cerveza", "Restaurantes de no fumadores"], "address": {"name": "Calle del Cura 3, 02140 Albacete España", "link": "https://maps.google.com/maps?saddr=&daddr=Calle+del+Cura+3%2C+02140+Albacete+Espa%C3%B1a@38.995277,-1.856791"}, "webpage": "http://www.facebook.com/lahiguericaalbacete", "email": "lahiguericaalbacete@gmail.com", "phone": "+34 967 21 10 37"}}}