{"restaurant": {"ta_link": "https://www.tripadvisor.es/Restaurant_Review-g187486-d4932354-Reviews-El_Rincon_del_Campus-Albacete_Province_of_Albacete_Castile_La_Mancha.html", "name": "El Rincón del Campus", "data": {"symbol": "€€ - €€€", "claimed": false, "schedule": {"dom": ["08:00", "02:00"], "lun": ["08:00", "02:00"], "mar": ["08:00", "02:00"], "mié": ["08:00", "02:00"], "jue": ["08:00", "02:00"], "vie": ["08:00", "02:00"], "sáb": ["08:00", "02:00"]}, "score_overall": 4.0, "ranking": 70, "travellers_choice": false, "score_food": 4.0, "score_service": 4.0, "score_price_quality": 3.0, "score_atmosphere": null, "price": {"lower": 5.0, "upper": 25.0}, "type": ["Española", "Mediterránea"], "special_diets": ["Opciones veganas"], "meals": ["Cenas"], "advantages": ["Capacidad", "Acceso para discapacitados", "Servicio de mesa", "Reservas", "Terraza exterior", "Sirve alcohol"], "address": {"name": "Avenida Espana 71, 02008 Albacete España", "link": "https://maps.google.com/maps?saddr=&daddr=Avenida+Espana+71%2C+02008+Albacete+Espa%C3%B1a@38.97847,-1.8525"}, "webpage": "https://www.facebook.com/TaperiaElRinconDelCampus", "email": null, "phone": "+34 967 66 51 65"}}}