{"restaurant": {"ta_link": "https://www.tripadvisor.es/Restaurant_Review-g187486-d8726763-Reviews-Cafe_Bar_Janet-Albacete_Province_of_Albacete_Castile_La_Mancha.html", "name": "Café Bar Janet", "data": {"symbol": "€", "claimed": true, "schedule": {"dom": ["08:30", "00:00"], "lun": ["06:00", "00:00"], "mar": ["06:00", "00:00"], "mié": ["06:00", "00:00"], "jue": ["06:00", "00:00"], "vie": ["06:00", "00:00"], "sáb": ["06:00", "00:00"]}, "score_overall": 3.0, "ranking": 110, "travellers_choice": false, "score_food": 3.0, "score_service": 4.0, "score_price_quality": 3.5, "score_atmosphere": null, "price": {"lower": 9.0, "upper": 28.0}, "type": ["Española", "Bar", "Café", "Mediterránea", "Pub"], "special_diets": ["Opciones sin gluten"], "meals": ["Abierto hasta tarde", "Bebidas", "Desayuno", "Comidas", "Cenas", "Brunch"], "advantages": ["Servicio de mesa", "Reservas"], "address": {"name": "Calle Albarderos 14, 02004 Albacete España", "link": "https://maps.google.com/maps?saddr=&daddr=Calle+Albarderos+14%2C+02004+Albacete+Espa%C3%B1a@38.99509,-1.85927"}, "webpage": null, "email": "gestion@cafebarjanet.es", "phone": "+34 967 24 18 95"}}}