{"restaurant": {"ta_link": "https://www.tripadvisor.es/Restaurant_Review-g187486-d10424507-Reviews-Taperia_Alhambra-Albacete_Province_of_Albacete_Castile_La_Mancha.html", "name": "Taperia Alhambra", "data": {"symbol": "€", "claimed": false, "schedule": null, "score_overall": 3.0, "ranking": 129, "travellers_choice": false, "score_food": 3.0, "score_service": 3.0, "score_price_quality": 3.5, "score_atmosphere": null, "price": {"lower": 5.0, "upper": 9.0}, "type": ["Mediterránea", "Española"], "special_diets": ["Opciones vegetarianas", "Opciones veganas"], "meals": ["Desayuno", "Comidas", "Cenas"], "advantages": ["Capacidad", "Acceso para discapacitados", "Servicio de mesa"], "address": {"name": "Calle Feria 78, 02005 Albacete España", "link": "https://maps.google.com/maps?saddr=&daddr=Calle+Feria+78%2C+02005+Albacete+Espa%C3%B1a@38.997955,-1.866169"}, "webpage": "http://taperiaalhambra.com/", "email": null, "phone": "+34 967 70 07 44"}}}