{"restaurant": {"ta_link": "https://www.tripadvisor.es/Restaurant_Review-g187486-d4926678-Reviews-Pizzeria_Italia-Albacete_Province_of_Albacete_Castile_La_Mancha.html", "name": "Pizzeria Italia", "data": {"symbol": "€€ - €€€", "claimed": false, "schedule": null, "score_overall": 2.5, "ranking": 15, "travellers_choice": false, "score_food": 3.5, "score_service": 3.0, "score_price_quality": 2.5, "score_atmosphere": 3.5, "price": null, "type": ["Italiana", "Pizza"], "special_diets": ["Opciones vegetarianas"], "meals": ["Comidas", "Cenas"], "advantages": ["A domicilio", "Para llevar", "Capacidad", "Sirve alcohol", "Servicio de mesa", "Reservas", "Acceso para discapacitados"], "address": {"name": "Plaza de San Felipe Neri 4, 02002 Albacete España", "link": "https://maps.google.com/maps?saddr=&daddr=Plaza+de+San+Felipe+Neri+4%2C+02002+Albacete+Espa%C3%B1a@38.98551,-1.857228"}, "webpage": null, "email": null, "phone": "+34 967 51 07 89"}}}