{"restaurant": {"ta_link": "https://www.tripadvisor.es/Restaurant_Review-g187486-d5794956-Reviews-Taperia_Cuartero-Albacete_Province_of_Albacete_Castile_La_Mancha.html", "name": "Tapería Cuartero", "data": {"symbol": "€€ - €€€", "claimed": false, "schedule": null, "score_overall": 4.0, "ranking": 79, "travellers_choice": false, "score_food": null, "score_service": null, "score_price_quality": null, "score_atmosphere": null, "price": {"lower": 15.0, "upper": 30.0}, "type": ["Española"], "special_diets": ["Opciones vegetarianas"], "meals": ["Comidas", "Cenas"], "advantages": ["Reservas", "Capacidad", "Sirve alcohol", "Servicio de mesa"], "address": {"name": "Calle De Gracia, 12, 02005 Albacete España", "link": "https://maps.google.com/maps?saddr=&daddr=Calle+De+Gracia%2C+12%2C+02005+Albacete+Espa%C3%B1a@39.00054,-1.86334"}, "webpage": null, "email": null, "phone": "+34 967 50 95 02"}}}