{"restaurant": {"ta_link": "https://www.tripadvisor.es/Restaurant_Review-g187486-d12373549-Reviews-018-Albacete_Province_of_Albacete_Castile_La_Mancha.html", "name": "018", "data": {"symbol": "€€ - €€€", "claimed": false, "schedule": {"lun": ["07:00", "23:00"], "mar": ["07:00", "23:00"], "mié": ["07:00", "23:00"], "jue": ["07:00", "02:30"], "vie": ["07:00", "02:30"], "sáb": ["07:00", "02:30"]}, "score_overall": 4.0, "ranking": 122, "travellers_choice": false, "score_food": null, "score_service": null, "score_price_quality": null, "score_atmosphere": null, "price": {"lower": 5.0, "upper": 15.0}, "type": ["Española"], "special_diets": ["Opciones vegetarianas", "Opciones veganas"], "meals": ["Desayuno", "Comidas", "Cenas"], "advantages": ["A domicilio", "Para llevar", "Capacidad", "Televisión", "Bar completo", "Acepta American Express", "Acepta Mastercard", "Acepta Visa", "Wifi gratuito", "Reservas", "Terraza exterior", "Sirve alcohol", "Servicio de mesa"], "address": {"name": "Calle Teodoro Camino 32, 02002 Albacete España", "link": "https://maps.google.com/maps?saddr=&daddr=Calle+Teodoro+Camino+32%2C+02002+Albacete+Espa%C3%B1a@38.99038,-1.85573"}, "webpage": "https://www.facebook.com/018Albacete/", "email": null, "phone": "+34 967 23 57 76"}}}