{"restaurant": {"ta_link": "https://www.tripadvisor.es/Restaurant_Review-g187486-d6404147-Reviews-Cafe_bar_rubik-Albacete_Province_of_Albacete_Castile_La_Mancha.html", "name": "cafe bar rubik", "data": {"symbol": "€", "claimed": false, "schedule": null, "score_overall": 3.0, "ranking": 19, "travellers_choice": false, "score_food": null, "score_service": null, "score_price_quality": null, "score_atmosphere": null, "price": {"lower": 3.0, "upper": 25.0}, "type": ["Bar", "Pub"], "special_diets": ["Opciones sin gluten"], "meals": ["Comidas", "Cenas"], "advantages": ["A domicilio", "Acceso para discapacitados", "Sirve alcohol", "Servicio de mesa", "Para llevar", "Reservas", "Capacidad"], "address": {"name": "Avenida Jose Prat, Albacete España", "link": "https://maps.google.com/maps?saddr=&daddr=Avenida+Jose+Prat%2C+Albacete+Espa%C3%B1a@38.9785,-1.84063"}, "webpage": null, "email": null, "phone": "+34 967 27 85 61"}}}