{"restaurant": {"ta_link": "https://www.tripadvisor.es/Restaurant_Review-g187486-d5795127-Reviews-Bar_Nuevo_Madrid-Albacete_Province_of_Albacete_Castile_La_Mancha.html", "name": "Bar Nuevo Madrid", "data": {"symbol": "€€ - €€€", "claimed": true, "schedule": {"dom": ["12:00", "16:00", "20:00", "01:00"], "lun": ["08:00", "16:00", "19:30", "00:00"], "mar": ["08:00", "16:00", "19:30", "00:00"], "mié": ["08:00", "16:00", "19:30", "00:00"], "jue": ["08:00", "16:00", "19:30", "00:00"], "vie": ["08:00", "16:00", "19:30", "00:00"], "sáb": ["12:00", "16:00", "20:00", "01:00"]}, "score_overall": 3.5, "ranking": 99, "travellers_choice": false, "score_food": 4.5, "score_service": 4.5, "score_price_quality": 4.5, "score_atmosphere": null, "price": {"lower": 7.0, "upper": 15.0}, "type": ["Mediterránea", "Española"], "special_diets": null, "meals": ["Desayuno", "Comidas", "Cenas"], "advantages": ["Reservas", "Capacidad", "Servicio de mesa", "Acceso para discapacitados"], "address": {"name": "Calle De Miguel Hernández, 6, 02006 Albacete España", "link": "https://maps.google.com/maps?saddr=&daddr=Calle+De+Miguel+Hern%C3%A1ndez%2C+6%2C+02006+Albacete+Espa%C3%B1a@38.98528,-1.86521"}, "webpage": null, "email": null, "phone": "+34 967 03 00 63"}}}