{"restaurant": {"ta_link": "https://www.tripadvisor.es/Restaurant_Review-g187486-d7236378-Reviews-Le_Monde_Cocinas_del_Mundo-Albacete_Province_of_Albacete_Castile_La_Mancha.html", "name": "Le Monde Cocinas del Mundo", "data": {"symbol": null, "claimed": false, "schedule": null, "score_overall": 3.0, "ranking": 114, "travellers_choice": false, "score_food": null, "score_service": null, "score_price_quality": null, "score_atmosphere": null, "price": {"lower": 8.0, "upper": 15.0}, "type": ["Mediterránea"], "special_diets": null, "meals": ["Cenas"], "advantages": ["Capacidad", "Playa", "Admite perros"], "address": {"name": "Jose Prat, 12, 02008 Albacete España", "link": "https://maps.google.com/maps?saddr=&daddr=Jose+Prat%2C+12%2C+02008+Albacete+Espa%C3%B1a@38.97826,-1.84129"}, "webpage": "https://es-la.facebook.com/cafegastrobarlemonde/", "email": null, "phone": "+34 632 25 13 63"}}}