{"restaurant": {"ta_link": "https://www.tripadvisor.es/Restaurant_Review-g187486-d12303115-Reviews-La_Casita_Roldan-Albacete_Province_of_Albacete_Castile_La_Mancha.html", "name": "La Casita Roldán", "data": {"symbol": "€€ - €€€", "claimed": false, "schedule": {"dom": ["09:00", "23:45"], "mar": ["09:00", "23:45"], "mié": ["09:00", "23:45"], "jue": ["09:00", "23:45"], "vie": ["09:00", "23:45"], "sáb": ["09:00", "23:45"]}, "score_overall": 3.5, "ranking": 128, "travellers_choice": false, "score_food": null, "score_service": 4.0, "score_price_quality": null, "score_atmosphere": null, "price": {"lower": 5.0, "upper": 9.0}, "type": ["Española"], "special_diets": ["Opciones vegetarianas", "Opciones veganas"], "meals": ["Desayuno", "Comidas", "Cenas"], "advantages": ["Servicio de mesa", "Reservas", "Capacidad"], "address": {"name": "Carretera de Alicante-Valencia, km 1, 02008 Albacete España", "link": "https://maps.google.com/maps?saddr=&daddr=Carretera+de+Alicante-Valencia%2C+km+1%2C+02008+Albacete+Espa%C3%B1a@38.98926,-1.8484"}, "webpage": null, "email": null, "phone": "+34 967 24 33 76"}}}