{"restaurant": {"ta_link": "https://www.tripadvisor.es/Restaurant_Review-g187486-d17848242-Reviews-Maharaja-Albacete_Province_of_Albacete_Castile_La_Mancha.html", "name": "Maharaja", "data": {"symbol": "€€ - €€€", "claimed": false, "schedule": null, "score_overall": 4.0, "ranking": 213, "travellers_choice": false, "score_food": null, "score_service": null, "score_price_quality": null, "score_atmosphere": null, "price": null, "type": null, "special_diets": null, "meals": null, "advantages": null, "address": {"name": "Calle Jesús Nazareno, 7, 02002 Albacete España", "link": "https://maps.google.com/maps?saddr=&daddr=Calle+Jes%C3%BAs+Nazareno%2C+7%2C+02002+Albacete+Espa%C3%B1a@38.991096,-1.853514"}, "webpage": "https://www.facebook.com/pages/category/Indian-Restaurant/Maharaja-Albacete-344281956270214/", "email": null, "phone": "+34 967 70 26 13"}}}