{"restaurant": {"ta_link": "https://www.tripadvisor.es/Restaurant_Review-g187486-d7355735-Reviews-Restaurante_Cervantes-Albacete_Province_of_Albacete_Castile_La_Mancha.html", "name": "Restaurante Cervantes", "data": {"symbol": "€€ - €€€", "claimed": false, "schedule": null, "score_overall": 4.0, "ranking": 46, "travellers_choice": false, "score_food": 4.0, "score_service": 3.5, "score_price_quality": 4.0, "score_atmosphere": null, "price": {"lower": 19.0, "upper": 28.0}, "type": ["Mediterránea", "Española"], "special_diets": ["Opciones vegetarianas"], "meals": ["Comidas", "Cenas"], "advantages": ["Reservas", "Acceso para discapacitados", "Sirve alcohol", "Servicio de mesa", "Para llevar", "Capacidad"], "address": {"name": "Plaza Periodista Antonio Andujar 7, 02005 Albacete España", "link": "https://maps.google.com/maps?saddr=&daddr=Plaza+Periodista+Antonio+Andujar+7%2C+02005+Albacete+Espa%C3%B1a@38.99617,-1.85977"}, "webpage": null, "email": null, "phone": "+34 967 67 06 08"}}}