{"restaurant": {"ta_link": "https://www.tripadvisor.es/Restaurant_Review-g187486-d21078150-Reviews-Panificadora_Martinez_Albacete-Albacete_Province_of_Albacete_Castile_La_Mancha.html", "name": "Panificadora Martínez Albacete S.L.", "data": {"symbol": null, "claimed": false, "schedule": {"lun": ["08:00", "21:00"], "mar": ["08:00", "21:00"], "mié": ["08:00", "21:00"], "jue": ["08:00", "21:00"], "vie": ["08:00", "21:00"], "sáb": ["08:00", "14:00"]}, "score_overall": null, "ranking": null, "travellers_choice": false, "score_food": null, "score_service": null, "score_price_quality": null, "score_atmosphere": null, "price": {"lower": 10.0, "upper": 50.0}, "type": null, "special_diets": null, "meals": ["Desayuno", "Comidas", "Cenas"], "advantages": null, "address": {"name": "Calle Doctor Collado Piña, 26, 2003 Albacete España", "link": "https://maps.google.com/maps?saddr=&daddr=Calle+Doctor+Collado+Pi%C3%B1a%2C+26%2C+2003+Albacete+Espa%C3%B1a@38.99146,-1.860042"}, "webpage": "http://www.panificadoramartinezalbacete.es/", "email": "info@panificadoramartinezalbacete.es", "phone": "+34 967 22 12 53"}}}