{"restaurant": {"ta_link": "https://www.tripadvisor.es/Restaurant_Review-g187486-d1455314-Reviews-Restaurante_Meson_Las_Rejas-Albacete_Province_of_Albacete_Castile_La_Mancha.html", "name": "Restaurante Meson Las Rejas", "data": {"symbol": "€€ - €€€", "claimed": false, "schedule": {"lun": ["13:00", "16:00", "21:00", "00:00"], "mar": ["13:00", "16:00", "21:00", "00:00"], "mié": ["13:00", "16:00", "21:00", "00:00"], "jue": ["13:00", "16:00", "21:00", "00:00"], "vie": ["13:00", "16:00", "21:00", "00:00"], "sáb": ["13:00", "16:00", "21:00", "00:00"]}, "score_overall": 4.0, "ranking": 69, "travellers_choice": false, "score_food": 4.5, "score_service": 4.0, "score_price_quality": 3.5, "score_atmosphere": 4.0, "price": {"lower": 8.0, "upper": 30.0}, "type": ["Mediterránea", "Española"], "special_diets": ["Opciones vegetarianas"], "meals": ["Comidas", "Cenas", "Abierto hasta tarde"], "advantages": ["Reservas", "Capacidad", "Acceso para discapacitados", "Sirve alcohol", "Servicio de mesa"], "address": {"name": "Calle Dionisio Guardiola 9, 02002 Albacete España", "link": "https://maps.google.com/maps?saddr=&daddr=Calle+Dionisio+Guardiola+9%2C+02002+Albacete+Espa%C3%B1a@38.991314,-1.855281"}, "webpage": "http://www.facebook.com/Meson-Las-Rejas-Albacete-162057610504219/", "email": null, "phone": "+34 967 22 72 42"}}}