{"restaurant": {"ta_link": "https://www.tripadvisor.es/Restaurant_Review-g187486-d10145949-Reviews-Restaurante_San_Antonio-Albacete_Province_of_Albacete_Castile_La_Mancha.html", "name": "Restaurante San Antonio", "data": {"symbol": "€€ - €€€", "claimed": false, "schedule": null, "score_overall": 4.0, "ranking": 116, "travellers_choice": false, "score_food": 3.5, "score_service": 3.5, "score_price_quality": 4.0, "score_atmosphere": null, "price": null, "type": ["Mediterránea", "Española"], "special_diets": null, "meals": ["Desayuno"], "advantages": ["Reservas", "Servicio de mesa", "Capacidad", "Acceso para discapacitados"], "address": {"name": "Calle San Antonio 8 Hotel San Antonio, 02001 Albacete España", "link": "https://maps.google.com/maps?saddr=&daddr=Calle+San+Antonio+8+Hotel+San+Antonio%2C+02001+Albacete+Espa%C3%B1a@38.9962,-1.85465"}, "webpage": "http://www.hotelsanantonio.es/", "email": null, "phone": "+34 967 52 35 35"}}}