{"restaurant": {"ta_link": "https://www.tripadvisor.es/Restaurant_Review-g187486-d19185247-Reviews-Don_G-Albacete_Province_of_Albacete_Castile_La_Mancha.html", "name": "Don G", "data": {"symbol": null, "claimed": true, "schedule": {"dom": ["13:00", "16:00", "19:30", "00:00"], "lun": ["13:00", "16:00", "19:30", "00:00"], "mar": ["13:00", "16:00", "19:30", "00:00"], "mié": ["13:00", "16:00", "19:30", "00:00"], "jue": ["13:00", "16:00", "19:30", "00:00"], "vie": ["13:00", "16:00", "19:30", "00:00"], "sáb": ["13:00", "16:00", "19:30", "00:00"]}, "score_overall": 4.0, "ranking": 236, "travellers_choice": false, "score_food": null, "score_service": null, "score_price_quality": null, "score_atmosphere": null, "price": {"lower": 6.0, "upper": 20.0}, "type": ["Española"], "special_diets": null, "meals": ["Comidas", "Cenas", "Brunch"], "advantages": ["Para llevar", "Terraza exterior", "Aparcamiento disponible", "Estacionamiento gratuito en la calle"], "address": {"name": "Av De La Ilustración 51 Cc Imaginalia CC Imaginalia, 02006 Albacete España", "link": "https://maps.google.com/maps?saddr=&daddr=Av+De+La+Ilustraci%C3%B3n+51+Cc+Imaginalia+CC+Imaginalia%2C+02006+Albacete+Espa%C3%B1a@39.008873,-1.87743"}, "webpage": "https://don-g.com/", "email": "dong.imaginalia@gmail.com", "phone": "+34 967 02 64 02"}}}