{"restaurant": {"ta_link": "https://www.tripadvisor.es/Restaurant_Review-g187486-d985917-Reviews-Picos_de_Europa-Albacete_Province_of_Albacete_Castile_La_Mancha.html", "name": "Picos de Europa", "data": {"symbol": "€€ - €€€", "claimed": false, "schedule": null, "score_overall": 4.5, "ranking": 62, "travellers_choice": false, "score_food": 4.5, "score_service": 5.0, "score_price_quality": 5.0, "score_atmosphere": null, "price": {"lower": 15.0, "upper": 30.0}, "type": ["Española", "Mediterránea", "Griega"], "special_diets": ["Opciones vegetarianas"], "meals": ["Desayuno", "Cenas"], "advantages": ["Reservas", "Servicio de mesa", "Capacidad", "Acceso para discapacitados"], "address": {"name": "Calle Francisco Javier de Moya 46, 02008 Albacete España", "link": "https://maps.google.com/maps?saddr=&daddr=Calle+Francisco+Javier+de+Moya+46%2C+02008+Albacete+Espa%C3%B1a@38.98606,-1.84773"}, "webpage": null, "email": null, "phone": "+34 967 24 50 86"}}}