{"restaurant": {"ta_link": "https://www.tripadvisor.es/Restaurant_Review-g187486-d999076-Reviews-Limonero-Albacete_Province_of_Albacete_Castile_La_Mancha.html", "name": "Limonero", "data": {"symbol": "€€ - €€€", "claimed": false, "schedule": null, "score_overall": 4.0, "ranking": 51, "travellers_choice": false, "score_food": 3.5, "score_service": 3.5, "score_price_quality": 3.5, "score_atmosphere": null, "price": {"lower": 15.0, "upper": 30.0}, "type": ["Mediterránea", "Española"], "special_diets": ["Opciones vegetarianas"], "meals": ["Comidas", "Cenas"], "advantages": ["Reservas", "Capacidad", "Sirve alcohol", "Servicio de mesa", "Acceso para discapacitados"], "address": {"name": "Calle Hermanos Falco 35, 02008 Albacete España", "link": "https://maps.google.com/maps?saddr=&daddr=Calle+Hermanos+Falco+35%2C+02008+Albacete+Espa%C3%B1a@38.98609,-1.848"}, "webpage": null, "email": null, "phone": "+34 967 24 48 14"}}}