{"restaurant": {"ta_link": "https://www.tripadvisor.es/Restaurant_Review-g187486-d5614491-Reviews-La_Posadica_Horno_de_Lena-Albacete_Province_of_Albacete_Castile_La_Mancha.html", "name": "La Posadica Horno de Leña", "data": {"symbol": "€€ - €€€", "claimed": true, "schedule": {"dom": ["11:30", "17:30"], "lun": ["11:30", "17:30"], "mar": ["11:30", "17:30"], "mié": ["11:30", "17:30"], "jue": ["11:30", "17:30"], "vie": ["11:30", "17:30"], "sáb": ["11:30", "17:30"]}, "score_overall": 4.5, "ranking": 3, "travellers_choice": true, "score_food": 5.0, "score_service": 5.0, "score_price_quality": 4.5, "score_atmosphere": 4.5, "price": {"lower": 22.0, "upper": 50.0}, "type": ["Restaurante de carne", "Mediterránea"], "special_diets": ["Opciones vegetarianas", "Opciones veganas", "Opciones sin gluten"], "meals": ["Comidas", "Cenas", "Brunch"], "advantages": ["Para llevar", "Reservas", "Restaurante privado", "Capacidad", "Estacionamiento gratuito en la calle", "Acceso para discapacitados", "Sirve alcohol", "Bar completo", "Acepta American Express", "Acepta Mastercard", "Acepta Visa", "Wifi gratuito", "Acepta tarjetas de crédito", "Servicio de mesa", "Televisión", "Tronas disponibles"], "address": {"name": "Calle García Más, 8, 02005 Albacete España", "link": "https://maps.google.com/maps?saddr=&daddr=Calle+Garc%C3%ADa+M%C3%A1s%2C+8%2C+02005+Albacete+Espa%C3%B1a@38.99722,-1.862953"}, "webpage": "http://www.laposadica.com/", "email": "laposadicaalbacete@gmail.com", "phone": "+34 967 22 03 36"}}}