{"restaurant": {"ta_link": "https://www.tripadvisor.es/Restaurant_Review-g187486-d10247188-Reviews-Los_cuentos-Albacete_Province_of_Albacete_Castile_La_Mancha.html", "name": "Los cuentos", "data": {"symbol": "€€ - €€€", "claimed": false, "schedule": null, "score_overall": 3.0, "ranking": 193, "travellers_choice": false, "score_food": 3.5, "score_service": 3.0, "score_price_quality": 3.5, "score_atmosphere": null, "price": null, "type": ["Española"], "special_diets": null, "meals": null, "advantages": ["Reservas", "Capacidad", "Acceso para discapacitados", "Sirve alcohol", "Bar completo", "Servicio de mesa"], "address": {"name": "Parque de los cuentos, 02005 Albacete España", "link": "https://maps.google.com/maps?saddr=&daddr=Parque+de+los+cuentos%2C+02005+Albacete+Espa%C3%B1a@39.0056,-1.875492"}, "webpage": null, "email": null, "phone": "+34 967 61 63 61"}}}