{"restaurant": {"ta_link": "https://www.tripadvisor.es/Restaurant_Review-g187486-d10086645-Reviews-Bar_de_Tus-Albacete_Province_of_Albacete_Castile_La_Mancha.html", "name": "Bar de Tus", "data": {"symbol": "€€ - €€€", "claimed": false, "schedule": null, "score_overall": 3.5, "ranking": 13, "travellers_choice": false, "score_food": 3.5, "score_service": 3.5, "score_price_quality": 3.0, "score_atmosphere": null, "price": null, "type": ["Bar", "Pub", "Española"], "special_diets": null, "meals": ["Cenas"], "advantages": ["Reservas", "Acceso para discapacitados", "Servicio de mesa"], "address": {"name": "Calle Doctor Collado Pina 51, 02003 Albacete España", "link": "https://maps.google.com/maps?saddr=&daddr=Calle+Doctor+Collado+Pina+51%2C+02003+Albacete+Espa%C3%B1a@38.9903,-1.86081"}, "webpage": null, "email": "info@bardetus.com", "phone": "+34 967 11 85 00"}}}