{"restaurant": {"ta_link": "https://www.tripadvisor.es/Restaurant_Review-g187486-d19070139-Reviews-Honey_Doner_Kebab_Y_Pizzeria-Albacete_Province_of_Albacete_Castile_La_Mancha.html", "name": "Honey Doner Kebab y Pizzeria", "data": {"symbol": null, "claimed": false, "schedule": {"dom": ["12:30", "23:59"], "lun": ["12:30", "23:59"], "mar": ["12:30", "23:59"], "mié": ["12:30", "23:59"], "jue": ["12:30", "23:59"], "vie": ["12:30", "23:59"], "sáb": ["12:30", "23:59"]}, "score_overall": 1.0, "ranking": 287, "travellers_choice": false, "score_food": null, "score_service": null, "score_price_quality": null, "score_atmosphere": null, "price": null, "type": ["Española", "Mediterránea"], "special_diets": null, "meals": ["Comidas", "Cenas"], "advantages": ["Reservas", "Acepta tarjetas de crédito", "Capacidad", "Acceso para discapacitados", "Servicio de mesa"], "address": {"name": "Calle BATALLA DEL SALADO, 13 BAJO, 02002 Albacete España", "link": "https://maps.google.com/maps?saddr=&daddr=Calle+BATALLA+DEL+SALADO%2C+13+BAJO%2C+02002+Albacete+Espa%C3%B1a@38.987495,-1.852368"}, "webpage": "http://www.honeydonerkebabypizzeriaalbacete.com/", "email": "hadidonerkebabypizza@gmail.com", "phone": "+34 967 10 46 11"}}}