{"restaurant": {"ta_link": "https://www.tripadvisor.es/Restaurant_Review-g187486-d7606961-Reviews-100_Montaditos-Albacete_Province_of_Albacete_Castile_La_Mancha.html", "name": "100 Montaditos", "data": {"symbol": "€", "claimed": false, "schedule": null, "score_overall": 2.5, "ranking": 297, "travellers_choice": false, "score_food": null, "score_service": null, "score_price_quality": null, "score_atmosphere": null, "price": null, "type": null, "special_diets": null, "meals": null, "advantages": null, "address": {"name": "Calle Alcalde Conangla S/N Centro Comercial Albacenter Erosk, 02002 Albacete España", "link": "https://maps.google.com/maps?saddr=&daddr=Calle+Alcalde+Conangla+S%2FN+Centro+Comercial+Albacenter+Erosk%2C+02002+Albacete+Espa%C3%B1a@38.99043,-1.84836"}, "webpage": "http://spain.100montaditos.com/", "email": "100montaditos.albacete@gmail.com", "phone": "+34 967 19 28 04"}}}