{"restaurant": {"ta_link": "https://www.tripadvisor.es/Restaurant_Review-g187486-d23633588-Reviews-Restaurante_El_Molino-Albacete_Province_of_Albacete_Castile_La_Mancha.html", "name": "Restaurante El Molino", "data": {"symbol": null, "claimed": false, "schedule": {"dom": ["08:00", "00:00"], "lun": ["08:00", "00:00"], "mar": ["08:00", "00:00"], "mié": ["08:00", "00:00"], "jue": ["08:00", "00:00"], "vie": ["08:00", "00:00"], "sáb": ["08:00", "00:00"]}, "score_overall": 3.5, "ranking": 168, "travellers_choice": false, "score_food": null, "score_service": null, "score_price_quality": null, "score_atmosphere": null, "price": null, "type": ["Española"], "special_diets": null, "meals": ["Desayuno", "Comidas", "Cenas"], "advantages": ["Reservas"], "address": {"name": "Avenida de Isabel la Catolica 20 Bajo, 02005 Albacete España", "link": "https://maps.google.com/maps?saddr=&daddr=Avenida+de+Isabel+la+Catolica+20+Bajo%2C+02005+Albacete+Espa%C3%B1a@38.99841,-1.85871"}, "webpage": null, "email": null, "phone": null}}}