{"restaurant": {"ta_link": "https://www.tripadvisor.es/Restaurant_Review-g187486-d23658782-Reviews-Cerveceria_Tierra-Albacete_Province_of_Albacete_Castile_La_Mancha.html", "name": "Cervecería Tierra", "data": {"symbol": null, "claimed": true, "schedule": {"dom": ["12:30", "18:00"], "mar": ["12:30", "16:00", "19:00", "00:00"], "mié": ["12:30", "16:00", "19:00", "00:00"], "jue": ["12:30", "16:00", "19:00", "00:00"], "vie": ["12:30", "00:00"], "sáb": ["12:30", "00:00"]}, "score_overall": 4.0, "ranking": 1, "travellers_choice": false, "score_food": null, "score_service": null, "score_price_quality": null, "score_atmosphere": null, "price": {"lower": 5.0, "upper": 9.0}, "type": ["Española", "Bar", "Café", "Mediterránea", "Pub", "Pub restaurante", "Restaurantes de cerveza"], "special_diets": ["Opciones vegetarianas", "Opciones veganas"], "meals": ["Comidas", "Cenas", "Abierto hasta tarde", "Bebidas"], "advantages": ["Reservas", "Acceso para discapacitados", "Sirve alcohol", "Vino y cerveza", "Wifi gratuito", "Acepta tarjetas de crédito", "Servicio de mesa", "Restaurantes de no fumadores"], "address": {"name": "Calle Gaona 16, 02001 Albacete España", "link": "https://maps.google.com/maps?saddr=&daddr=Calle+Gaona+16%2C+02001+Albacete+Espa%C3%B1a@38.993843,-1.853457"}, "webpage": "https://www.instagram.com/tierracervezasycopas/?igshid=YmMyMTA2M2Y=", "email": null, "phone": "+34 669 62 64 34"}}}