{"restaurant": {"ta_link": "https://www.tripadvisor.es/Restaurant_Review-g187486-d13355598-Reviews-El_Filo_de_la_Navaja-Albacete_Province_of_Albacete_Castile_La_Mancha.html", "name": "El Filo de la Navaja", "data": {"symbol": "€€ - €€€", "claimed": false, "schedule": null, "score_overall": 4.0, "ranking": 41, "travellers_choice": false, "score_food": 4.0, "score_service": 4.0, "score_price_quality": 4.0, "score_atmosphere": null, "price": {"lower": 10.0, "upper": 15.0}, "type": ["Española", "Mediterránea"], "special_diets": ["Opciones vegetarianas", "Opciones sin gluten", "Opciones veganas"], "meals": ["Cenas"], "advantages": ["Servicio de mesa", "Reservas", "Capacidad", "Acceso para discapacitados"], "address": {"name": "Calle Rios Rosas 5, 02004 Albacete España", "link": "https://maps.google.com/maps?saddr=&daddr=Calle+Rios+Rosas+5%2C+02004+Albacete+Espa%C3%B1a@38.99403,-1.861325"}, "webpage": "http://www.elfilodelanavaja.com/", "email": "filo@elfilodelanavaja.com", "phone": "+34 967 23 12 48"}}}