{"restaurant": {"ta_link": "https://www.tripadvisor.es/Restaurant_Review-g187486-d7247539-Reviews-Cafe_Bar_El_Filo_de_la_Navaja-Albacete_Province_of_Albacete_Castile_La_Mancha.html", "name": "Cafe Bar El Filo de la Navaja", "data": {"symbol": "€", "claimed": true, "schedule": {"dom": ["12:30", "16:00", "19:30", "00:00"], "lun": ["12:30", "16:00", "19:30", "00:00"], "mar": ["12:30", "16:00", "19:30", "00:00"], "jue": ["12:30", "16:00", "19:30", "00:00"], "vie": ["12:30", "16:00", "19:30", "00:00"], "sáb": ["12:30", "16:00", "19:30", "00:00"]}, "score_overall": 4.0, "ranking": 23, "travellers_choice": false, "score_food": 4.0, "score_service": 4.0, "score_price_quality": 4.5, "score_atmosphere": null, "price": {"lower": 10.0, "upper": 25.0}, "type": ["Mediterránea", "Española"], "special_diets": ["Opciones vegetarianas", "Opciones veganas", "Opciones sin gluten"], "meals": ["Comidas", "Cenas", "Brunch"], "advantages": ["Capacidad", "Acceso para discapacitados", "Bar completo", "Acepta tarjetas de crédito", "Servicio de mesa", "Sirve alcohol"], "address": {"name": "Calle Pedro Martinez Gutierrez 15, 02004 Albacete España", "link": "https://maps.google.com/maps?saddr=&daddr=Calle+Pedro+Martinez+Gutierrez+15%2C+02004+Albacete+Espa%C3%B1a@38.99398,-1.861367"}, "webpage": "http://www.elfilodelanavaja.net/", "email": null, "phone": "+34 967 22 75 29"}}}