{"restaurant": {"ta_link": "https://www.tripadvisor.es/Restaurant_Review-g187486-d23683277-Reviews-Oleana-Albacete_Province_of_Albacete_Castile_La_Mancha.html", "name": "Oleana", "data": {"symbol": null, "claimed": true, "schedule": {"dom": ["13:00", "16:30"], "mar": ["13:00", "16:30", "20:00", "23:30"], "mié": ["13:00", "16:30", "20:00", "23:30"], "jue": ["13:00", "16:30", "20:00", "23:30"], "vie": ["13:00", "16:30", "20:00", "23:30"], "sáb": ["13:00", "16:30", "20:00", "23:30"]}, "score_overall": 4.5, "ranking": 19, "travellers_choice": false, "score_food": null, "score_service": null, "score_price_quality": null, "score_atmosphere": null, "price": {"lower": 14.0, "upper": 24.0}, "type": ["Mediterránea"], "special_diets": ["Opciones vegetarianas", "Opciones veganas", "Opciones sin gluten"], "meals": ["Comidas", "Cenas"], "advantages": ["A domicilio", "Para llevar", "Reservas", "Terraza exterior", "Capacidad", "Acceso para discapacitados", "Sirve alcohol", "Vino y cerveza", "Wifi gratuito", "Acepta tarjetas de crédito", "Servicio de mesa", "Tronas disponibles", "Tarjetas de regalo disponibles"], "address": {"name": "Calle Caba 23, 02006 Albacete España", "link": "https://maps.google.com/maps?saddr=&daddr=Calle+Caba+23%2C+02006+Albacete+Espa%C3%B1a@38.993256,-1.858312"}, "webpage": "http://www.restauranteoleana.es/", "email": "restauranteoleana@gmail.com", "phone": "+34 640 73 64 98"}}}