{"restaurant": {"ta_link": "https://www.tripadvisor.es/Restaurant_Review-g187486-d25076662-Reviews-Restaurante_El_Jucar-Albacete_Province_of_Albacete_Castile_La_Mancha.html", "name": "Restaurante El Júcar", "data": {"symbol": null, "claimed": false, "schedule": {"dom": ["06:15", "17:00"], "mar": ["20:00", "00:00"], "mié": ["20:00", "00:00"], "jue": ["20:00", "00:00"], "vie": ["20:00", "00:00"], "sáb": ["20:00", "00:00"]}, "score_overall": null, "ranking": null, "travellers_choice": false, "score_food": null, "score_service": null, "score_price_quality": null, "score_atmosphere": null, "price": {"lower": 6.0, "upper": 20.0}, "type": ["Barbacoa"], "special_diets": null, "meals": ["Cenas"], "advantages": ["Aparcamiento disponible", "Vino y cerveza", "Acepta tarjetas de crédito", "Servicio de mesa"], "address": {"name": "Ctra De Jaén, Km 2,3, 02006 Albacete España", "link": "https://maps.google.com/maps?saddr=&daddr=Ctra+De+Ja%C3%A9n%2C+Km+2%2C3%2C+02006+Albacete+Espa%C3%B1a@38.984146,-1.885587"}, "webpage": null, "email": null, "phone": "+34 622 08 50 13"}}}