{"restaurant": {"ta_link": "https://www.tripadvisor.es/Restaurant_Review-g187486-d5298005-Reviews-Taperia_Dallas-Albacete_Province_of_Albacete_Castile_La_Mancha.html", "name": "Taperia Dallas", "data": {"symbol": "€€ - €€€", "claimed": false, "schedule": {"dom": ["12:30", "17:00", "20:30", "00:00"], "mar": ["12:30", "17:00", "20:30", "00:00"], "mié": ["12:30", "17:00", "20:30", "00:00"], "jue": ["12:30", "17:00", "20:30", "00:00"], "vie": ["12:30", "17:00", "20:30", "00:00"], "sáb": ["12:30", "17:00", "20:30", "00:00"]}, "score_overall": 4.5, "ranking": 42, "travellers_choice": false, "score_food": 4.0, "score_service": 3.5, "score_price_quality": 4.0, "score_atmosphere": null, "price": {"lower": 20.0, "upper": 50.0}, "type": ["Mediterránea", "Española"], "special_diets": ["Opciones vegetarianas"], "meals": ["Desayuno", "Comidas", "Cenas", "Brunch"], "advantages": ["Reservas", "Capacidad", "Acceso para discapacitados", "Sirve alcohol", "Servicio de mesa"], "address": {"name": "Plaza Maestro Chueca 13, 02005 Albacete España", "link": "https://maps.google.com/maps?saddr=&daddr=Plaza+Maestro+Chueca+13%2C+02005+Albacete+Espa%C3%B1a@39.002365,-1.866657"}, "webpage": null, "email": null, "phone": "+34 967 21 92 19"}}}