{"restaurant": {"ta_link": "https://www.tripadvisor.es/Restaurant_Review-g187486-d7282691-Reviews-Hotel_Florida-Albacete_Province_of_Albacete_Castile_La_Mancha.html", "name": "Hotel Florida", "data": {"symbol": "€€ - €€€", "claimed": false, "schedule": null, "score_overall": 3.5, "ranking": 9, "travellers_choice": false, "score_food": null, "score_service": null, "score_price_quality": null, "score_atmosphere": null, "price": null, "type": ["Internacional"], "special_diets": null, "meals": ["Cenas"], "advantages": ["Reservas"], "address": {"name": "Calle Hernan Cortes 14, 02005 Albacete España", "link": "https://maps.google.com/maps?saddr=&daddr=Calle+Hernan+Cortes+14%2C+02005+Albacete+Espa%C3%B1a@38.99738,-1.86179"}, "webpage": "http://www.hotelflorida.es/", "email": "informacion@hotelflorida.es", "phone": "+34 967 55 00 88"}}}