{"restaurant": {"ta_link": "https://www.tripadvisor.es/Restaurant_Review-g187486-d9580768-Reviews-Taperia_El_Labrador-Albacete_Province_of_Albacete_Castile_La_Mancha.html", "name": "Taperia El Labrador", "data": {"symbol": "€€ - €€€", "claimed": false, "schedule": null, "score_overall": 3.5, "ranking": 169, "travellers_choice": false, "score_food": 3.5, "score_service": 3.5, "score_price_quality": 4.0, "score_atmosphere": null, "price": {"lower": 10.0, "upper": 30.0}, "type": ["Mediterránea", "Española"], "special_diets": null, "meals": ["Desayuno", "Brunch"], "advantages": ["Acceso para discapacitados", "Servicio de mesa", "Capacidad"], "address": {"name": "Calle Almansa 13 Enfrente de Recoletas, 02008 Albacete España", "link": "https://maps.google.com/maps?saddr=&daddr=Calle+Almansa+13+Enfrente+de+Recoletas%2C+02008+Albacete+Espa%C3%B1a@38.98486,-1.84425"}, "webpage": "http://www.facebook.com/Taperia-El-Labrador-1668055736775403/?ref=br_rs", "email": "taperiaelabrador@gmail.com", "phone": "+34 678 53 75 95"}}}