{"restaurant": {"ta_link": "https://www.tripadvisor.es/Restaurant_Review-g187486-d13971160-Reviews-Martina_Restaurant_Bar-Albacete_Province_of_Albacete_Castile_La_Mancha.html", "name": "Martina Restaurant &amp; Bar", "data": {"symbol": null, "claimed": false, "schedule": null, "score_overall": 4.5, "ranking": 1, "travellers_choice": true, "score_food": 4.0, "score_service": 4.5, "score_price_quality": 4.0, "score_atmosphere": null, "price": {"lower": 25.0, "upper": 50.0}, "type": ["Mediterránea", "Española", "Saludable", "Fusión", "Pub restaurante"], "special_diets": ["Opciones sin gluten"], "meals": ["Desayuno", "Comidas", "Cenas", "Brunch", "Abierto hasta tarde", "Bebidas"], "advantages": ["Reservas", "Terraza exterior", "Restaurante privado", "Capacidad", "Tronas disponibles", "Acceso para discapacitados", "Sirve alcohol", "Bar completo", "Wifi gratuito", "Acepta tarjetas de crédito", "Servicio de mesa", "Vino y cerveza", "Tarjetas de regalo disponibles"], "address": {"name": "Avenida de España, 02002 Albacete España", "link": "https://maps.google.com/maps?saddr=&daddr=Avenida+de+Espa%C3%B1a%2C+02002+Albacete+Espa%C3%B1a@38.987995,-1.854977"}, "webpage": "http://www.gcandela.com/", "email": "operaciones@gcandela.com", "phone": "+34 967 85 88 57"}}}