{"restaurant": {"ta_link": "https://www.tripadvisor.es/Restaurant_Review-g187486-d5489108-Reviews-Telepizza-Albacete_Province_of_Albacete_Castile_La_Mancha.html", "name": "Telepizza", "data": {"symbol": null, "claimed": false, "schedule": null, "score_overall": 2.0, "ranking": 14, "travellers_choice": false, "score_food": null, "score_service": null, "score_price_quality": null, "score_atmosphere": null, "price": null, "type": ["Pizza", "Italiana"], "special_diets": null, "meals": ["Comidas", "Cenas"], "advantages": ["Reservas", "Capacidad", "Servicio de mesa"], "address": {"name": "Avenida Los Toreros 2, 02005 Albacete España", "link": "https://maps.google.com/maps?saddr=&daddr=Avenida+Los+Toreros+2%2C+02005+Albacete+Espa%C3%B1a@38.99785,-1.86672"}, "webpage": "http://www.telepizza.es/", "email": null, "phone": "+34 967 59 01 51"}}}