{"restaurant": {"ta_link": "https://www.tripadvisor.es/Restaurant_Review-g187486-d985926-Reviews-Restaurante_La_Alacena-Albacete_Province_of_Albacete_Castile_La_Mancha.html", "name": "Restaurante La Alacena", "data": {"symbol": "€€ - €€€", "claimed": true, "schedule": {"dom": ["08:00", "00:00"], "lun": ["07:00", "00:00"], "mar": ["07:00", "00:00"], "mié": ["07:00", "00:00"], "jue": ["07:00", "00:00"], "vie": ["07:00", "00:00"], "sáb": ["08:00", "00:00"]}, "score_overall": 3.5, "ranking": 108, "travellers_choice": false, "score_food": 4.0, "score_service": 4.0, "score_price_quality": null, "score_atmosphere": null, "price": null, "type": ["Española"], "special_diets": ["Opciones sin gluten"], "meals": ["Desayuno", "Comidas", "Cenas"], "advantages": ["Reservas", "Acceso para discapacitados", "Para llevar", "Capacidad", "Servicio de mesa"], "address": {"name": "Calle LAUREL, 5, 02008 Albacete España", "link": "https://maps.google.com/maps?saddr=&daddr=Calle+LAUREL%2C+5%2C+02008+Albacete+Espa%C3%B1a@38.985546,-1.845378"}, "webpage": "https://restaurantelaalacena.negocio.site/", "email": "laalacenaalbacete@gmail.com", "phone": "+34 967 24 49 69"}}}