{"restaurant": {"ta_link": "https://www.tripadvisor.es/Restaurant_Review-g187486-d5486142-Reviews-Fogon_Andino-Albacete_Province_of_Albacete_Castile_La_Mancha.html", "name": "Fogón Andino", "data": {"symbol": "€€ - €€€", "claimed": true, "schedule": {"dom": ["10:00", "00:00"], "lun": ["10:00", "00:00"], "mar": ["10:00", "00:00"], "jue": ["10:00", "00:00"], "vie": ["10:00", "00:00"], "sáb": ["10:00", "00:00"]}, "score_overall": 3.5, "ranking": 3, "travellers_choice": false, "score_food": 4.0, "score_service": 3.5, "score_price_quality": 3.5, "score_atmosphere": null, "price": {"lower": 4.0, "upper": 9.0}, "type": ["Sudamericana", "Colombiana"], "special_diets": ["Opciones vegetarianas", "Opciones veganas"], "meals": ["Cenas", "Brunch", "Comidas"], "advantages": ["A domicilio", "Para llevar", "Televisión", "Reservas", "Servicio de mesa", "Capacidad", "Acceso para discapacitados"], "address": {"name": "Calle Francisco Pizarro, 73, 02004 Albacete España", "link": "https://maps.google.com/maps?saddr=&daddr=Calle+Francisco+Pizarro%2C+73%2C+02004+Albacete+Espa%C3%B1a@38.990887,-1.867484"}, "webpage": "http://fogonandino.es/", "email": "fogonandino1@gmail.com", "phone": "+34 967 22 82 23"}}}