{"restaurant": {"ta_link": "https://www.tripadvisor.es/Restaurant_Review-g187486-d7255948-Reviews-Meson_El_Sol-Albacete_Province_of_Albacete_Castile_La_Mancha.html", "name": "meson el sol", "data": {"symbol": "€€ - €€€", "claimed": true, "schedule": {"dom": ["13:30", "16:00"], "lun": ["13:30", "16:00", "20:30", "23:30"], "mar": ["13:30", "16:00", "20:30", "23:00"], "mié": ["13:30", "16:00", "20:30", "23:00"], "jue": ["13:30", "16:00", "20:30", "23:00"], "vie": ["13:30", "16:00", "20:30", "23:00"], "sáb": ["13:30", "16:00", "20:30", "23:00"]}, "score_overall": 4.5, "ranking": 7, "travellers_choice": true, "score_food": 4.5, "score_service": 4.5, "score_price_quality": 4.0, "score_atmosphere": 4.0, "price": {"lower": 15.0, "upper": 40.0}, "type": ["Mediterránea", "Europea", "Española", "Saludable"], "special_diets": ["Opciones vegetarianas", "Opciones veganas", "Opciones sin gluten"], "meals": ["Comidas", "Cenas", "Brunch"], "advantages": ["Para llevar", "Tronas disponibles", "Sirve alcohol", "Acepta Mastercard", "Acepta Visa", "Wifi gratuito", "Reservas", "Restaurante privado", "Capacidad", "Acceso para discapacitados", "Bar completo", "Acepta tarjetas de crédito", "Servicio de mesa"], "address": {"name": "Calle Calderon de la Barca, 21 Calderon de la Barca 21, 2002 Albacete España", "link": "https://maps.google.com/maps?saddr=&daddr=Calle+Calderon+de+la+Barca%2C+21+Calderon+de+la+Barca+21%2C+2002+Albacete+Espa%C3%B1a@38.988945,-1.852639"}, "webpage": "http://www.mesonelsolalbacete.com/", "email": "mesonelsolab@gmail.com", "phone": "+34 967 24 52 05"}}}