{"restaurant": {"ta_link": "https://www.tripadvisor.es/Restaurant_Review-g187486-d5494315-Reviews-Barco-Albacete_Province_of_Albacete_Castile_La_Mancha.html", "name": "Barco", "data": {"symbol": null, "claimed": false, "schedule": {"dom": ["10:00", "17:00"], "lun": ["07:00", "17:00"], "mar": ["07:00", "00:00"], "mié": ["07:00", "00:00"], "jue": ["07:00", "00:00"], "vie": ["07:00", "00:00"], "sáb": ["07:00", "04:00"]}, "score_overall": 4.0, "ranking": 113, "travellers_choice": false, "score_food": null, "score_service": null, "score_price_quality": null, "score_atmosphere": null, "price": null, "type": ["Española"], "special_diets": null, "meals": ["Desayuno", "Comidas", "Cenas"], "advantages": ["Reservas", "Capacidad", "Acceso para discapacitados", "Servicio de mesa"], "address": {"name": "Calle Casas Ibáñez, 37, 02006 Albacete España", "link": "https://maps.google.com/maps?saddr=&daddr=Calle+Casas+Ib%C3%A1%C3%B1ez%2C+37%2C+02006+Albacete+Espa%C3%B1a@39.009605,-1.862197"}, "webpage": "https://website--139062287643052808995-restaurant.negocio.site/", "email": null, "phone": "+34 967 09 38 83"}}}