{"restaurant": {"ta_link": "https://www.tripadvisor.es/Restaurant_Review-g187486-d10796241-Reviews-Cerveceria_Cafeteria_Tempura-Albacete_Province_of_Albacete_Castile_La_Mancha.html", "name": "Cervecería Cafetería Tempura", "data": {"symbol": "€", "claimed": true, "schedule": {"dom": ["10:00", "14:30"], "lun": ["07:30", "23:30"], "mar": ["07:30", "23:30"], "mié": ["07:30", "23:30"], "jue": ["07:30", "23:30"], "vie": ["07:30", "00:00"], "sáb": ["08:30", "00:00"]}, "score_overall": null, "ranking": null, "travellers_choice": false, "score_food": null, "score_service": null, "score_price_quality": null, "score_atmosphere": null, "price": null, "type": ["Pub con cerveza artesanal", "Pizza", "Café", "Española", "Pub"], "special_diets": null, "meals": ["Desayuno", "Comidas", "Cenas"], "advantages": null, "address": {"name": "Avenida Primero de Mayo, 16 junto al supermercado Mercadona, 02006 Albacete España", "link": "https://maps.google.com/maps?saddr=&daddr=Avenida+Primero+de+Mayo%2C+16+junto+al+supermercado+Mercadona%2C+02006+Albacete+Espa%C3%B1a@38.986454,-1.869059"}, "webpage": null, "email": "mdqcervezaartesana@gmail.com", "phone": "+34 967 61 91 18"}}}