{"restaurant": {"ta_link": "https://www.tripadvisor.es/Restaurant_Review-g187486-d6436951-Reviews-Chaflan_de_la_Tapa-Albacete_Province_of_Albacete_Castile_La_Mancha.html", "name": "Chaflán de la Tapa", "data": {"symbol": "€€ - €€€", "claimed": false, "schedule": null, "score_overall": 4.0, "ranking": 21, "travellers_choice": false, "score_food": 4.0, "score_service": 4.0, "score_price_quality": 4.0, "score_atmosphere": 3.5, "price": {"lower": 10.0, "upper": 40.0}, "type": ["Mediterránea", "Española"], "special_diets": ["Opciones sin gluten", "Opciones vegetarianas"], "meals": ["Comidas", "Cenas"], "advantages": ["Reservas", "Capacidad", "Acceso para discapacitados", "Sirve alcohol", "Servicio de mesa", "Bar completo"], "address": {"name": "Plaza de Jesus de Medinaceli 3, 02003 Albacete España", "link": "https://maps.google.com/maps?saddr=&daddr=Plaza+de+Jesus+de+Medinaceli+3%2C+02003+Albacete+Espa%C3%B1a@38.989033,-1.86108"}, "webpage": "https://www.facebook.com/chaflandelatapa", "email": null, "phone": "+34 967 66 42 23"}}}