{"restaurant": {"ta_link": "https://www.tripadvisor.es/Restaurant_Review-g187486-d3974106-Reviews-Taperia_Quintapenas-Albacete_Province_of_Albacete_Castile_La_Mancha.html", "name": "Taperia Quintapenas", "data": {"symbol": "€€ - €€€", "claimed": false, "schedule": null, "score_overall": 3.5, "ranking": 8, "travellers_choice": false, "score_food": 4.0, "score_service": 4.0, "score_price_quality": 3.5, "score_atmosphere": 4.0, "price": null, "type": ["Española", "Europea"], "special_diets": null, "meals": ["Cenas", "Comidas"], "advantages": ["Reservas", "Capacidad", "Sirve alcohol", "Servicio de mesa", "Acceso para discapacitados"], "address": {"name": "Calle Guzman El Bueno No 4, 02002 Albacete España", "link": "https://maps.google.com/maps?saddr=&daddr=Calle+Guzman+El+Bueno+No+4%2C+02002+Albacete+Espa%C3%B1a@38.991886,-1.853103"}, "webpage": "http://www.quintapenas.com/", "email": "info@taperiaquintapenas.com", "phone": "+34 967 67 30 10"}}}