{"restaurant": {"ta_link": "https://www.tripadvisor.es/Restaurant_Review-g187486-d21260627-Reviews-Llaollao-Albacete_Province_of_Albacete_Castile_La_Mancha.html", "name": "Llaollao", "data": {"symbol": "€", "claimed": true, "schedule": {"dom": ["11:30", "22:30"], "lun": ["11:30", "22:30"], "mar": ["11:30", "22:30"], "mié": ["11:30", "22:30"], "jue": ["11:30", "22:30"], "vie": ["11:30", "22:30"], "sáb": ["11:30", "22:30"]}, "score_overall": null, "ranking": null, "travellers_choice": false, "score_food": null, "score_service": null, "score_price_quality": null, "score_atmosphere": null, "price": {"lower": 2.0, "upper": 5.0}, "type": ["Saludable"], "special_diets": null, "meals": ["Comidas", "Cenas"], "advantages": null, "address": {"name": "Calle Rios Rosas, 1 C.C. Albacenter, 02001 Albacete España", "link": "https://maps.google.com/maps?saddr=&daddr=Calle+Rios+Rosas%2C+1+C.C.+Albacenter%2C+02001+Albacete+Espa%C3%B1a@38.9904,-1.846775"}, "webpage": "http://www.llaollaoweb.com/es/tienda/albacete-albacenter/?utm_source=TRPA&utm_medium=&utm_campaign=tripadvisor-local", "email": null, "phone": "+34 968 78 83 67"}}}