{"restaurant": {"ta_link": "https://www.tripadvisor.es/Restaurant_Review-g187486-d24003200-Reviews-Avenida_New_Line-Albacete_Province_of_Albacete_Castile_La_Mancha.html", "name": "Avenida New Line", "data": {"symbol": null, "claimed": false, "schedule": null, "score_overall": 5.0, "ranking": 155, "travellers_choice": false, "score_food": null, "score_service": null, "score_price_quality": null, "score_atmosphere": null, "price": {"lower": 7.0, "upper": 15.0}, "type": ["Española"], "special_diets": null, "meals": ["Desayuno", "Comidas", "Cenas"], "advantages": ["Reservas", "Capacidad", "Servicio de mesa", "Acceso para discapacitados"], "address": {"name": "Calle Mayor N:45, 02002 Albacete España", "link": "https://maps.google.com/maps?saddr=&daddr=Calle+Mayor+N%3A45%2C+02002+Albacete+Espa%C3%B1a@38.993267,-1.854335"}, "webpage": "https://www.facebook.com/Avenida-New-Line-107080474151384/", "email": null, "phone": "+34 618 88 53 78"}}}