{"restaurant": {"ta_link": "https://www.tripadvisor.es/Restaurant_Review-g187486-d10306999-Reviews-Restaurante_Los_Martinez-Albacete_Province_of_Albacete_Castile_La_Mancha.html", "name": "Restaurante Los Martinez", "data": {"symbol": "€€ - €€€", "claimed": false, "schedule": null, "score_overall": 4.0, "ranking": 50, "travellers_choice": false, "score_food": 4.5, "score_service": 4.0, "score_price_quality": 4.5, "score_atmosphere": null, "price": {"lower": 10.0, "upper": 15.0}, "type": ["Española"], "special_diets": ["Opciones vegetarianas", "Opciones sin gluten", "Opciones veganas"], "meals": ["Cenas"], "advantages": ["Reservas", "Sirve alcohol", "Servicio de mesa", "Capacidad"], "address": {"name": "Plaza de la Constitucion S/N Tinajeros, 02155 Albacete España", "link": "https://maps.google.com/maps?saddr=&daddr=Plaza+de+la+Constitucion+S%2FN+Tinajeros%2C+02155+Albacete+Espa%C3%B1a@39.06859,-1.74308"}, "webpage": "https://www.facebook.com/Restaurante-Los-Martinez-1398749047036078/", "email": null, "phone": "+34 967 25 20 67"}}}