{"restaurant": {"ta_link": "https://www.tripadvisor.es/Restaurant_Review-g187486-d11813258-Reviews-Pasteleria_Roldan-Albacete_Province_of_Albacete_Castile_La_Mancha.html", "name": "Pastelería Roldán", "data": {"symbol": null, "claimed": false, "schedule": null, "score_overall": 1.5, "ranking": 314, "travellers_choice": false, "score_food": null, "score_service": null, "score_price_quality": null, "score_atmosphere": null, "price": {"lower": 3.0, "upper": 15.0}, "type": ["Americana", "Comida rápida"], "special_diets": ["Opciones vegetarianas"], "meals": ["Brunch"], "advantages": ["Acceso para discapacitados"], "address": {"name": "Avenida de Espana 4, 02002 Albacete España", "link": "https://maps.google.com/maps?saddr=&daddr=Avenida+de+Espana+4%2C+02002+Albacete+Espa%C3%B1a@38.98635,-1.85441"}, "webpage": null, "email": null, "phone": "+34 967 60 91 06"}}}