{"restaurant": {"ta_link": "https://www.tripadvisor.es/Restaurant_Review-g187486-d23063616-Reviews-Juan_Rueda_Salto-Albacete_Province_of_Albacete_Castile_La_Mancha.html", "name": "Juan Rueda Salto", "data": {"symbol": null, "claimed": false, "schedule": null, "score_overall": null, "ranking": null, "travellers_choice": false, "score_food": null, "score_service": null, "score_price_quality": null, "score_atmosphere": null, "price": null, "type": null, "special_diets": null, "meals": null, "advantages": null, "address": {"name": "Calle ELISA PIQUERAS LOZANO, 9 5º A, 02006 Albacete España", "link": "https://maps.google.com/maps?saddr=&daddr=Calle+ELISA+PIQUERAS+LOZANO%2C+9+5%C2%BA+A%2C+02006+Albacete+Espa%C3%B1a@38.989975,-1.873246"}, "webpage": null, "email": "jurusu60@hotmail.com", "phone": "+34 620 30 81 66"}}}