{"restaurant": {"ta_link": "https://www.tripadvisor.es/Restaurant_Review-g187486-d10622201-Reviews-La_Andaluza-Albacete_Province_of_Albacete_Castile_La_Mancha.html", "name": "La Andaluza Albacete", "data": {"symbol": "€", "claimed": true, "schedule": {"dom": ["08:00", "00:00"], "mar": ["08:00", "00:00"], "mié": ["08:00", "00:00"], "jue": ["08:00", "00:00"], "vie": ["08:00", "00:00"], "sáb": ["08:00", "00:00"]}, "score_overall": 5.0, "ranking": 102, "travellers_choice": false, "score_food": null, "score_service": null, "score_price_quality": null, "score_atmosphere": null, "price": {"lower": 25.0, "upper": 60.0}, "type": ["Española"], "special_diets": ["Opciones veganas"], "meals": ["Bebidas", "Desayuno", "Comidas", "Cenas"], "advantages": ["Para llevar", "Terraza exterior", "Capacidad", "Televisión", "Tronas disponibles", "Acceso para discapacitados", "Sirve alcohol", "Bar completo", "Acepta Mastercard", "Acepta Visa", "Wifi gratuito", "Reservas", "Acepta tarjetas de crédito"], "address": {"name": "Plaza Jesus de Medinaceli 3, 02003 Albacete España", "link": "https://maps.google.com/maps?saddr=&daddr=Plaza+Jesus+de+Medinaceli+3%2C+02003+Albacete+Espa%C3%B1a@38.98934,-1.860993"}, "webpage": "http://www.facebook.com/Laandaluzaalbacete/", "email": "ALBACETE@LAANDALUZA.COM", "phone": "+34 967 61 80 88"}}}