{"restaurant": {"ta_link": "https://www.tripadvisor.es/Restaurant_Review-g187486-d25069061-Reviews-JJC_Gastronomi_a-Albacete_Province_of_Albacete_Castile_La_Mancha.html", "name": "JJC Gastronomía", "data": {"symbol": null, "claimed": false, "schedule": null, "score_overall": 3.0, "ranking": 256, "travellers_choice": false, "score_food": null, "score_service": null, "score_price_quality": null, "score_atmosphere": null, "price": null, "type": null, "special_diets": null, "meals": null, "advantages": null, "address": {"name": "Calle PEREZ GALDOS, 56, 02004 Albacete España", "link": "https://maps.google.com/maps?saddr=&daddr=Calle+PEREZ+GALDOS%2C+56%2C+02004+Albacete+Espa%C3%B1a@38.99212,-1.86272"}, "webpage": null, "email": "juanjo12cortes@gmail.com", "phone": "+34 967 70 64 80"}}}