{"restaurant": {"ta_link": "https://www.tripadvisor.es/Restaurant_Review-g187486-d13962254-Reviews-Cafe_Bar_Oca_II-Albacete_Province_of_Albacete_Castile_La_Mancha.html", "name": "Café Bar Oca II", "data": {"symbol": null, "claimed": false, "schedule": null, "score_overall": 4.0, "ranking": 140, "travellers_choice": false, "score_food": null, "score_service": null, "score_price_quality": null, "score_atmosphere": null, "price": {"lower": 4.0, "upper": 10.0}, "type": ["Española"], "special_diets": ["Opciones veganas"], "meals": ["Brunch", "Comidas", "Bebidas"], "advantages": ["Capacidad", "Acceso para discapacitados", "Sirve alcohol", "Servicio de mesa"], "address": {"name": "Calle de San Antonio 22, 02001 Albacete España", "link": "https://maps.google.com/maps?saddr=&daddr=Calle+de+San+Antonio+22%2C+02001+Albacete+Espa%C3%B1a@38.99701,-1.85392"}, "webpage": null, "email": null, "phone": "+34 967 52 23 40"}}}