{"restaurant": {"ta_link": "https://www.tripadvisor.es/Restaurant_Review-g187486-d17700109-Reviews-Las_Cosas_De_Lucia-Albacete_Province_of_Albacete_Castile_La_Mancha.html", "name": "Las Cosas De Lucía", "data": {"symbol": "€€ - €€€", "claimed": false, "schedule": null, "score_overall": 5.0, "ranking": 41, "travellers_choice": false, "score_food": null, "score_service": null, "score_price_quality": null, "score_atmosphere": null, "price": {"lower": 2.0, "upper": 9.0}, "type": ["Española"], "special_diets": ["Opciones vegetarianas", "Opciones veganas"], "meals": ["Comidas"], "advantages": ["Televisión", "Acceso para discapacitados", "Sirve alcohol", "Bar completo", "Vino y cerveza", "Acepta American Express", "Acepta Mastercard", "Acepta Visa", "Solo efectivo", "Wifi gratuito", "Servicio de mesa", "Para llevar", "Reservas", "Terraza exterior", "Capacidad"], "address": {"name": "Calle de la Feria Nº 129, 02004 Albacete España", "link": "https://maps.google.com/maps?saddr=&daddr=Calle+de+la+Feria+N%C2%BA+129%2C+02004+Albacete+Espa%C3%B1a@38.99581,-1.85817"}, "webpage": "https://www.facebook.com/Lascosasdelucia.taperia/", "email": null, "phone": "+34 967 02 18 18"}}}