{"restaurant": {"ta_link": "https://www.tripadvisor.es/Restaurant_Review-g187486-d24363313-Reviews-El_Ruedo_De_Carmen-Albacete_Province_of_Albacete_Castile_La_Mancha.html", "name": "El Ruedo De Carmen", "data": {"symbol": null, "claimed": false, "schedule": null, "score_overall": null, "ranking": null, "travellers_choice": false, "score_food": null, "score_service": null, "score_price_quality": null, "score_atmosphere": null, "price": null, "type": ["Española"], "special_diets": null, "meals": ["Desayuno", "Comidas", "Cenas"], "advantages": null, "address": {"name": "Calle Torero Manuel Jiménez Díaz Chicuelo Ii 1, 02005 Albacete España", "link": "https://maps.google.com/maps?saddr=&daddr=Calle+Torero+Manuel+Jim%C3%A9nez+D%C3%ADaz+Chicuelo+Ii+1%2C+02005+Albacete+Espa%C3%B1a@38.99435,-1.858542"}, "webpage": null, "email": null, "phone": "+34 967 26 68 41"}}}