{"restaurant": {"ta_link": "https://www.tripadvisor.es/Restaurant_Review-g187486-d9745057-Reviews-Cafeteria_Bar_Leo-Albacete_Province_of_Albacete_Castile_La_Mancha.html", "name": "Cafetería Bar Leo", "data": {"symbol": "€€ - €€€", "claimed": false, "schedule": null, "score_overall": 3.5, "ranking": 124, "travellers_choice": false, "score_food": 3.5, "score_service": 3.5, "score_price_quality": 3.5, "score_atmosphere": null, "price": {"lower": 5.0, "upper": 20.0}, "type": ["Mediterránea", "Española"], "special_diets": ["Opciones vegetarianas", "Opciones veganas"], "meals": ["Desayuno", "Comidas", "Cenas"], "advantages": ["Sirve alcohol", "Servicio de mesa", "Reservas", "Capacidad", "Acceso para discapacitados"], "address": {"name": "Calle Alcalde Conangla 4, 02001 Albacete España", "link": "https://maps.google.com/maps?saddr=&daddr=Calle+Alcalde+Conangla+4%2C+02001+Albacete+Espa%C3%B1a@38.996143,-1.851944"}, "webpage": null, "email": null, "phone": "+34 967 21 97 50"}}}