{"restaurant": {"ta_link": "https://www.tripadvisor.es/Restaurant_Review-g187486-d19656753-Reviews-VIPS_Smart_CC_Imaginalia-Albacete_Province_of_Albacete_Castile_La_Mancha.html", "name": "VIPS Smart CC Imaginalia", "data": {"symbol": null, "claimed": true, "schedule": {"dom": ["12:30", "23:30"], "lun": ["12:30", "23:30"], "mar": ["12:30", "23:30"], "mié": ["12:30", "23:30"], "jue": ["12:30", "23:30"], "vie": ["12:30", "00:00"], "sáb": ["12:30", "00:00"]}, "score_overall": 2.5, "ranking": 275, "travellers_choice": false, "score_food": null, "score_service": null, "score_price_quality": null, "score_atmosphere": null, "price": {"lower": 8.0, "upper": 15.0}, "type": ["Mediterránea", "Española"], "special_diets": null, "meals": ["Comidas", "Cenas"], "advantages": ["Capacidad", "Sirve alcohol", "Bar completo", "Acepta tarjetas de crédito", "Servicio de mesa", "Reservas", "Terraza exterior", "Televisión", "Vino y cerveza", "Restaurantes de no fumadores"], "address": {"name": "Av. de la Ilustración, 51, 2006 Albacete España", "link": "https://maps.google.com/maps?saddr=&daddr=Av.+de+la+Ilustraci%C3%B3n%2C+51%2C+2006+Albacete+Espa%C3%B1a@39.007763,-1.879533"}, "webpage": "http://www.vips.es/vipsmart", "email": null, "phone": "+34967750900"}}}