{"restaurant": {"ta_link": "https://www.tripadvisor.es/Restaurant_Review-g187486-d10862989-Reviews-Cafe_bar_Estadio-Albacete_Province_of_Albacete_Castile_La_Mancha.html", "name": "Café bar Estadio", "data": {"symbol": "€€ - €€€", "claimed": false, "schedule": null, "score_overall": 4.0, "ranking": 72, "travellers_choice": false, "score_food": 4.0, "score_service": 4.5, "score_price_quality": 4.0, "score_atmosphere": null, "price": {"lower": 5.0, "upper": 25.0}, "type": ["Mediterránea", "Española"], "special_diets": ["Opciones vegetarianas"], "meals": ["Cenas"], "advantages": ["Capacidad", "Acceso para discapacitados", "Servicio de mesa", "Reservas"], "address": {"name": "Calle de Cristobal Lozano 35, 02002 Albacete España", "link": "https://maps.google.com/maps?saddr=&daddr=Calle+de+Cristobal+Lozano+35%2C+02002+Albacete+Espa%C3%B1a@38.983753,-1.852587"}, "webpage": null, "email": null, "phone": "+34 967 22 20 12"}}}