{"restaurant": {"ta_link": "https://www.tripadvisor.es/Restaurant_Review-g187486-d3678549-Reviews-Restaurante_Don_Pulpo-Albacete_Province_of_Albacete_Castile_La_Mancha.html", "name": "Restaurante Don Pulpo", "data": {"symbol": "€€ - €€€", "claimed": false, "schedule": null, "score_overall": 3.5, "ranking": 190, "travellers_choice": false, "score_food": 3.5, "score_service": 3.5, "score_price_quality": 3.5, "score_atmosphere": null, "price": {"lower": 10.0, "upper": 30.0}, "type": ["Marisco", "Mediterránea", "Española"], "special_diets": ["Opciones veganas"], "meals": ["Desayuno", "Brunch"], "advantages": ["Reservas", "Capacidad", "Sirve alcohol", "Servicio de mesa", "Acceso para discapacitados"], "address": {"name": "Calle Agustina de Aragon 1 02006, 02006 Albacete España", "link": "https://maps.google.com/maps?saddr=&daddr=Calle+Agustina+de+Aragon+1+02006%2C+02006+Albacete+Espa%C3%B1a@38.998245,-1.874118"}, "webpage": "http://www.marksandspencer.com/c/food-to-order/not-just-any-food/mands-brands/cafe", "email": null, "phone": "+34 967 50 97 19"}}}