{"restaurant": {"ta_link": "https://www.tripadvisor.es/Restaurant_Review-g187486-d9561201-Reviews-La_Esquina-Albacete_Province_of_Albacete_Castile_La_Mancha.html", "name": "La Esquina", "data": {"symbol": null, "claimed": false, "schedule": null, "score_overall": 3.5, "ranking": 197, "travellers_choice": false, "score_food": null, "score_service": null, "score_price_quality": null, "score_atmosphere": null, "price": null, "type": null, "special_diets": null, "meals": null, "advantages": null, "address": {"name": "Avenida de Espana 71, 02008 Albacete España", "link": "https://maps.google.com/maps?saddr=&daddr=Avenida+de+Espana+71%2C+02008+Albacete+Espa%C3%B1a@38.97956,-1.85296"}, "webpage": null, "email": null, "phone": null}}}