{"restaurant": {"ta_link": "https://www.tripadvisor.es/Restaurant_Review-g187486-d12148973-Reviews-Restaurante_Meson_Museo_del_Legionario-Albacete_Province_of_Albacete_Castile_La_.html", "name": "Restaurante Meson Museo del Legionario", "data": {"symbol": null, "claimed": false, "schedule": null, "score_overall": 4.5, "ranking": 133, "travellers_choice": false, "score_food": null, "score_service": null, "score_price_quality": null, "score_atmosphere": null, "price": null, "type": null, "special_diets": null, "meals": null, "advantages": null, "address": {"name": "Calle Hermanos Falco No 23, 02008 Albacete España", "link": "https://maps.google.com/maps?saddr=&daddr=Calle+Hermanos+Falco+No+23%2C+02008+Albacete+Espa%C3%B1a@38.98685,-1.848143"}, "webpage": null, "email": null, "phone": "+34 675 92 88 62"}}}