{"restaurant": {"ta_link": "https://www.tripadvisor.es/Restaurant_Review-g187486-d8124626-Reviews-Taperia_de_Jose_Luis-Albacete_Province_of_Albacete_Castile_La_Mancha.html", "name": "Taperia de Jose Luis", "data": {"symbol": "€€ - €€€", "claimed": false, "schedule": null, "score_overall": 3.5, "ranking": 98, "travellers_choice": false, "score_food": 4.0, "score_service": 3.5, "score_price_quality": 3.5, "score_atmosphere": null, "price": {"lower": 10.0, "upper": 20.0}, "type": ["Española"], "special_diets": ["Opciones veganas"], "meals": ["Cenas"], "advantages": ["Reservas", "Capacidad", "Acceso para discapacitados", "Servicio de mesa", "Sirve alcohol"], "address": {"name": "Calle Cura 5, 02001 Albacete España", "link": "https://maps.google.com/maps?saddr=&daddr=Calle+Cura+5%2C+02001+Albacete+Espa%C3%B1a@38.99548,-1.85699"}, "webpage": "http://www.taperiajoseluis.com/", "email": null, "phone": "+34 967 19 30 79"}}}