{"restaurant": {"ta_link": "https://www.tripadvisor.es/Restaurant_Review-g187486-d3166382-Reviews-Taperia_Faeli-Albacete_Province_of_Albacete_Castile_La_Mancha.html", "name": "Taperia Faeli", "data": {"symbol": "€€ - €€€", "claimed": false, "schedule": {"lun": ["09:00", "17:30"], "mar": ["09:00", "17:00", "20:00", "00:00"], "mié": ["09:00", "17:00", "20:00", "00:00"], "jue": ["09:00", "17:00", "20:00", "00:00"], "vie": ["09:00", "17:00", "20:00", "00:00"], "sáb": ["10:00", "17:00", "20:00", "00:00"]}, "score_overall": 4.0, "ranking": 60, "travellers_choice": false, "score_food": 4.0, "score_service": 4.0, "score_price_quality": 3.5, "score_atmosphere": 4.5, "price": {"lower": 10.0, "upper": 15.0}, "type": ["Mediterránea", "Española"], "special_diets": ["Opciones vegetarianas", "Opciones sin gluten", "Opciones veganas"], "meals": ["Comidas", "Cenas"], "advantages": ["Reservas", "Capacidad", "Acceso para discapacitados", "Sirve alcohol", "Servicio de mesa"], "address": {"name": "Calle Zapateros 2, 02001 Albacete España", "link": "https://maps.google.com/maps?saddr=&daddr=Calle+Zapateros+2%2C+02001+Albacete+Espa%C3%B1a@38.99498,-1.857389"}, "webpage": "http://www.facebook.com/taperiafaeli", "email": null, "phone": "+34 967 21 69 14"}}}