{"restaurant": {"ta_link": "https://www.tripadvisor.es/Restaurant_Review-g187486-d5487039-Reviews-Telepizza-Albacete_Province_of_Albacete_Castile_La_Mancha.html", "name": "Telepizza", "data": {"symbol": null, "claimed": false, "schedule": null, "score_overall": 1.5, "ranking": 14, "travellers_choice": false, "score_food": null, "score_service": null, "score_price_quality": null, "score_atmosphere": null, "price": null, "type": ["Pizza"], "special_diets": null, "meals": ["Desayuno", "Cenas"], "advantages": ["Acceso para discapacitados", "Servicio de mesa", "Reservas", "Capacidad"], "address": {"name": "ISABEL LA CATOLICA 28 - 30, 02005 Albacete España", "link": "https://maps.google.com/maps?saddr=&daddr=ISABEL+LA+CATOLICA+28+-+30%2C+02005+Albacete+Espa%C3%B1a@38.99888,-1.8595"}, "webpage": "http://www.telepizza.es/", "email": null, "phone": "+34 967 52 26 30"}}}