{"restaurant": {"ta_link": "https://www.tripadvisor.es/Restaurant_Review-g187486-d7624831-Reviews-The_Good_Burger-Albacete_Province_of_Albacete_Castile_La_Mancha.html", "name": "The Good Burger", "data": {"symbol": "€", "claimed": false, "schedule": null, "score_overall": 3.0, "ranking": 9, "travellers_choice": false, "score_food": 3.5, "score_service": 3.5, "score_price_quality": 3.5, "score_atmosphere": null, "price": null, "type": ["Comida rápida"], "special_diets": null, "meals": null, "advantages": ["Para llevar", "Acceso para discapacitados", "Capacidad"], "address": {"name": "Calle Concepcion 22, 02002 Albacete España", "link": "https://maps.google.com/maps?saddr=&daddr=Calle+Concepcion+22%2C+02002+Albacete+Espa%C3%B1a@38.99378,-1.85437"}, "webpage": "http://www.thegoodburger.com/#portadaTop", "email": null, "phone": null}}}