{"restaurant": {"ta_link": "https://www.tripadvisor.es/Restaurant_Review-g187486-d23524821-Reviews-Bar_Los_Amigos-Albacete_Province_of_Albacete_Castile_La_Mancha.html", "name": "Bar Los Amigos", "data": {"symbol": null, "claimed": false, "schedule": {"dom": ["06:00", "00:00"], "lun": ["06:00", "19:00"], "mar": ["06:00", "19:00"], "mié": ["06:00", "19:00"], "jue": ["06:00", "19:00"], "vie": ["06:00", "02:00"], "sáb": ["06:00", "02:00"]}, "score_overall": null, "ranking": null, "travellers_choice": false, "score_food": null, "score_service": null, "score_price_quality": null, "score_atmosphere": null, "price": null, "type": ["Mediterránea", "Española"], "special_diets": null, "meals": ["Desayuno", "Comidas", "Cenas"], "advantages": null, "address": {"name": "Av. Príncipe, 14, 02328 Albacete España", "link": "https://maps.google.com/maps?saddr=&daddr=Av.+Pr%C3%ADncipe%2C+14%2C+02328+Albacete+Espa%C3%B1a@38.902702,-1.991708"}, "webpage": "https://www.facebook.com/Bar-Los-Amigos-283021648511573/", "email": null, "phone": null}}}