{"restaurant": {"ta_link": "https://www.tripadvisor.es/Restaurant_Review-g187486-d12332303-Reviews-Don_Pollo-Albacete_Province_of_Albacete_Castile_La_Mancha.html", "name": "Don Pollo", "data": {"symbol": "€", "claimed": true, "schedule": {"dom": ["10:00", "17:00"], "lun": ["10:00", "17:00"], "mar": ["10:00", "17:00"], "mié": ["10:00", "17:00"], "jue": ["10:00", "17:00"], "vie": ["10:00", "17:00"], "sáb": ["10:00", "17:00"]}, "score_overall": 4.5, "ranking": 91, "travellers_choice": false, "score_food": null, "score_service": null, "score_price_quality": null, "score_atmosphere": null, "price": {"lower": 3.0, "upper": 9.0}, "type": ["Restaurante de carne"], "special_diets": ["Opciones vegetarianas"], "meals": ["Comidas"], "advantages": ["Para llevar", "A domicilio", "Reservas", "Acceso para discapacitados", "Acepta tarjetas de crédito"], "address": {"name": "Calle de La Feria, 28, 02005 Albacete España", "link": "https://maps.google.com/maps?saddr=&daddr=Calle+de+La+Feria%2C+28%2C+02005+Albacete+Espa%C3%B1a@38.99604,-1.860818"}, "webpage": "http://www.donpolloalbacete.com/", "email": null, "phone": "+34 967 61 55 53"}}}