{"restaurant": {"ta_link": "https://www.tripadvisor.es/Restaurant_Review-g187486-d6405071-Reviews-Aladino_kebab_tejares-Albacete_Province_of_Albacete_Castile_La_Mancha.html", "name": "Aladino kebab tejares", "data": {"symbol": "€", "claimed": false, "schedule": {"dom": ["12:00", "16:15", "19:00", "00:15"], "lun": ["12:00", "16:15", "19:00", "00:15"], "mar": ["12:00", "16:15", "19:00", "00:15"], "mié": ["12:00", "16:15", "19:00", "00:15"], "jue": ["12:00", "16:15", "19:00", "00:15"], "vie": ["12:00", "16:15", "19:00", "00:15"], "sáb": ["12:00", "16:15", "19:00", "00:15"]}, "score_overall": 4.0, "ranking": 8, "travellers_choice": false, "score_food": null, "score_service": null, "score_price_quality": null, "score_atmosphere": null, "price": null, "type": ["Turca", "Comida rápida"], "special_diets": null, "meals": ["Comidas", "Cenas"], "advantages": null, "address": {"name": "Calle Tejares 12, 02002 Albacete España", "link": "https://maps.google.com/maps?saddr=&daddr=Calle+Tejares+12%2C+02002+Albacete+Espa%C3%B1a@38.99168,-1.85388"}, "webpage": "http://kebabaladinotejaresalbacete.com/?utm_source=tripadvisor&utm_campaign=KebabAladinoTejares&utm_medium=tr-activation&utm_term=microsite", "email": "Brut_59@hotmail.com", "phone": "+34 967 60 50 77"}}}