{"restaurant": {"ta_link": "https://www.tripadvisor.es/Restaurant_Review-g187486-d14092288-Reviews-The_Black_House_Burger-Albacete_Province_of_Albacete_Castile_La_Mancha.html", "name": "The Black House Burger", "data": {"symbol": "€", "claimed": true, "schedule": null, "score_overall": 2.5, "ranking": 6, "travellers_choice": false, "score_food": null, "score_service": null, "score_price_quality": null, "score_atmosphere": null, "price": {"lower": 4.0, "upper": 8.0}, "type": ["Americana"], "special_diets": null, "meals": null, "advantages": ["Capacidad", "Servicio de mesa", "Para llevar", "Reservas"], "address": {"name": "Calle de la Parra 9, 02002 Albacete España", "link": "https://maps.google.com/maps?saddr=&daddr=Calle+de+la+Parra+9%2C+02002+Albacete+Espa%C3%B1a@38.99135,-1.853083"}, "webpage": "http://www.theblackhouseburger.es/", "email": "theblackhouseburger@gmail.com", "phone": "+34 655 55 49 94"}}}