{"restaurant": {"ta_link": "https://www.tripadvisor.es/Restaurant_Review-g187486-d8757718-Reviews-El_Embrujo-Albacete_Province_of_Albacete_Castile_La_Mancha.html", "name": "El Embrujo", "data": {"symbol": "€€ - €€€", "claimed": false, "schedule": null, "score_overall": 3.5, "ranking": 198, "travellers_choice": false, "score_food": 4.0, "score_service": 4.0, "score_price_quality": 3.5, "score_atmosphere": null, "price": null, "type": null, "special_diets": null, "meals": null, "advantages": ["Capacidad", "Reservas", "Servicio de mesa"], "address": {"name": "Paseo Libertad 11, 02001 Albacete España", "link": "https://maps.google.com/maps?saddr=&daddr=Paseo+Libertad+11%2C+02001+Albacete+Espa%C3%B1a@38.996204,-1.852777"}, "webpage": null, "email": null, "phone": "+34 967 61 65 04"}}}