{"restaurant": {"ta_link": "https://www.tripadvisor.es/Restaurant_Review-g187486-d8675937-Reviews-Taberna_de_Mari-Albacete_Province_of_Albacete_Castile_La_Mancha.html", "name": "Taberna de Mari", "data": {"symbol": "€€ - €€€", "claimed": true, "schedule": null, "score_overall": 4.0, "ranking": 80, "travellers_choice": false, "score_food": 4.0, "score_service": 4.5, "score_price_quality": 4.0, "score_atmosphere": null, "price": {"lower": 13.0, "upper": 24.0}, "type": ["Mediterránea", "Española"], "special_diets": ["Opciones veganas"], "meals": ["Comidas", "Cenas"], "advantages": ["Para llevar", "Reservas", "Capacidad", "Acceso para discapacitados", "Servicio de mesa", "Sirve alcohol"], "address": {"name": "Calle Municipio de Molinicos 7 Zona Comercial E Industrial, 02005 Albacete España", "link": "https://maps.google.com/maps?saddr=&daddr=Calle+Municipio+de+Molinicos+7+Zona+Comercial+E+Industrial%2C+02005+Albacete+Espa%C3%B1a@39.008377,-1.872767"}, "webpage": null, "email": null, "phone": "+34 967 21 75 45"}}}