{"restaurant": {"ta_link": "https://www.tripadvisor.es/Restaurant_Review-g187486-d12852236-Reviews-Restaurante_Zhe_Jiang-Albacete_Province_of_Albacete_Castile_La_Mancha.html", "name": "Restaurante Zhe Jiang", "data": {"symbol": null, "claimed": false, "schedule": null, "score_overall": 1.0, "ranking": 9, "travellers_choice": false, "score_food": null, "score_service": null, "score_price_quality": null, "score_atmosphere": null, "price": {"lower": 6.0, "upper": 12.0}, "type": ["Asiática"], "special_diets": null, "meals": ["Comidas", "Cenas"], "advantages": ["Reservas", "Acepta tarjetas de crédito", "Capacidad", "Acceso para discapacitados", "Servicio de mesa"], "address": {"name": "Calle Méjico, 5, 02006 Albacete España", "link": "https://maps.google.com/maps?saddr=&daddr=Calle+M%C3%A9jico%2C+5%2C+02006+Albacete+Espa%C3%B1a@38.985252,-1.869045"}, "webpage": "http://www.restaurante-chino-granmuralla.com/restaurante-asiatico-zhe-jiang-albacete", "email": null, "phone": "+34 967 66 41 96"}}}