{"restaurant": {"ta_link": "https://www.tripadvisor.es/Restaurant_Review-g187486-d18931200-Reviews-Cafeteria_Coronas-Albacete_Province_of_Albacete_Castile_La_Mancha.html", "name": "Cafeteria Coronas", "data": {"symbol": null, "claimed": false, "schedule": null, "score_overall": 4.5, "ranking": 19, "travellers_choice": false, "score_food": null, "score_service": null, "score_price_quality": null, "score_atmosphere": null, "price": {"lower": 6.0, "upper": 18.0}, "type": ["Café", "Española"], "special_diets": ["Opciones veganas"], "meals": ["Desayuno", "Comidas", "Cenas"], "advantages": ["Reservas", "Servicio de mesa", "A domicilio", "Para llevar", "Terraza exterior", "Capacidad", "Aparcamiento en la calle", "Estacionamiento gratuito en la calle", "Televisión", "Acceso para discapacitados", "Sirve alcohol", "Bar completo", "Vino y cerveza", "Pagos digitales", "Wifi gratuito", "Acepta tarjetas de crédito", "Zonas de juego"], "address": {"name": "Paseo la Libertad 16, 02001 Albacete España", "link": "https://maps.google.com/maps?saddr=&daddr=Paseo+la+Libertad+16%2C+02001+Albacete+Espa%C3%B1a@38.99608,-1.85263"}, "webpage": null, "email": null, "phone": "+34 967 24 07 14"}}}