{"restaurant": {"ta_link": "https://www.tripadvisor.es/Restaurant_Review-g187486-d16847896-Reviews-Monumental_Restaurant-Albacete_Province_of_Albacete_Castile_La_Mancha.html", "name": "Monumental Restaurant", "data": {"symbol": "€€ - €€€", "claimed": true, "schedule": {"dom": ["13:30", "16:00"], "mar": ["13:30", "16:00"], "mié": ["13:30", "16:00"], "jue": ["13:30", "16:00"], "vie": ["13:30", "16:00", "20:00", "23:00"], "sáb": ["13:30", "16:00", "20:00", "23:00"]}, "score_overall": 3.5, "ranking": 98, "travellers_choice": false, "score_food": 4.0, "score_service": 3.5, "score_price_quality": 3.5, "score_atmosphere": null, "price": {"lower": 10.0, "upper": 30.0}, "type": ["Mediterránea", "Española", "Saludable"], "special_diets": ["Opciones veganas"], "meals": ["Comidas", "Cenas"], "advantages": ["Reservas", "Capacidad", "Sirve alcohol", "Bar completo", "Servicio de mesa"], "address": {"name": "Concepción, 33, 02002 Albacete España", "link": "https://maps.google.com/maps?saddr=&daddr=Concepci%C3%B3n%2C+33%2C+02002+Albacete+Espa%C3%B1a@38.99324,-1.852471"}, "webpage": "https://www.facebook.com/monumentalrestaurantalbacete/", "email": "albacete@monumentalrestaurant.com", "phone": "+34 967 73 14 77"}}}