{"restaurant": {"ta_link": "https://www.tripadvisor.es/Restaurant_Review-g187486-d999029-Reviews-Rte_manchego-Albacete_Province_of_Albacete_Castile_La_Mancha.html", "name": "Rte.manchego", "data": {"symbol": "€€ - €€€", "claimed": false, "schedule": null, "score_overall": 3.5, "ranking": 103, "travellers_choice": false, "score_food": null, "score_service": null, "score_price_quality": null, "score_atmosphere": null, "price": {"lower": 10.0, "upper": 36.0}, "type": ["Mediterránea"], "special_diets": null, "meals": ["Comidas"], "advantages": ["Reservas"], "address": {"name": "Avda. de la Concordia 74 Pozo Cañada, 02510 Albacete España", "link": "https://maps.google.com/maps?saddr=&daddr=Avda.+de+la+Concordia+74+Pozo+Ca%C3%B1ada%2C+02510+Albacete+Espa%C3%B1a@38.9987,-1.87226"}, "webpage": "https://www.facebook.com/RestauranteManchego/", "email": "restaurantehermanossoria@gmail.com", "phone": "+34 967 25 00 35"}}}