{"restaurant": {"ta_link": "https://www.tripadvisor.es/Restaurant_Review-g187486-d6370144-Reviews-Casa_Juan-Albacete_Province_of_Albacete_Castile_La_Mancha.html", "name": "Casa Juan", "data": {"symbol": "€", "claimed": false, "schedule": null, "score_overall": 4.0, "ranking": 76, "travellers_choice": false, "score_food": 4.0, "score_service": 4.0, "score_price_quality": 4.5, "score_atmosphere": null, "price": {"lower": 3.0, "upper": 9.0}, "type": ["Española"], "special_diets": ["Opciones vegetarianas"], "meals": ["Cenas"], "advantages": ["Servicio de mesa", "Capacidad"], "address": {"name": "Calle Nueva, 30, Albacete España", "link": "https://maps.google.com/maps?saddr=&daddr=Calle+Nueva%2C+30%2C+Albacete+Espa%C3%B1a@38.86805,-1.92483"}, "webpage": null, "email": null, "phone": null}}}