{"restaurant": {"ta_link": "https://www.tripadvisor.es/Restaurant_Review-g187486-d15440060-Reviews-Braseria_Arroceria_La_Marea-Albacete_Province_of_Albacete_Castile_La_Mancha.html", "name": "Braseria Arroceria La Marea", "data": {"symbol": null, "claimed": true, "schedule": null, "score_overall": 3.0, "ranking": 196, "travellers_choice": false, "score_food": null, "score_service": null, "score_price_quality": null, "score_atmosphere": null, "price": {"lower": 8.0, "upper": 15.0}, "type": ["Española"], "special_diets": null, "meals": ["Desayuno", "Comidas", "Brunch"], "advantages": ["Capacidad", "Acceso para discapacitados", "Televisión", "Sirve alcohol", "Bar completo"], "address": {"name": "Paseo Circunvalación, 84, 02006 Albacete España", "link": "https://maps.google.com/maps?saddr=&daddr=Paseo+Circunvalaci%C3%B3n%2C+84%2C+02006+Albacete+Espa%C3%B1a@38.988205,-1.867353"}, "webpage": "https://www.facebook.com/Braseria-Arroceria-La-MAREA-576776772686708/", "email": null, "phone": "+34 967 09 38 22"}}}