{"restaurant": {"ta_link": "https://www.tripadvisor.es/Restaurant_Review-g187486-d21174392-Reviews-La_Dicha_Craft_beer-Albacete_Province_of_Albacete_Castile_La_Mancha.html", "name": "La Dicha \"Craft beer\"", "data": {"symbol": null, "claimed": true, "schedule": {"dom": ["12:30", "01:00"], "lun": ["12:30", "01:00"], "mar": ["12:30", "01:00"], "mié": ["12:30", "01:00"], "jue": ["12:30", "01:00"], "vie": ["12:30", "02:00"], "sáb": ["12:30", "02:00"]}, "score_overall": 4.5, "ranking": 54, "travellers_choice": false, "score_food": null, "score_service": null, "score_price_quality": null, "score_atmosphere": null, "price": {"lower": 31.0, "upper": 45.0}, "type": ["Mediterránea", "Española"], "special_diets": ["Opciones vegetarianas", "Opciones sin gluten"], "meals": ["Comidas", "Cenas", "Bebidas"], "advantages": ["Reservas", "Servicio de mesa"], "address": {"name": "Calle Tejares 14, 02002 Albacete España", "link": "https://maps.google.com/maps?saddr=&daddr=Calle+Tejares+14%2C+02002+Albacete+Espa%C3%B1a@38.991653,-1.853775"}, "webpage": "http://ladichacerveceria.com/", "email": null, "phone": "+34 967 02 14 23"}}}