{"restaurant": {"ta_link": "https://www.tripadvisor.es/Restaurant_Review-g187486-d8436636-Reviews-Cafeteria_Val_General-Albacete_Province_of_Albacete_Castile_La_Mancha.html", "name": "Cafeteria Val General", "data": {"symbol": "€€ - €€€", "claimed": false, "schedule": null, "score_overall": 4.0, "ranking": 135, "travellers_choice": false, "score_food": 4.0, "score_service": 4.0, "score_price_quality": 3.5, "score_atmosphere": null, "price": {"lower": 4.0, "upper": 9.0}, "type": ["Española"], "special_diets": ["Opciones vegetarianas", "Opciones veganas"], "meals": ["Cenas", "Brunch", "Comidas"], "advantages": ["A domicilio", "Para llevar", "Televisión", "Reservas", "Servicio de mesa", "Capacidad", "Acceso para discapacitados"], "address": {"name": "Calle Tesifonte Gallego 9, 02002 Albacete España", "link": "https://maps.google.com/maps?saddr=&daddr=Calle+Tesifonte+Gallego+9%2C+02002+Albacete+Espa%C3%B1a@38.99219,-1.85552"}, "webpage": null, "email": null, "phone": "+34 967 21 00 02"}}}