{"restaurant": {"ta_link": "https://www.tripadvisor.es/Restaurant_Review-g187486-d19706527-Reviews-Foster_s_Hollywood-Albacete_Province_of_Albacete_Castile_La_Mancha.html", "name": "Foster's Hollywood", "data": {"symbol": null, "claimed": true, "schedule": {"dom": ["13:00", "16:15", "19:30", "23:15"], "lun": ["13:00", "16:00", "20:00", "23:00"], "mar": ["13:00", "16:00", "20:00", "23:00"], "mié": ["13:00", "16:00", "20:00", "23:00"], "jue": ["13:00", "16:00", "20:00", "23:00"], "vie": ["13:00", "16:15", "19:30", "23:45"], "sáb": ["13:00", "16:15", "19:30", "23:45"]}, "score_overall": 3.5, "ranking": 184, "travellers_choice": false, "score_food": null, "score_service": null, "score_price_quality": null, "score_atmosphere": null, "price": {"lower": 10.0, "upper": 30.0}, "type": ["Española", "Barbacoa"], "special_diets": ["Opciones veganas"], "meals": ["Comidas", "Cenas"], "advantages": ["Reservas", "Aparcamiento disponible", "Aparcamiento en la calle", "Parking gratis/reducido con validación de ticket", "Estacionamiento gratuito en la calle", "Televisión", "Acceso para discapacitados", "Sirve alcohol", "Bar completo", "Vino y cerveza", "Acepta Mastercard", "Acepta Visa", "Wifi gratuito", "Para llevar", "Terraza exterior", "Capacidad", "Tronas disponibles", "Servicio de mesa"], "address": {"name": "C.C. Imaginalia. Polígono Campollano. C.C. Imaginalia, 2006 Albacete España", "link": "https://maps.google.com/maps?saddr=&daddr=C.C.+Imaginalia.+Pol%C3%ADgono+Campollano.+C.C.+Imaginalia%2C+2006+Albacete+Espa%C3%B1a@39.0079,-1.879723"}, "webpage": "http://fostershollywood.es/restaurantes/albacete/albacete/fh-imaginalia?utm_source=directorios&utm_medium=organic&utm_campaign=estatica_directorios&utm_content=sitio_web", "email": null, "phone": "+34967673177"}}}