{"restaurant": {"ta_link": "https://www.tripadvisor.es/Restaurant_Review-g187486-d7247983-Reviews-History-Albacete_Province_of_Albacete_Castile_La_Mancha.html", "name": "History", "data": {"symbol": "€", "claimed": false, "schedule": null, "score_overall": 4.5, "ranking": 2, "travellers_choice": false, "score_food": 4.5, "score_service": 4.5, "score_price_quality": 4.5, "score_atmosphere": null, "price": {"lower": 10.0, "upper": 15.0}, "type": ["Café", "Mediterránea", "Española", "Bar"], "special_diets": ["Opciones vegetarianas", "Opciones sin gluten", "Opciones veganas"], "meals": ["Desayuno", "Brunch"], "advantages": ["Capacidad", "Servicio de mesa"], "address": {"name": "0 Calle Teodoro Camino 23, 02002 Albacete España", "link": "https://maps.google.com/maps?saddr=&daddr=0+Calle+Teodoro+Camino+23%2C+02002+Albacete+Espa%C3%B1a@38.991123,-1.854707"}, "webpage": null, "email": null, "phone": "+34 967 50 38 49"}}}