{"restaurant": {"ta_link": "https://www.tripadvisor.es/Restaurant_Review-g187486-d21256107-Reviews-Borgonesse-Albacete_Province_of_Albacete_Castile_La_Mancha.html", "name": "Borgonesse", "data": {"symbol": null, "claimed": false, "schedule": null, "score_overall": 3.0, "ranking": 21, "travellers_choice": false, "score_food": null, "score_service": null, "score_price_quality": null, "score_atmosphere": null, "price": null, "type": ["Café"], "special_diets": null, "meals": ["Comidas", "Cenas"], "advantages": ["Reservas", "Capacidad", "Sirve alcohol", "Bar completo", "Acepta tarjetas de crédito", "Servicio de mesa"], "address": {"name": "Calle Zapateros, 02001 Albacete España", "link": "https://maps.google.com/maps?saddr=&daddr=Calle+Zapateros%2C+02001+Albacete+Espa%C3%B1a@38.99532,-1.85761"}, "webpage": null, "email": null, "phone": null}}}