{"restaurant": {"ta_link": "https://www.tripadvisor.es/Restaurant_Review-g187486-d12420498-Reviews-Taperia_estapati-Albacete_Province_of_Albacete_Castile_La_Mancha.html", "name": "Taperia estapati", "data": {"symbol": null, "claimed": true, "schedule": null, "score_overall": 4.0, "ranking": 133, "travellers_choice": false, "score_food": null, "score_service": null, "score_price_quality": null, "score_atmosphere": null, "price": {"lower": 4.0, "upper": 9.0}, "type": ["Española"], "special_diets": ["Opciones vegetarianas", "Opciones veganas"], "meals": ["Comidas", "Cenas"], "advantages": ["A domicilio", "Reservas", "Parking gratis/reducido con validación de ticket", "Televisión", "Sirve alcohol", "Vino y cerveza", "Pagos digitales", "Acepta tarjetas de crédito", "Servicio de mesa", "Zonas de juego", "Bares deportivos"], "address": {"name": "Joaquin quijada, Albacete España", "link": "https://maps.google.com/maps?saddr=&daddr=Joaquin+quijada%2C+Albacete+Espa%C3%B1a@38.99453,-1.86418"}, "webpage": null, "email": null, "phone": "+34 967 60 33 81"}}}