{"restaurant": {"ta_link": "https://www.tripadvisor.es/Restaurant_Review-g187486-d5796029-Reviews-Hong_Kong_Restaurante-Albacete_Province_of_Albacete_Castile_La_Mancha.html", "name": "Hong Kong Restaurante", "data": {"symbol": "€", "claimed": false, "schedule": {"dom": ["12:00", "16:30", "20:00", "00:00"], "lun": ["12:00", "16:30", "20:00", "00:00"], "mar": ["12:00", "16:30", "20:00", "00:00"], "mié": ["12:00", "16:30", "20:00", "00:00"], "jue": ["12:00", "16:30", "20:00", "00:00"], "vie": ["12:00", "16:30", "20:00", "00:00"], "sáb": ["12:00", "16:30", "20:00", "00:00"]}, "score_overall": 2.5, "ranking": 5, "travellers_choice": false, "score_food": null, "score_service": null, "score_price_quality": null, "score_atmosphere": null, "price": null, "type": ["China", "Comida rápida"], "special_diets": null, "meals": ["Comidas", "Cenas"], "advantages": ["Reservas", "Capacidad", "Servicio de mesa"], "address": {"name": "Parra, 4, 02002 Albacete España", "link": "https://maps.google.com/maps?saddr=&daddr=Parra%2C+4%2C+02002+Albacete+Espa%C3%B1a@38.99134,-1.85351"}, "webpage": "http://hongkongalbacete.com/?utm_source=tripadvisor&utm_campaign=HongKongAlbacete&utm_medium=tr-activation&utm_term=microsite", "email": null, "phone": "+34 967 24 59 26"}}}