{"restaurant": {"ta_link": "https://www.tripadvisor.es/Restaurant_Review-g187486-d8429723-Reviews-Entre_Canas_y_Vinos-Albacete_Province_of_Albacete_Castile_La_Mancha.html", "name": "Entre Cañas y Vinos", "data": {"symbol": "€€ - €€€", "claimed": false, "schedule": null, "score_overall": 3.5, "ranking": 78, "travellers_choice": false, "score_food": 4.0, "score_service": 4.0, "score_price_quality": 4.0, "score_atmosphere": null, "price": null, "type": ["Española", "Mediterránea"], "special_diets": ["Opciones vegetarianas"], "meals": ["Comidas", "Cenas"], "advantages": ["Reservas", "Capacidad", "Acceso para discapacitados", "Sirve alcohol", "Servicio de mesa"], "address": {"name": "Calle Tejares 4, 02002 Albacete España", "link": "https://maps.google.com/maps?saddr=&daddr=Calle+Tejares+4%2C+02002+Albacete+Espa%C3%B1a@38.99207,-1.853917"}, "webpage": null, "email": null, "phone": "+34 967 67 08 60"}}}