{"restaurant": {"ta_link": "https://www.tripadvisor.es/Restaurant_Review-g187486-d13814196-Reviews-Casa_Jose_Luis-Albacete_Province_of_Albacete_Castile_La_Mancha.html", "name": "Casa José Luis", "data": {"symbol": null, "claimed": false, "schedule": null, "score_overall": 5.0, "ranking": 137, "travellers_choice": false, "score_food": null, "score_service": null, "score_price_quality": null, "score_atmosphere": null, "price": {"lower": 4.0, "upper": 10.0}, "type": ["Española"], "special_diets": ["Opciones veganas"], "meals": ["Comidas", "Cenas", "Abierto hasta tarde", "Desayuno", "Brunch"], "advantages": ["Para llevar", "Reservas", "Terraza exterior", "Capacidad", "Televisión", "Acceso para discapacitados", "Sirve alcohol", "Bar completo", "Acepta Mastercard", "Acepta Visa", "Wifi gratuito", "Servicio de mesa", "Acepta tarjetas de crédito"], "address": {"name": "Carretera de Murcia km 1, 02008 Albacete España", "link": "https://maps.google.com/maps?saddr=&daddr=Carretera+de+Murcia+km+1%2C+02008+Albacete+Espa%C3%B1a@38.98378,-1.84742"}, "webpage": "http://taperiajoseluis.com/casajoseluis.php", "email": null, "phone": "+34 615 51 69 18"}}}