{"restaurant": {"ta_link": "https://www.tripadvisor.es/Restaurant_Review-g187486-d7717237-Reviews-Asador_Feria-Albacete_Province_of_Albacete_Castile_La_Mancha.html", "name": "Asador Feria", "data": {"symbol": null, "claimed": false, "schedule": null, "score_overall": 3.5, "ranking": 179, "travellers_choice": false, "score_food": null, "score_service": null, "score_price_quality": null, "score_atmosphere": null, "price": null, "type": ["Española"], "special_diets": null, "meals": null, "advantages": null, "address": {"name": "Calle Feria 127, 02004 Albacete España", "link": "https://maps.google.com/maps?saddr=&daddr=Calle+Feria+127%2C+02004+Albacete+Espa%C3%B1a@38.996204,-1.867901"}, "webpage": null, "email": null, "phone": "+34 967 21 84 05"}}}