{"restaurant": {"ta_link": "https://www.tripadvisor.es/Restaurant_Review-g187486-d13820495-Reviews-Katame_taperia_cafeteria-Albacete_Province_of_Albacete_Castile_La_Mancha.html", "name": "Katame tapería-cafetería", "data": {"symbol": "€€ - €€€", "claimed": false, "schedule": null, "score_overall": 3.5, "ranking": 123, "travellers_choice": false, "score_food": null, "score_service": null, "score_price_quality": null, "score_atmosphere": null, "price": {"lower": 5.0, "upper": 20.0}, "type": ["Española"], "special_diets": ["Opciones vegetarianas", "Opciones veganas"], "meals": ["Comidas", "Cenas"], "advantages": ["Capacidad", "Servicio de mesa", "Reservas", "Acceso para discapacitados"], "address": {"name": "Avenida de Ramon Menendez Pidal 8, 02005 Albacete España", "link": "https://maps.google.com/maps?saddr=&daddr=Avenida+de+Ramon+Menendez+Pidal+8%2C+02005+Albacete+Espa%C3%B1a@39.00035,-1.86135"}, "webpage": null, "email": "Enani3.0@gmail.com", "phone": "+34 601 41 20 29"}}}