{"restaurant": {"ta_link": "https://www.tripadvisor.es/Restaurant_Review-g187486-d17464763-Reviews-Domino_s_Pizza_Albacete-Albacete_Province_of_Albacete_Castile_La_Mancha.html", "name": "Domino's Pizza Albacete", "data": {"symbol": null, "claimed": false, "schedule": {"dom": ["00:00", "00:30", "13:00", "00:00"], "lun": ["13:00", "00:00"], "mar": ["13:00", "00:00"], "mié": ["13:00", "00:00"], "jue": ["13:00", "00:00"], "vie": ["13:00", "00:00"], "sáb": ["00:00", "00:30", "13:00", "00:00"]}, "score_overall": 1.5, "ranking": 315, "travellers_choice": false, "score_food": null, "score_service": null, "score_price_quality": null, "score_atmosphere": null, "price": {"lower": 3.0, "upper": 15.0}, "type": ["Americana", "Comida rápida"], "special_diets": ["Opciones vegetarianas"], "meals": ["Comidas", "Cenas"], "advantages": ["Acceso para discapacitados"], "address": {"name": "Calle Hellín, 33, 2002 Albacete España", "link": "https://maps.google.com/maps?saddr=&daddr=Calle+Hell%C3%ADn%2C+33%2C+2002+Albacete+Espa%C3%B1a@38.9832,-1.85781"}, "webpage": "http://www.dominospizza.es/?utm_medium=organic&utm_source=directorios&utm_campaign=dp_gen_gmb_directorios&utm_content=sitio_web", "email": null, "phone": "+34967750678"}}}