{"restaurant": {"ta_link": "https://www.tripadvisor.es/Restaurant_Review-g187486-d17443053-Reviews-Restaurante_Chino_Gran_Muralla-Albacete_Province_of_Albacete_Castile_La_Mancha.html", "name": "Restaurante Chino Gran Muralla", "data": {"symbol": null, "claimed": false, "schedule": null, "score_overall": null, "ranking": null, "travellers_choice": false, "score_food": null, "score_service": null, "score_price_quality": null, "score_atmosphere": null, "price": null, "type": null, "special_diets": null, "meals": null, "advantages": null, "address": {"name": "Calle de Pedro Coca, 22 BAJO, 02004 Albacete España", "link": "https://maps.google.com/maps?saddr=&daddr=Calle+de+Pedro+Coca%2C+22+BAJO%2C+02004+Albacete+Espa%C3%B1a@38.992638,-1.861086"}, "webpage": "http://www.restaurante-chino-granmuralla.com/", "email": "1078759639@qq.com", "phone": "+34 967 50 63 02"}}}