{"restaurant": {"ta_link": "https://www.tripadvisor.es/Restaurant_Review-g187486-d11593137-Reviews-Churreria_Thomas-Albacete_Province_of_Albacete_Castile_La_Mancha.html", "name": "Churreria Thomas", "data": {"symbol": null, "claimed": false, "schedule": null, "score_overall": 5.0, "ranking": 209, "travellers_choice": false, "score_food": null, "score_service": null, "score_price_quality": null, "score_atmosphere": null, "price": null, "type": null, "special_diets": null, "meals": null, "advantages": null, "address": {"name": "Calle de Maria Marin 25, 02003 Albacete España", "link": "https://maps.google.com/maps?saddr=&daddr=Calle+de+Maria+Marin+25%2C+02003+Albacete+Espa%C3%B1a@38.98858,-1.86139"}, "webpage": null, "email": "churreriathomas@hotmail.com", "phone": null}}}