{"restaurant": {"ta_link": "https://www.tripadvisor.es/Restaurant_Review-g187486-d2475539-Reviews-Pizzeria_Dolomiti-Albacete_Province_of_Albacete_Castile_La_Mancha.html", "name": "Pizzería Dolomiti", "data": {"symbol": "€€ - €€€", "claimed": true, "schedule": {"dom": ["13:30", "16:00", "20:00", "23:59"], "lun": ["20:00", "23:59"], "mar": ["20:00", "23:59"], "mié": ["20:00", "23:59"], "jue": ["20:00", "23:59"], "vie": ["20:00", "23:59"], "sáb": ["20:00", "23:59"]}, "score_overall": 4.0, "ranking": 2, "travellers_choice": false, "score_food": 4.0, "score_service": 4.0, "score_price_quality": 4.0, "score_atmosphere": 3.0, "price": {"lower": 5.0, "upper": 25.0}, "type": ["Italiana", "Pizza"], "special_diets": ["Opciones vegetarianas"], "meals": ["Cenas"], "advantages": ["A domicilio", "Para llevar", "Capacidad", "Sirve alcohol", "Servicio de mesa"], "address": {"name": "Calle Alarcón , 2, 02002 Albacete España", "link": "https://maps.google.com/maps?saddr=&daddr=Calle+Alarc%C3%B3n+%2C+2%2C+02002+Albacete+Espa%C3%B1a@38.9961,-1.868369"}, "webpage": "http://www.pizzeriadolomiti.es/", "email": "mokovi@msn.com", "phone": "+34 967 24 36 86"}}}