{"restaurant": {"ta_link": "https://www.tripadvisor.es/Restaurant_Review-g187486-d6838561-Reviews-Restaurante_La_mancha-Albacete_Province_of_Albacete_Castile_La_Mancha.html", "name": "Restaurante La Mancha", "data": {"symbol": "€€ - €€€", "claimed": true, "schedule": null, "score_overall": 4.0, "ranking": 52, "travellers_choice": false, "score_food": 4.5, "score_service": 4.0, "score_price_quality": 4.0, "score_atmosphere": null, "price": {"lower": 5.0, "upper": 20.0}, "type": ["Española"], "special_diets": ["Opciones vegetarianas"], "meals": ["Comidas"], "advantages": ["Capacidad", "Acceso para discapacitados", "Servicio de mesa", "Reservas"], "address": {"name": "Octavio Cuartero, 106, 02004 Albacete España", "link": "https://maps.google.com/maps?saddr=&daddr=Octavio+Cuartero%2C+106%2C+02004+Albacete+Espa%C3%B1a@38.995525,-1.86328"}, "webpage": "http://www.restaurantelamancha.com/", "email": null, "phone": "+34 967 22 16 82"}}}