{"restaurant": {"ta_link": "https://www.tripadvisor.es/Restaurant_Review-g187486-d15758547-Reviews-Taperia_Cerveceria_La_Gomera-Albacete_Province_of_Albacete_Castile_La_Mancha.html", "name": "Taperia Cerveceria La Gomera", "data": {"symbol": "€€ - €€€", "claimed": false, "schedule": null, "score_overall": 3.0, "ranking": 199, "travellers_choice": false, "score_food": null, "score_service": null, "score_price_quality": null, "score_atmosphere": null, "price": null, "type": ["Española"], "special_diets": null, "meals": ["Comidas", "Cenas"], "advantages": ["Reservas", "Servicio de mesa"], "address": {"name": "C/Almansa nº9, 02008 Albacete España", "link": "https://maps.google.com/maps?saddr=&daddr=C%2FAlmansa+n%C2%BA9%2C+02008+Albacete+Espa%C3%B1a@38.984795,-1.844529"}, "webpage": null, "email": null, "phone": "+34 967 03 08 86"}}}