{"restaurant": {"ta_link": "https://www.tripadvisor.es/Restaurant_Review-g187486-d15289893-Reviews-La_Isla_Cafe-Albacete_Province_of_Albacete_Castile_La_Mancha.html", "name": "La Isla Cafe", "data": {"symbol": null, "claimed": false, "schedule": null, "score_overall": 3.0, "ranking": 185, "travellers_choice": false, "score_food": null, "score_service": null, "score_price_quality": null, "score_atmosphere": null, "price": null, "type": ["Española"], "special_diets": null, "meals": null, "advantages": null, "address": {"name": "calle Diego de Alarcón 1, 02005 Albacete España", "link": "https://maps.google.com/maps?saddr=&daddr=calle+Diego+de+Alarc%C3%B3n+1%2C+02005+Albacete+Espa%C3%B1a@39.00032,-1.86201"}, "webpage": null, "email": null, "phone": "+34 967 61 07 52"}}}