{"restaurant": {"ta_link": "https://www.tripadvisor.es/Restaurant_Review-g187486-d17819718-Reviews-Nuevo_Restaurante_El_Coto-Albacete_Province_of_Albacete_Castile_La_Mancha.html", "name": "Nuevo Restaurante El Coto", "data": {"symbol": null, "claimed": false, "schedule": {"dom": ["07:00", "23:59"], "mar": ["07:00", "23:00"], "mié": ["07:00", "23:00"], "jue": ["07:00", "23:00"], "vie": ["07:00", "23:59"], "sáb": ["07:00", "23:59"]}, "score_overall": null, "ranking": null, "travellers_choice": false, "score_food": null, "score_service": null, "score_price_quality": null, "score_atmosphere": null, "price": {"lower": 6.0, "upper": 20.0}, "type": ["Española"], "special_diets": null, "meals": ["Desayuno", "Comidas", "Cenas"], "advantages": ["Aparcamiento disponible", "Vino y cerveza", "Acepta tarjetas de crédito", "Servicio de mesa"], "address": {"name": "Calle Carr. De Jaen, 4400 Albacete España", "link": "https://maps.google.com/maps?saddr=&daddr=Calle+Carr.+De+Jaen%2C+4400+Albacete+Espa%C3%B1a@38.99261,-1.875291"}, "webpage": "https://www.facebook.com/nuevorestauranteelcoto/", "email": "elnuevorestauranteelcoto@gmail.com", "phone": "+34 642 98 76 94"}}}