{"restaurant": {"ta_link": "https://www.tripadvisor.es/Restaurant_Review-g187486-d19450105-Reviews-Sibuya_Urban_Sushi_Bar_Albacete-Albacete_Province_of_Albacete_Castile_La_Mancha.html", "name": "Sibuya Urban Sushi Bar Albacete", "data": {"symbol": "€€ - €€€", "claimed": true, "schedule": {"dom": ["13:15", "16:00", "20:30", "23:15"], "lun": ["20:30", "23:15"], "mar": ["20:30", "23:15"], "mié": ["13:15", "16:00", "20:30", "23:15"], "jue": ["13:15", "16:00", "20:30", "23:15"], "vie": ["13:15", "16:00", "20:30", "00:00"], "sáb": ["13:15", "16:00", "20:30", "00:00"]}, "score_overall": 4.0, "ranking": 49, "travellers_choice": true, "score_food": 4.0, "score_service": 4.5, "score_price_quality": 3.5, "score_atmosphere": null, "price": {"lower": 4.0, "upper": 30.0}, "type": ["Japonesa", "Sushi", "Asiática", "Saludable", "Confitería japonesa", "Fusión japonesa"], "special_diets": ["Opciones veganas"], "meals": ["Comidas", "Cenas", "Bebidas"], "advantages": ["Reservas", "Capacidad", "Servicio de mesa", "A domicilio", "Para llevar", "Sirve alcohol", "Vino y cerveza", "Acepta tarjetas de crédito", "Estilo familiar"], "address": {"name": "Calle Mayor 44, 02002 Albacete España", "link": "https://maps.google.com/maps?saddr=&daddr=Calle+Mayor+44%2C+02002+Albacete+Espa%C3%B1a@38.99283,-1.85372"}, "webpage": "http://sibuyaurbansushibar.com/", "email": "albacete@sibuya.es", "phone": "+34 967 01 55 02"}}}