{"restaurant": {"ta_link": "https://www.tripadvisor.es/Restaurant_Review-g187486-d23344169-Reviews-Domino_s_Pizza_Albacete_2-Albacete_Province_of_Albacete_Castile_La_Mancha.html", "name": "Domino's Pizza Albacete 2", "data": {"symbol": null, "claimed": false, "schedule": {"dom": ["00:00", "00:30", "12:30", "00:00"], "lun": ["12:30", "00:00"], "mar": ["12:30", "00:00"], "mié": ["12:30", "00:00"], "jue": ["12:30", "00:00"], "vie": ["12:30", "00:00"], "sáb": ["00:00", "00:30", "12:30", "00:00"]}, "score_overall": null, "ranking": null, "travellers_choice": false, "score_food": null, "score_service": null, "score_price_quality": null, "score_atmosphere": null, "price": null, "type": null, "special_diets": null, "meals": ["Comidas", "Cenas"], "advantages": null, "address": {"name": "Calle Hermanos Pinzón, 1, 3, 2006 Albacete España", "link": "https://maps.google.com/maps?saddr=&daddr=Calle+Hermanos+Pinz%C3%B3n%2C+1%2C+3%2C+2006+Albacete+Espa%C3%B1a@38.99812,-1.87241"}, "webpage": "http://www.dominospizza.es/?utm_medium=organic&utm_source=directorios&utm_campaign=dp_gen_gmb_directorios&utm_content=sitio_web", "email": null, "phone": "+34 967 75 06 71"}}}