{"restaurant": {"ta_link": "https://www.tripadvisor.es/Restaurant_Review-g187486-d19974504-Reviews-Pizzeria_La_Manchega-Albacete_Province_of_Albacete_Castile_La_Mancha.html", "name": "Pizzería La Manchega", "data": {"symbol": null, "claimed": false, "schedule": null, "score_overall": 5.0, "ranking": 82, "travellers_choice": false, "score_food": null, "score_service": null, "score_price_quality": null, "score_atmosphere": null, "price": {"lower": 5.0, "upper": 25.0}, "type": ["Italiana", "Alemana", "Española", "Mediterránea"], "special_diets": ["Opciones veganas"], "meals": ["Desayuno", "Comidas", "Cenas", "Brunch"], "advantages": ["Reservas"], "address": {"name": "Calle Gerona 21, 02006 Albacete España", "link": "https://maps.google.com/maps?saddr=&daddr=Calle+Gerona+21%2C+02006+Albacete+Espa%C3%B1a@39.00042,-1.87209"}, "webpage": null, "email": null, "phone": "+34 967 50 83 42"}}}