{"restaurant": {"ta_link": "https://www.tripadvisor.es/Restaurant_Review-g187486-d7282691-Reviews-Hotel_Florida-Albacete_Province_of_Albacete_Castile_La_Mancha.html", "name": "Hotel Florida", "data": {"claimed": false, "schedule": null, "score_overall": 3.5, "ranking": 10, "travellers_choice": false, "Comida": 3.5, "Servicio": 3.5, "Calidad/precio": 3.0, "type": ["Internacional"], "special_diets": ["Opciones vegetarianas", "Opciones veganas"], "meals": ["Cenas"], "advantages": ["Reservas"], "address": {"name": "Calle Hernan Cortes 14, 02005 Albacete España", "link": "https://maps.google.com/maps?saddr=&daddr=Calle+Hernan+Cortes+14%2C+02005+Albacete+Espa%C3%B1a@38.99738,-1.86179"}, "webpage": "http://www.hotelflorida.es/", "phone": "+34 967 55 00 88", "price": {"lower": 4.0, "upper": 20.0}, "email": "informacion@hotelflorida.es", "Atmósfera": 4.0}}}