{"restaurant": {"ta_link": "https://www.tripadvisor.es/Restaurant_Review-g187486-d8732486-Reviews-Baco_Bullejos-Albacete_Province_of_Albacete_Castile_La_Mancha.html", "name": "Baco Bullejos", "data": {"claimed": false, "schedule": null, "score_overall": 4.5, "ranking": 226, "travellers_choice": false, "Comida": 3.5, "Servicio": 3.5, "Calidad/precio": 3.5, "type": ["Española"], "special_diets": ["Opciones vegetarianas", "Opciones veganas"], "meals": ["Desayuno", "Comidas", "Cenas"], "advantages": ["Para llevar", "Acceso para discapacitados", "Capacidad"], "address": {"name": "Calle San Justo 10, 02008 Albacete España", "link": "https://maps.google.com/maps?saddr=&daddr=Calle+San+Justo+10%2C+02008+Albacete+Espa%C3%B1a@38.99175,-1.84366"}, "webpage": "https://www.facebook.com/www.bacobullejos.es/", "phone": "+34 687 54 44 06", "price": {"lower": 15.0, "upper": 30.0}, "email": "bullejosclaudia@gmail.com", "Atmósfera": 4.0}}}