{"restaurant": {"ta_link": "https://www.tripadvisor.es/Restaurant_Review-g187486-d3974106-Reviews-Taperia_Quintapenas-Albacete_Province_of_Albacete_Castile_La_Mancha.html", "name": "Taperia Quintapenas", "data": {"claimed": false, "schedule": null, "score_overall": 3.5, "ranking": 10, "travellers_choice": false, "Comida": 4.0, "Servicio": 4.0, "Calidad/precio": 3.5, "type": ["Española", "Europea"], "special_diets": ["Opciones vegetarianas", "Opciones veganas"], "meals": ["Cenas", "Comidas"], "advantages": ["Reservas", "Capacidad", "Acceso para discapacitados", "Sirve alcohol", "Servicio de mesa"], "address": {"name": "Calle Guzman El Bueno No 4, 02002 Albacete España", "link": "https://maps.google.com/maps?saddr=&daddr=Calle+Guzman+El+Bueno+No+4%2C+02002+Albacete+Espa%C3%B1a@38.991886,-1.853103"}, "webpage": "http://www.quintapenas.com/", "phone": "+34 967 67 30 10", "price": {"lower": 5.0, "upper": 12.0}, "email": "info@taperiaquintapenas.com", "Atmósfera": 4.0}}}