{"restaurant": {"ta_link": "https://www.tripadvisor.es/Restaurant_Review-g187486-d2471280-Reviews-Azabache-Albacete_Province_of_Albacete_Castile_La_Mancha.html", "name": "Azabache", "data": {"claimed": true, "schedule": null, "score_overall": 4.0, "ranking": 19, "travellers_choice": false, "Comida": 4.0, "Servicio": 4.5, "Calidad/precio": 3.5, "type": ["Mediterránea", "Española", "Saludable", "Europea"], "special_diets": ["Opciones vegetarianas", "Opciones sin gluten"], "meals": ["Comidas", "Cenas"], "advantages": ["A domicilio", "Para llevar", "Reservas", "Capacidad", "Acceso para discapacitados", "Sirve alcohol", "Bar completo", "Servicio de mesa", "Tronas disponibles"], "address": {"name": "Calle Iris 42, 02005 Albacete España", "link": "https://maps.google.com/maps?saddr=&daddr=Calle+Iris+42%2C+02005+Albacete+Espa%C3%B1a@38.997894,-1.857621"}, "webpage": "http://www.azabachealbacete.com/", "phone": "+34 967 19 10 60", "price": {"lower": 20.0, "upper": 40.0}, "email": "cflores@restaurantegarabato.com", "Atmósfera": 4.5}}}