{"restaurant": {"ta_link": "https://www.tripadvisor.es/Restaurant_Review-g187486-d999029-Reviews-Rte_manchego-Albacete_Province_of_Albacete_Castile_La_Mancha.html", "name": "Rte.manchego", "data": {"claimed": false, "schedule": null, "score_overall": 3.5, "ranking": 111, "travellers_choice": false, "Comida": 3.5, "Servicio": 3.5, "Calidad/precio": 3.5, "type": ["Mediterránea"], "special_diets": ["Opciones vegetarianas", "Opciones veganas"], "meals": ["Abierto hasta tarde", "Bebidas", "Comidas", "Cenas"], "advantages": ["Reservas"], "address": {"name": "Avda. de la Concordia 74 Pozo Cañada, 02510 Albacete España", "link": "https://maps.google.com/maps?saddr=&daddr=Avda.+de+la+Concordia+74+Pozo+Ca%C3%B1ada%2C+02510+Albacete+Espa%C3%B1a@38.9987,-1.87226"}, "webpage": "https://www.facebook.com/RestauranteManchego/", "phone": "+34 967 25 00 35", "price": {"lower": 4.0, "upper": 20.0}, "email": "restaurantehermanossoria@gmail.com", "Atmósfera": 4.0}}}