{"restaurant": {"ta_link": "https://www.tripadvisor.es/Restaurant_Review-g187486-d13202063-Reviews-Al_Alba_Whisky_Bourbon-Albacete_Province_of_Albacete_Castile_La_Mancha.html", "name": "Al Alba Whisky &amp; Bourbon", "data": {"claimed": true, "schedule": {"dom": ["12:00", "01:30"], "mar": ["16:00", "01:30"], "mié": ["16:00", "01:30"], "jue": ["16:00", "01:30"], "vie": ["12:00", "02:30"], "sáb": ["12:00", "02:30"]}, "score_overall": 3.5, "ranking": 178, "travellers_choice": false, "Comida": 3.5, "Servicio": 3.5, "Calidad/precio": 3.5, "type": ["Española"], "special_diets": ["Opciones vegetarianas", "Opciones veganas"], "meals": ["Abierto hasta tarde", "Bebidas", "Comidas", "Cenas"], "advantages": ["Reservas", "Restaurante privado", "Parking gratis/reducido con validación de ticket", "Acceso para discapacitados", "Sirve alcohol", "Acepta tarjetas de crédito"], "address": {"name": "Calle Caldereros, 02001 Albacete España", "link": "https://maps.google.com/maps?saddr=&daddr=Calle+Caldereros%2C+02001+Albacete+Espa%C3%B1a@38.99366,-1.852996"}, "webpage": "http://www.facebook.com/AlAlbaWhiskyAndBourbon/", "phone": "+34 665 20 40 92", "price": {"lower": 4.0, "upper": 20.0}, "email": "contable.alba@gmail.com", "Atmósfera": 4.0}}}