{"restaurant": {"ta_link": "https://www.tripadvisor.es/Restaurant_Review-g187486-d14023244-Reviews-Restaurante_Arroceria_albufera-Albacete_Province_of_Albacete_Castile_La_Mancha.html", "name": "Restaurante Arroceria albufera", "data": {"claimed": false, "schedule": null, "score_overall": 3.0, "ranking": 199, "travellers_choice": false, "Comida": 3.5, "Servicio": 3.5, "Calidad/precio": 3.5, "type": ["Mediterránea", "Española"], "special_diets": ["Opciones vegetarianas"], "meals": ["Desayuno", "Comidas", "Cenas"], "advantages": ["Para llevar", "Servicio de mesa", "Reservas", "Acceso para discapacitados"], "address": {"name": "Polígono campollano avenida 3 N16 , nave 15, 02007 Albacete España", "link": "https://maps.google.com/maps?saddr=&daddr=Pol%C3%ADgono+campollano+avenida+3+N16+%2C+nave+15%2C+02007+Albacete+Espa%C3%B1a@39.02242,-1.881829"}, "webpage": "http://www.facebook.com/ArroceriaLalbufera", "phone": "+34 967 59 22 61", "price": {"lower": 10.0, "upper": 36.0}, "email": "norakebli88@gmail.com", "Atmósfera": 4.0}}}