{"restaurant": {"ta_link": "https://www.tripadvisor.es/Restaurant_Review-g187486-d23604698-Reviews-Casino_De_Albacete_Magna_Casinos-Albacete_Province_of_Albacete_Castile_La_Mancha.html", "name": "Casino De Albacete, Magna Casinos", "data": {"claimed": true, "schedule": {"dom": ["15:00", "07:00"], "lun": ["15:00", "07:00"], "mar": ["15:00", "07:00"], "mié": ["15:00", "07:00"], "jue": ["15:00", "07:00"], "vie": ["15:00", "07:00"], "sáb": ["15:00", "07:00"]}, "score_overall": 5.0, "ranking": 102, "travellers_choice": false, "Comida": 4.0, "Servicio": 3.5, "Calidad/precio": 3.5, "type": ["Bar", "Mediterránea", "Española", "Contemporánea", "Pub", "Bares para comer"], "special_diets": ["Opciones vegetarianas", "Opciones veganas"], "meals": ["Comidas", "Cenas"], "advantages": ["A domicilio", "Reservas", "Parking gratis/reducido con validación de ticket", "Televisión", "Sirve alcohol", "Vino y cerveza", "Pagos digitales", "Acepta tarjetas de crédito", "Servicio de mesa", "Zonas de juego", "Bares deportivos"], "address": {"name": "Pl. Gabriel Lodares 4, 02002 Albacete España", "link": "https://maps.google.com/maps?saddr=&daddr=Pl.+Gabriel+Lodares+4%2C+02002+Albacete+Espa%C3%B1a@38.990635,-1.856528"}, "webpage": "http://magnacasinos.es/", "phone": "+34 611 43 15 38", "price": {"lower": 4.0, "upper": 9.0}, "email": "teteriakhushualbacete@gmail.com", "Atmósfera": 4.0}}}