{"restaurant": {"ta_link": "https://www.tripadvisor.es/Restaurant_Review-g187486-d15606655-Reviews-Quinta_Esencia-Albacete_Province_of_Albacete_Castile_La_Mancha.html", "name": "Quinta Esencia", "data": {"claimed": false, "schedule": null, "score_overall": 3.5, "ranking": 183, "travellers_choice": false, "Comida": 3.5, "Servicio": 3.5, "Calidad/precio": 3.0, "type": ["Española"], "special_diets": ["Opciones vegetarianas", "Opciones veganas"], "meals": ["Cenas"], "advantages": ["Reservas", "Acceso para discapacitados", "Servicio de mesa"], "address": {"name": "Plaza del Altozano 6, 02001 Albacete España", "link": "https://maps.google.com/maps?saddr=&daddr=Plaza+del+Altozano+6%2C+02001+Albacete+Espa%C3%B1a@38.99504,-1.85485"}, "webpage": "https://www.facebook.com/Quintaesenciajamoneria/", "phone": "+34 967 11 85 00", "price": {"lower": 4.0, "upper": 20.0}, "email": "info@bardetus.com", "Atmósfera": 4.0}}}