{"restaurant": {"ta_link": "https://www.tripadvisor.es/Restaurant_Review-g187486-d5613168-Reviews-Gunkan_Sushi-Albacete_Province_of_Albacete_Castile_La_Mancha.html", "name": "Gunkan Sushi", "data": {"claimed": true, "schedule": null, "score_overall": 4.0, "ranking": 2, "travellers_choice": false, "Comida": 4.0, "Servicio": 4.0, "Calidad/precio": 3.5, "type": ["Asiática"], "special_diets": ["Opciones vegetarianas"], "meals": ["Desayuno", "Comidas", "Cenas"], "advantages": ["A domicilio", "Para llevar"], "address": {"name": "Calle San Agustin 18, 02001 Albacete España", "link": "https://maps.google.com/maps?saddr=&daddr=Calle+San+Agustin+18%2C+02001+Albacete+Espa%C3%B1a@38.9911,-1.852463"}, "webpage": "http://www.facebook.com/pages/Gunkan-sushi-a-nuestro-modo/492387457535036", "phone": "+34 900 000 000", "price": {"lower": 20.0, "upper": 50.0}, "email": "gunkan.rrhh@gmail.com", "Atmósfera": 4.0}}}