{"restaurant": {"ta_link": "https://www.tripadvisor.es/Restaurant_Review-g187486-d19112839-Reviews-Ateneo_albacetense-Albacete_Province_of_Albacete_Castile_La_Mancha.html", "name": "Ateneo albacetense", "data": {"claimed": false, "schedule": {"lun": ["09:00", "00:00"], "mar": ["09:00", "00:00"], "mié": ["09:00", "00:00"], "jue": ["09:00", "00:00"], "vie": ["09:00", "00:00"], "sáb": ["09:00", "00:00"]}, "score_overall": 4.0, "ranking": 2, "travellers_choice": false, "Comida": 3.5, "Servicio": 3.5, "Calidad/precio": 4.0, "type": ["Bar", "Comida rápida", "Española", "Pub", "Argentina", "Sudamericana", "Bares para comer"], "special_diets": ["Opciones vegetarianas", "Opciones veganas"], "meals": ["Desayuno", "Comidas", "Cenas"], "advantages": ["Para llevar", "Terraza exterior", "Aparcamiento disponible", "Estacionamiento gratuito en la calle"], "address": {"name": "Calle de la Feria 10, 02005 Albacete España", "link": "https://maps.google.com/maps?saddr=&daddr=Calle+de+la+Feria+10%2C+02005+Albacete+Espa%C3%B1a@38.99583,-1.85887"}, "webpage": "https://don-g.com/", "phone": "+34 967 52 02 74", "price": {"lower": 6.0, "upper": 20.0}, "email": "dong.imaginalia@gmail.com", "Atmósfera": 4.0}}}