{"restaurant": {"ta_link": "https://www.tripadvisor.es/Restaurant_Review-g187486-d4310822-Reviews-El_Porche-Albacete_Province_of_Albacete_Castile_La_Mancha.html", "name": "El Porche", "data": {"claimed": false, "schedule": null, "score_overall": 4.0, "ranking": 55, "travellers_choice": false, "Comida": 3.5, "Servicio": 4.0, "Calidad/precio": 3.5, "type": ["Española", "Mediterránea"], "special_diets": ["Opciones veganas"], "meals": ["Cenas", "Comidas"], "advantages": ["Reservas", "Capacidad", "Sirve alcohol", "Servicio de mesa", "Terraza exterior", "Bar completo"], "address": {"name": "Calle Tejares 14, 02002 Albacete España", "link": "https://maps.google.com/maps?saddr=&daddr=Calle+Tejares+14%2C+02002+Albacete+Espa%C3%B1a@38.991592,-1.853763"}, "webpage": "http://www.taperiaelporche.es/", "phone": "+34 967 52 26 92", "price": {"lower": 8.0, "upper": 30.0}, "email": "elcornerab@hotmail.com", "Atmósfera": 4.0}}}