{"restaurant": {"ta_link": "https://www.tripadvisor.es/Restaurant_Review-g187486-d7285921-Reviews-Restaurante_Balneario_de_Benito-Albacete_Province_of_Albacete_Castile_La_Mancha.html", "name": "Restaurante Balneario de Benito", "data": {"claimed": false, "schedule": {"dom": ["13:00", "16:00", "20:00", "22:30"], "lun": ["13:00", "16:00", "20:00", "22:30"], "mar": ["13:00", "16:00", "20:00", "22:30"], "mié": ["13:00", "16:00", "20:00", "22:30"], "jue": ["13:00", "16:00", "20:00", "22:30"], "vie": ["13:00", "16:00", "20:00", "22:30"], "sáb": ["13:00", "16:00", "20:00", "22:30"]}, "score_overall": 4.0, "ranking": 130, "travellers_choice": false, "Comida": 4.0, "Servicio": 4.0, "Calidad/precio": 4.0, "type": ["Española"], "special_diets": ["Opciones vegetarianas", "Opciones veganas"], "meals": ["Desayuno", "Comidas", "Cenas"], "advantages": ["Reservas", "Servicio de mesa", "Acceso para discapacitados"], "address": {"name": "Calle de La Carretera de Jaen Km 90, 02006 Albacete España", "link": "https://maps.google.com/maps?saddr=&daddr=Calle+de+La+Carretera+de+Jaen+Km+90%2C+02006+Albacete+Espa%C3%B1a@38.99192,-1.8768"}, "webpage": "http://www.balneariodebenito.es/", "phone": "+34 967 38 20 60", "price": {"lower": 4.0, "upper": 20.0}, "email": "info@balneariodebenito.es", "Atmósfera": 4.0}}}