{"restaurant": {"ta_link": "https://www.tripadvisor.es/Restaurant_Review-g187486-d10157697-Reviews-Tasca_Cristina-Albacete_Province_of_Albacete_Castile_La_Mancha.html", "name": "Tasca Cristina", "data": {"claimed": false, "schedule": null, "score_overall": 1.5, "ranking": 26, "travellers_choice": false, "Comida": 3.5, "Servicio": 3.5, "Calidad/precio": 3.5, "type": ["Bar", "Pub"], "special_diets": ["Opciones vegetarianas"], "meals": ["Cenas"], "advantages": ["Capacidad", "Servicio de mesa", "Reservas", "Acceso para discapacitados"], "address": {"name": "Calle Feria S/N, 02004 Albacete España", "link": "https://maps.google.com/maps?saddr=&daddr=Calle+Feria+S%2FN%2C+02004+Albacete+Espa%C3%B1a@38.99637,-1.86549"}, "webpage": "https://www.facebook.com/Tasca-Cristina-821223214639904/", "phone": "+34 967 60 91 06", "price": {"lower": 3.0, "upper": 8.0}, "email": "ventalasperdices@hotmail.com", "Atmósfera": 3.5}}}