{"restaurant": {"ta_link": "https://www.tripadvisor.es/Restaurant_Review-g187486-d14057297-Reviews-Suenos_del_Este-Albacete_Province_of_Albacete_Castile_La_Mancha.html", "name": "Sueños del Este", "data": {"claimed": true, "schedule": null, "score_overall": 4.0, "ranking": 32, "travellers_choice": true, "Comida": 4.5, "Servicio": 4.5, "Calidad/precio": 4.0, "type": ["Mediterránea", "Española"], "special_diets": ["Opciones vegetarianas", "Opciones veganas", "Opciones sin gluten"], "meals": ["Comidas", "Cenas"], "advantages": ["Reservas", "Capacidad", "Sirve alcohol", "Servicio de mesa"], "address": {"name": "Calle Mayor 59, 02002 Albacete España", "link": "https://maps.google.com/maps?saddr=&daddr=Calle+Mayor+59%2C+02002+Albacete+Espa%C3%B1a@38.992912,-1.853468"}, "webpage": "http://www.suenosdeleste.com/", "phone": "+34 967 60 04 60", "price": {"lower": 20.0, "upper": 50.0}, "email": "contacto@suenosdeleste.com", "Atmósfera": 3.5}}}