{"restaurant": {"ta_link": "https://www.tripadvisor.es/Restaurant_Review-g187486-d999066-Reviews-El_Callejon-Albacete_Province_of_Albacete_Castile_La_Mancha.html", "name": "El Callejón", "data": {"claimed": true, "schedule": {"dom": ["13:30", "16:00"], "mar": ["12:30", "16:00"], "mié": ["12:30", "16:00", "20:30", "23:59"], "jue": ["12:30", "16:00", "20:30", "23:59"], "vie": ["12:30", "16:00", "20:30", "23:59"], "sáb": ["12:30", "16:00", "20:30", "23:59"]}, "score_overall": 4.5, "ranking": 4, "travellers_choice": true, "Comida": 4.5, "Servicio": 4.5, "Calidad/precio": 3.5, "type": ["Mediterránea", "Europea", "Española"], "special_diets": ["Opciones vegetarianas", "Opciones veganas", "Opciones sin gluten"], "meals": ["Comidas", "Cenas", "Abierto hasta tarde"], "advantages": ["Reservas", "Restaurante privado", "Capacidad", "Tronas disponibles", "Sirve alcohol", "Bar completo", "Wifi gratuito", "Acepta tarjetas de crédito", "Servicio de mesa"], "address": {"name": "Calle Guzmán El Bueno, 18 BAJO;ASCENSOR, 02002 Albacete España", "link": "https://maps.google.com/maps?saddr=&daddr=Calle+Guzm%C3%A1n+El+Bueno%2C+18+BAJO%3BASCENSOR%2C+02002+Albacete+Espa%C3%B1a@38.9916,-1.853063"}, "webpage": "http://www.restauranteelcallejon.com/", "phone": "+34 967 21 11 38", "price": {"lower": 22.0, "upper": 50.0}, "email": "restaurante@restauranteelcallejon.com", "Atmósfera": 4.5}}}