{"restaurant": {"ta_link": "https://www.tripadvisor.es/Restaurant_Review-g187486-d999024-Reviews-Restaurantes_Enrique_y_Francisco-Albacete_Province_of_Albacete_Castile_La_Mancha.html", "name": "Restaurantes Enrique y Francisco", "data": {"claimed": false, "schedule": null, "score_overall": 3.0, "ranking": 200, "travellers_choice": false, "Comida": 3.5, "Servicio": 3.5, "Calidad/precio": 3.5, "type": ["Española"], "special_diets": ["Opciones vegetarianas"], "meals": ["Desayuno", "Comidas", "Cenas"], "advantages": ["Capacidad", "Servicio de mesa", "Acceso para discapacitados"], "address": {"name": "Calle Feria 53, 02004 Albacete España", "link": "https://maps.google.com/maps?saddr=&daddr=Calle+Feria+53%2C+02004+Albacete+Espa%C3%B1a@38.99608,-1.86252"}, "webpage": "http://www.facebook.com/ArroceriaLalbufera", "phone": "+34 967 22 65 35", "price": {"lower": 10.0, "upper": 36.0}, "email": "norakebli88@gmail.com", "Atmósfera": 4.0}}}