{"restaurant": {"ta_link": "https://www.tripadvisor.es/Restaurant_Review-g187486-d21293863-Reviews-Healthy_Hunters-Albacete_Province_of_Albacete_Castile_La_Mancha.html", "name": "Healthy Hunters", "data": {"claimed": true, "schedule": null, "score_overall": 3.5, "ranking": 1, "travellers_choice": false, "Comida": 4.0, "Servicio": 4.0, "Calidad/precio": 3.5, "type": ["Hawaiana"], "special_diets": ["Opciones veganas", "Opciones vegetarianas"], "meals": ["Desayuno", "Comidas", "Cenas"], "advantages": ["Reservas"], "address": {"name": "Calle de Concepcion 21, 02002 Albacete España", "link": "https://maps.google.com/maps?saddr=&daddr=Calle+de+Concepcion+21%2C+02002+Albacete+Espa%C3%B1a@38.99349,-1.85346"}, "webpage": "http://www.healthyhunters.es/", "phone": "+34 699 67 98 83", "price": {"lower": 7.0, "upper": 15.0}, "email": "navarrosimonjaime@gmail.com", "Atmósfera": 4.0}}}