{"restaurant": {"ta_link": "https://www.tripadvisor.es/Restaurant_Review-g187486-d14109518-Reviews-Hostal_Restaurante_La_Vega-Albacete_Province_of_Albacete_Castile_La_Mancha.html", "name": "Hostal Restaurante La Vega", "data": {"claimed": false, "schedule": null, "score_overall": 3.0, "ranking": 194, "travellers_choice": false, "Comida": 3.5, "Servicio": 3.5, "Calidad/precio": 4.0, "type": ["Española"], "special_diets": ["Opciones vegetarianas", "Opciones veganas"], "meals": ["Desayuno", "Comidas", "Cenas"], "advantages": ["Servicio de mesa", "Reservas", "Capacidad"], "address": {"name": "Carretera Albacete - Jaén, 63, 02340 Albacete España", "link": "https://maps.google.com/maps?saddr=&daddr=Carretera+Albacete+-+Ja%C3%A9n%2C+63%2C+02340+Albacete+Espa%C3%B1a@38.774467,-2.416248"}, "webpage": "http://www.lalolapinchosytapas.com/", "phone": "+34 967 38 82 17", "price": {"lower": 6.0, "upper": 20.0}, "email": "dong.imaginalia@gmail.com", "Atmósfera": 4.0}}}