{"restaurant": {"ta_link": "https://www.tripadvisor.es/Restaurant_Review-g187486-d10508713-Reviews-El_Rocin_II-Albacete_Province_of_Albacete_Castile_La_Mancha.html", "name": "El Rocín II", "data": {"claimed": false, "schedule": null, "score_overall": 3.5, "ranking": 86, "travellers_choice": false, "Comida": 3.5, "Servicio": 3.5, "Calidad/precio": 4.0, "type": ["Barbacoa", "Española", "Mediterránea"], "special_diets": ["Opciones vegetarianas"], "meals": ["Desayuno"], "advantages": ["Capacidad", "Acceso para discapacitados", "Sirve alcohol", "Servicio de mesa", "Reservas"], "address": {"name": "Autovia A31 Km.167, 02660 Albacete España", "link": "https://maps.google.com/maps?saddr=&daddr=Autovia+A31+Km.167%2C+02660+Albacete+Espa%C3%B1a@38.74429,-0.94867"}, "webpage": "https://www.facebook.com/elrocinII/", "phone": "+34 965 97 92 26", "price": {"lower": 25.0, "upper": 60.0}, "email": "elrocin2@gmail.com", "Atmósfera": 3.5}}}