{"restaurant": {"ta_link": "https://www.tripadvisor.es/Restaurant_Review-g187486-d16848433-Reviews-Donde_siempre-Albacete_Province_of_Albacete_Castile_La_Mancha.html", "name": "Donde siempre", "data": {"claimed": false, "schedule": null, "score_overall": 3.5, "ranking": 181, "travellers_choice": false, "Comida": 3.5, "Servicio": 3.5, "Calidad/precio": 3.5, "type": ["Española"], "special_diets": ["Opciones vegetarianas", "Opciones veganas"], "meals": ["Abierto hasta tarde", "Bebidas", "Comidas", "Cenas"], "advantages": ["Reservas"], "address": {"name": "Avenida de Isabel la Catolica n 11, 02005 Albacete España", "link": "https://maps.google.com/maps?saddr=&daddr=Avenida+de+Isabel+la+Catolica+n+11%2C+02005+Albacete+Espa%C3%B1a@38.9984,-1.85924"}, "webpage": "http://www.dondesiempre.com/", "phone": "+34 666 66 66 66", "price": {"lower": 4.0, "upper": 20.0}, "email": "Casaaurorarestaurant@gmail.com", "Atmósfera": 4.0}}}