{"restaurant": {"ta_link": "https://www.tripadvisor.es/Restaurant_Review-g187486-d8462940-Reviews-Burger_King-Albacete_Province_of_Albacete_Castile_La_Mancha.html", "name": "Burger King", "data": {"claimed": false, "schedule": null, "score_overall": 2.0, "ranking": 19, "travellers_choice": false, "Comida": 2.0, "Servicio": 2.0, "Calidad/precio": 2.5, "type": ["Americana", "Comida rápida"], "special_diets": ["Opciones vegetarianas"], "meals": ["Cenas"], "advantages": ["Capacidad"], "address": {"name": "Autovia A31 Salida 65, Albacete España", "link": "https://maps.google.com/maps?saddr=&daddr=Autovia+A31+Salida+65%2C+Albacete+Espa%C3%B1a@38.9912,-1.84774"}, "webpage": "http://www.burgerking.es/", "phone": "+34 967 60 91 06", "price": {"lower": 3.0, "upper": 8.0}, "email": "ventalasperdices@hotmail.com", "Atmósfera": 3.5}}}