{"restaurant": {"ta_link": "https://www.tripadvisor.es/Restaurant_Review-g187486-d10086645-Reviews-Bar_de_Tus-Albacete_Province_of_Albacete_Castile_La_Mancha.html", "name": "Bar de Tus", "data": {"claimed": false, "schedule": null, "score_overall": 3.5, "ranking": 14, "travellers_choice": false, "Comida": 3.5, "Servicio": 3.5, "Calidad/precio": 3.0, "type": ["Bar", "Pub", "Española"], "special_diets": ["Opciones vegetarianas", "Opciones veganas"], "meals": ["Cenas"], "advantages": ["Reservas", "Acceso para discapacitados", "Servicio de mesa"], "address": {"name": "Calle Doctor Collado Pina 51, 02003 Albacete España", "link": "https://maps.google.com/maps?saddr=&daddr=Calle+Doctor+Collado+Pina+51%2C+02003+Albacete+Espa%C3%B1a@38.9903,-1.86081"}, "webpage": "http://muchomasquepizzaalbacete.com/?utm_source=tripadvisor&utm_campaign=MuchoM%C3%A1sQuePizza&utm_medium=tr-activation&utm_term=microsite", "phone": "+34 967 11 85 00", "price": {"lower": 4.0, "upper": 20.0}, "email": "info@bardetus.com", "Atmósfera": 4.0}}}