{"restaurant": {"ta_link": "https://www.tripadvisor.es/Restaurant_Review-g187486-d7273807-Reviews-La_Bodega_de_Serapio-Albacete_Province_of_Albacete_Castile_La_Mancha.html", "name": "La Bodega de Serapio", "data": {"claimed": true, "schedule": {"dom": ["11:00", "16:30", "18:00", "00:00"], "lun": ["11:00", "16:30", "18:00", "00:00"], "mar": ["11:00", "16:30", "18:00", "00:00"], "mié": ["11:00", "16:30", "18:00", "00:00"], "jue": ["11:00", "16:30", "18:00", "00:00"], "vie": ["11:00", "16:30", "18:00", "00:00"], "sáb": ["11:00", "16:30", "18:00", "00:00"]}, "score_overall": 4.0, "ranking": 31, "travellers_choice": false, "Comida": 4.0, "Servicio": 4.0, "Calidad/precio": 3.5, "type": ["Mediterránea", "Española", "Vinoteca"], "special_diets": ["Opciones vegetarianas", "Opciones veganas", "Opciones sin gluten"], "meals": ["Comidas", "Cenas"], "advantages": ["Reservas", "Terraza exterior", "Capacidad", "Acceso para discapacitados", "Sirve alcohol", "Bar completo", "Acepta tarjetas de crédito", "Servicio de mesa"], "address": {"name": "Calle Mendez Nunez, 8, 02001 Albacete España", "link": "https://maps.google.com/maps?saddr=&daddr=Calle+Mendez+Nunez%2C+8%2C+02001+Albacete+Espa%C3%B1a@38.99509,-1.856944"}, "webpage": "http://www.labodegadeserapio.com/", "phone": "+34 967 21 29 99", "price": {"lower": 10.0, "upper": 40.0}, "email": "info@labodegadeserapio.com", "Atmósfera": 4.0}}}