{"restaurant": {"ta_link": "https://www.tripadvisor.es/Restaurant_Review-g187486-d12616457-Reviews-Cafeteria_Energy-Albacete_Province_of_Albacete_Castile_La_Mancha.html", "name": "Cafeteria Energy", "data": {"claimed": false, "schedule": null, "score_overall": 5.0, "ranking": 127, "travellers_choice": false, "Comida": 3.5, "Servicio": 3.5, "Calidad/precio": 4.0, "type": ["Española"], "special_diets": ["Opciones vegetarianas", "Opciones veganas"], "meals": ["Desayuno"], "advantages": ["Servicio de mesa", "Capacidad", "Acceso para discapacitados"], "address": {"name": "Paseo de Circunvalacion 103, 02003 Albacete España", "link": "https://maps.google.com/maps?saddr=&daddr=Paseo+de+Circunvalacion+103%2C+02003+Albacete+Espa%C3%B1a@38.9857,-1.86476"}, "webpage": "http://gimnasioenergyalbacete.es/", "phone": "+34 672 37 97 05", "price": {"lower": 5.0, "upper": 12.0}, "email": "social@gimnasioenergyalbacete.es", "Atmósfera": 3.5}}}