{"restaurant": {"ta_link": "https://www.tripadvisor.es/Restaurant_Review-g187486-d8645374-Reviews-Bar_Galilea-Albacete_Province_of_Albacete_Castile_La_Mancha.html", "name": "Bar Galilea", "data": {"claimed": false, "schedule": null, "score_overall": 2.0, "ranking": 223, "travellers_choice": false, "Comida": 3.5, "Servicio": 3.0, "Calidad/precio": 3.0, "type": ["Española"], "special_diets": ["Opciones sin gluten"], "meals": ["Desayuno", "Comidas", "Cenas"], "advantages": ["Para llevar", "Capacidad", "Servicio de mesa", "Reservas"], "address": {"name": "Calle Doctor Ferran 54, 02004 Albacete España", "link": "https://maps.google.com/maps?saddr=&daddr=Calle+Doctor+Ferran+54%2C+02004+Albacete+Espa%C3%B1a@38.99509,-1.86556"}, "webpage": "http://www.theblackhouseburger.es/", "phone": "+34 967 23 48 47", "price": {"lower": 4.0, "upper": 8.0}, "email": "theblackhouseburger@gmail.com", "Atmósfera": 4.0}}}