{"restaurant": {"ta_link": "https://www.tripadvisor.es/Restaurant_Review-g187486-d15210678-Reviews-Carretas_Street_Market-Albacete_Province_of_Albacete_Castile_La_Mancha.html", "name": "Carretas Street Market", "data": {"claimed": false, "schedule": null, "score_overall": 3.0, "ranking": 205, "travellers_choice": false, "Comida": 3.5, "Servicio": 3.5, "Calidad/precio": 3.5, "type": ["Española"], "special_diets": ["Opciones vegetarianas"], "meals": ["Desayuno", "Comidas", "Cenas", "Bebidas"], "advantages": ["Sirve alcohol", "Wifi gratuito"], "address": {"name": "Plaza Carretas 3, 02001 Albacete España", "link": "https://maps.google.com/maps?saddr=&daddr=Plaza+Carretas+3%2C+02001+Albacete+Espa%C3%B1a@38.992603,-1.851837"}, "webpage": "https://www.facebook.com/carretas.street.market/", "phone": "+34 661 77 50 97", "price": {"lower": 3.0, "upper": 10.0}, "email": "info@panariapanaderias.es", "Atmósfera": 4.0}}}