{"restaurant": {"ta_link": "https://www.tripadvisor.es/Restaurant_Review-g187486-d4013157-Reviews-Posada_Penarrubia-Albacete_Province_of_Albacete_Castile_La_Mancha.html", "name": "Posada Peñarrubia", "data": {"claimed": false, "schedule": null, "score_overall": 4.5, "ranking": 34, "travellers_choice": false, "Comida": 4.0, "Servicio": 4.5, "Calidad/precio": 4.5, "type": ["Mediterránea", "Española"], "special_diets": ["Opciones vegetarianas"], "meals": ["Desayuno", "Comidas", "Cenas", "Brunch"], "advantages": ["Reservas", "Acceso para discapacitados", "Acepta tarjetas de crédito", "Servicio de mesa", "Capacidad"], "address": {"name": "San Bernabé 21 Esq con Calle Carmen, 02846 Albacete España", "link": "https://maps.google.com/maps?saddr=&daddr=San+Bernab%C3%A9+21+Esq+con+Calle+Carmen%2C+02846+Albacete+Espa%C3%B1a@38.98167,-1.87223"}, "webpage": "http://www.xn--posadapearrubia-wwa36f.es/", "phone": "+34 967 41 46 64", "price": {"lower": 20.0, "upper": 50.0}, "email": "posadapenarrubia@hotmail.es", "Atmósfera": 3.5}}}