{"restaurant": {"ta_link": "https://www.tripadvisor.es/Restaurant_Review-g187486-d7624364-Reviews-Cheers-Albacete_Province_of_Albacete_Castile_La_Mancha.html", "name": "Cheers Albacete", "data": {"claimed": false, "schedule": null, "score_overall": 4.0, "ranking": 1, "travellers_choice": false, "Comida": 3.5, "Servicio": 4.5, "Calidad/precio": 4.5, "type": ["Pub con cerveza artesanal", "Bar", "Pub"], "special_diets": ["Opciones vegetarianas"], "meals": ["Bebidas"], "advantages": ["Reservas", "Terraza exterior", "Sirve alcohol", "Bar completo", "Vino y cerveza", "Wifi gratuito", "Capacidad"], "address": {"name": "Avenida de Espana 41 Bajo, 02002 Albacete España", "link": "https://maps.google.com/maps?saddr=&daddr=Avenida+de+Espana+41+Bajo%2C+02002+Albacete+Espa%C3%B1a@38.98521,-1.85371"}, "webpage": "https://la-bonita-cerveceria-y-cocteleria.negocio.site/", "phone": "+34 967 61 55 90", "price": {"lower": 2.0, "upper": 9.0}, "email": "cheersalbacet@gmail.com", "Atmósfera": 5.0}}}