{"restaurant": {"ta_link": "https://www.tripadvisor.es/Restaurant_Review-g187486-d5487047-Reviews-Los_Zagales-Albacete_Province_of_Albacete_Castile_La_Mancha.html", "name": "Los Zagales", "data": {"claimed": false, "schedule": {"dom": ["11:30", "17:30", "20:00", "23:30"], "lun": ["11:30", "17:30", "20:00", "23:30"], "mar": ["11:30", "17:30", "20:00", "23:30"], "mié": ["11:30", "17:30", "20:00", "23:30"], "jue": ["11:30", "17:30", "20:00", "23:30"], "vie": ["11:30", "17:30", "20:00", "23:30"], "sáb": ["11:30", "17:30", "20:00", "23:30"]}, "score_overall": 4.5, "ranking": 9, "travellers_choice": false, "Comida": 4.0, "Servicio": 4.0, "Calidad/precio": 3.5, "type": ["Pub"], "special_diets": ["Opciones vegetarianas", "Opciones veganas"], "meals": ["Comidas", "Cenas"], "advantages": ["Capacidad", "Servicio de mesa", "Reservas", "Acceso para discapacitados"], "address": {"name": "Calle Tejares 17, 02002 Albacete España", "link": "https://maps.google.com/maps?saddr=&daddr=Calle+Tejares+17%2C+02002+Albacete+Espa%C3%B1a@38.991493,-1.853569"}, "webpage": "https://www.facebook.com/018Albacete/", "phone": "+34 967 52 22 68", "price": {"lower": 5.0, "upper": 20.0}, "email": "Enani3.0@gmail.com", "Atmósfera": 4.0}}}