{"restaurant": {"ta_link": "https://www.tripadvisor.es/Restaurant_Review-g187486-d6370145-Reviews-A_la_Deriva-Albacete_Province_of_Albacete_Castile_La_Mancha.html", "name": "A la Deriva", "data": {"claimed": false, "schedule": null, "score_overall": 4.0, "ranking": 124, "travellers_choice": false, "Comida": 4.0, "Servicio": 3.5, "Calidad/precio": 3.5, "type": ["Española"], "special_diets": ["Opciones vegetarianas", "Opciones veganas"], "meals": ["Cenas"], "advantages": ["Reservas", "Servicio de mesa", "Capacidad"], "address": {"name": "Calle Concepcion 35, 02002 Albacete España", "link": "https://maps.google.com/maps?saddr=&daddr=Calle+Concepcion+35%2C+02002+Albacete+Espa%C3%B1a@38.99303,-1.85237"}, "webpage": "http://www.facebook.com/Ventepaka-315532782117017/", "phone": "+34 967 50 26 00", "price": {"lower": 25.0, "upper": 60.0}, "email": "cafeteriazayra@hotmail.com", "Atmósfera": 3.5}}}