{"restaurant": {"ta_link": "https://www.tripadvisor.es/Restaurant_Review-g187486-d5614418-Reviews-Bar_Trinos-Albacete_Province_of_Albacete_Castile_La_Mancha.html", "name": "BAR TRINOS, S.L.", "data": {"claimed": false, "schedule": {"dom": ["10:00", "17:00"], "mar": ["08:30", "17:00"], "mié": ["08:30", "17:00"], "jue": ["08:30", "17:00"], "vie": ["09:00", "17:00", "19:00", "23:59"], "sáb": ["10:00", "17:00", "19:00", "23:59"]}, "score_overall": 4.0, "ranking": 73, "travellers_choice": false, "Comida": 4.0, "Servicio": 4.0, "Calidad/precio": 4.0, "type": ["Española"], "special_diets": ["Opciones vegetarianas", "Opciones veganas"], "meals": ["Comidas", "Cenas", "Desayuno"], "advantages": ["Reservas", "Capacidad", "Acceso para discapacitados", "Sirve alcohol", "Servicio de mesa"], "address": {"name": "Calle HERMANOS PINZON, 6 BAJO B1, 02006 Albacete España", "link": "https://maps.google.com/maps?saddr=&daddr=Calle+HERMANOS+PINZON%2C+6+BAJO+B1%2C+02006+Albacete+Espa%C3%B1a@38.99772,-1.87258"}, "webpage": "http://bartrinos.es/", "phone": "+34 967 23 13 15", "price": {"lower": 8.0, "upper": 15.0}, "email": "restaurantetrinos@hotmail.com", "Atmósfera": 3.0}}}