{"restaurant": {"ta_link": "https://www.tripadvisor.es/Restaurant_Review-g187486-d20367747-Reviews-Cerveceria_La_Bonita-Albacete_Province_of_Albacete_Castile_La_Mancha.html", "name": "Cervecería La Bonita", "data": {"claimed": false, "schedule": null, "score_overall": 4.0, "ranking": 41, "travellers_choice": true, "Comida": 4.5, "Servicio": 4.0, "Calidad/precio": 3.5, "type": ["Española", "Mediterránea"], "special_diets": ["Opciones vegetarianas"], "meals": ["Comidas", "Cenas"], "advantages": ["Capacidad", "Acepta tarjetas de crédito", "Servicio de mesa", "Reservas", "Sirve alcohol"], "address": {"name": "Calle Tejares 12, 02002 Albacete España", "link": "https://maps.google.com/maps?saddr=&daddr=Calle+Tejares+12%2C+02002+Albacete+Espa%C3%B1a@38.991734,-1.853919"}, "webpage": "https://la-bonita-cerveceria-y-cocteleria.negocio.site/", "phone": "+34 967 60 76 58", "price": {"lower": 10.0, "upper": 30.0}, "email": "lachelindanunezarce@gmail.com", "Atmósfera": 4.0}}}