{"restaurant": {"ta_link": "https://www.tripadvisor.es/Restaurant_Review-g187486-d5867973-Reviews-Cortijo_El_Aguila-Albacete_Province_of_Albacete_Castile_La_Mancha.html", "name": "Cortijo El Águila", "data": {"claimed": false, "schedule": {"dom": ["09:00", "18:00", "20:00", "01:00"], "lun": ["08:00", "17:30", "20:00", "23:30"], "mar": ["08:00", "17:00"], "jue": ["08:00", "17:30", "20:00", "23:30"], "vie": ["08:00", "17:30", "20:00", "23:59"], "sáb": ["08:30", "18:00", "20:00", "01:00"]}, "score_overall": 3.5, "ranking": 49, "travellers_choice": false, "Comida": 4.0, "Servicio": 3.5, "Calidad/precio": 4.0, "type": ["Mediterránea", "Barbacoa", "Española"], "special_diets": ["Opciones vegetarianas"], "meals": ["Desayuno", "Comidas", "Cenas", "Brunch"], "advantages": ["Reservas", "Capacidad", "Acceso para discapacitados", "Sirve alcohol", "Bar completo", "Acepta tarjetas de crédito", "Servicio de mesa", "Terraza exterior", "Tronas disponibles"], "address": {"name": "Carretera de Barrax 1,5 Km, 02005 Albacete España", "link": "https://maps.google.com/maps?saddr=&daddr=Carretera+de+Barrax+1%2C5+Km%2C+02005+Albacete+Espa%C3%B1a@38.99768,-1.890506"}, "webpage": "http://www.cortijoelaguila.es/", "phone": "+34 967 50 09 78", "price": {"lower": 10.0, "upper": 15.0}, "email": "cortijoaguila@gmail.com", "Atmósfera": 4.0}}}