{"restaurant": {"ta_link": "https://www.tripadvisor.es/Restaurant_Review-g187486-d8609104-Reviews-A_Fuego_Lento-Albacete_Province_of_Albacete_Castile_La_Mancha.html", "name": "A Fuego Lento", "data": {"claimed": true, "schedule": null, "score_overall": 4.5, "ranking": 46, "travellers_choice": false, "Comida": 4.0, "Servicio": 4.5, "Calidad/precio": 4.0, "type": ["Española"], "special_diets": ["Opciones vegetarianas", "Opciones sin gluten", "Opciones veganas"], "meals": ["Comidas", "Cenas"], "advantages": ["Reservas", "Terraza exterior", "Capacidad", "Aparcamiento disponible", "Aparcamiento en la calle", "Televisión", "Acceso para discapacitados", "Sirve alcohol", "Bar completo", "Acepta Mastercard", "Acepta Visa", "Wifi gratuito", "Servicio de mesa", "Acepta tarjetas de crédito"], "address": {"name": "Calle Fernando Poo Number 20, 02006 Albacete España", "link": "https://maps.google.com/maps?saddr=&daddr=Calle+Fernando+Poo+Number+20%2C+02006+Albacete+Espa%C3%B1a@38.98259,-1.866396"}, "webpage": "http://www.facebook.com/afuegolentoalbacete", "phone": "+34 967 96 45 37", "price": {"lower": 10.0, "upper": 15.0}, "email": "lataperia@lataperia.com", "Atmósfera": 3.5}}}