{"restaurant": {"ta_link": "https://www.tripadvisor.es/Restaurant_Review-g187486-d12162060-Reviews-No_Ni_Na_Lugar_de_Vinos-Albacete_Province_of_Albacete_Castile_La_Mancha.html", "name": "No, Ni Na Lugar de Vinos", "data": {"claimed": false, "schedule": null, "score_overall": 4.0, "ranking": 2, "travellers_choice": false, "Comida": 4.0, "Servicio": 4.0, "Calidad/precio": 4.0, "type": ["Vinoteca", "Española"], "special_diets": ["Opciones vegetarianas"], "meals": ["Desayuno", "Brunch"], "advantages": ["Reservas", "Servicio de mesa"], "address": {"name": "Calle del Marques de Molins 3, 02001 Albacete España", "link": "https://maps.google.com/maps?saddr=&daddr=Calle+del+Marques+de+Molins+3%2C+02001+Albacete+Espa%C3%B1a@38.994354,-1.853988"}, "webpage": "https://www.facebook.com/pg/noninalugardevinos/about/?ref=page_internal", "phone": "+34 670 29 79 87", "price": {"lower": 11.0, "upper": 43.0}, "email": "eloychimenea@gmail.com", "Atmósfera": 3.5}}}