{"restaurant": {"ta_link": "https://www.tripadvisor.es/Restaurant_Review-g187486-d9824972-Reviews-La_Finca-Albacete_Province_of_Albacete_Castile_La_Mancha.html", "name": "La Finca", "data": {"claimed": true, "schedule": null, "score_overall": 3.5, "ranking": 132, "travellers_choice": false, "Comida": 4.0, "Servicio": 4.0, "Calidad/precio": 3.5, "type": ["Española"], "special_diets": ["Opciones vegetarianas", "Opciones veganas"], "meals": ["Cenas"], "advantages": ["Acceso para discapacitados", "Sirve alcohol", "Servicio de mesa", "Reservas", "Capacidad"], "address": {"name": "Calle Gaona 5, 02001 Albacete España", "link": "https://maps.google.com/maps?saddr=&daddr=Calle+Gaona+5%2C+02001+Albacete+Espa%C3%B1a@38.993645,-1.853778"}, "webpage": "http://www.facebook.com/barcamarerorestaurante/", "phone": "+34 967 60 45 90", "price": {"lower": 5.0, "upper": 35.0}, "email": "bella-burguesa@outlook.es", "Atmósfera": 4.0}}}