{"restaurant": {"ta_link": "https://www.tripadvisor.es/Restaurant_Review-g187486-d999058-Reviews-Burguer_King-Albacete_Province_of_Albacete_Castile_La_Mancha.html", "name": "Burguer King", "data": {"claimed": false, "schedule": null, "score_overall": 2.5, "ranking": 18, "travellers_choice": false, "Comida": 2.0, "Servicio": 2.0, "Calidad/precio": 2.5, "type": ["Americana", "Comida rápida"], "special_diets": ["Opciones vegetarianas"], "meals": ["Comidas", "Cenas"], "advantages": ["Para llevar", "Acceso para discapacitados"], "address": {"name": "Calle Tejares 11, 02002 Albacete España", "link": "https://maps.google.com/maps?saddr=&daddr=Calle+Tejares+11%2C+02002+Albacete+Espa%C3%B1a@38.99147,-1.85375"}, "webpage": "http://www.dominospizza.es/?utm_medium=organic&utm_source=directorios&utm_campaign=dp_gen_gmb_directorios&utm_content=sitio_web", "phone": "+34 967 19 31 49", "price": {"lower": 3.0, "upper": 8.0}, "email": "ventalasperdices@hotmail.com", "Atmósfera": 3.5}}}