{"restaurant": {"ta_link": "https://www.tripadvisor.es/Restaurant_Review-g187486-d20060343-Reviews-Don_G-Albacete_Province_of_Albacete_Castile_La_Mancha.html", "name": "Don G", "data": {"claimed": true, "schedule": {"lun": ["12:00", "00:00"], "mar": ["12:00", "00:00"], "mié": ["12:00", "00:00"], "jue": ["12:00", "00:00"], "vie": ["12:00", "00:00"], "sáb": ["12:00", "00:00"]}, "score_overall": 1.0, "ranking": 8, "travellers_choice": false, "Comida": 3.5, "Servicio": 3.0, "Calidad/precio": 3.0, "type": ["Americana", "Española"], "special_diets": ["Opciones sin gluten"], "meals": ["Comidas", "Cenas"], "advantages": ["Reservas", "Capacidad", "Sirve alcohol", "Acepta tarjetas de crédito", "Servicio de mesa"], "address": {"name": "Cc Albacenter, Cl Alcalde Conangla S/N CC Albacenter, 1 planta, 02002 Albacete España", "link": "https://maps.google.com/maps?saddr=&daddr=Cc+Albacenter%2C+Cl+Alcalde+Conangla+S%2FN+CC+Albacenter%2C+1+planta%2C+02002+Albacete+Espa%C3%B1a@38.991085,-1.846969"}, "webpage": "https://www.ccalbacenter.com/tienda/don-g/", "phone": "+34 652 38 61 90", "price": {"lower": 6.0, "upper": 12.0}, "email": "dong.albacenter@gmail.com", "Atmósfera": 4.0}}}