{"restaurant": {"ta_link": "https://www.tripadvisor.es/Restaurant_Review-g187486-d19070139-Reviews-Honey_Doner_Kebab_Y_Pizzeria-Albacete_Province_of_Albacete_Castile_La_Mancha.html", "name": "Honey Doner Kebab y Pizzeria", "data": {"claimed": false, "schedule": {"dom": ["12:30", "23:59"], "lun": ["12:30", "23:59"], "mar": ["12:30", "23:59"], "mié": ["12:30", "23:59"], "jue": ["12:30", "23:59"], "vie": ["12:30", "23:59"], "sáb": ["12:30", "23:59"]}, "score_overall": 1.0, "ranking": 320, "travellers_choice": false, "Comida": 3.5, "Servicio": 3.0, "Calidad/precio": 3.0, "type": ["Española", "Mediterránea"], "special_diets": ["Opciones sin gluten"], "meals": ["Comidas", "Cenas"], "advantages": ["Reservas", "Capacidad", "Sirve alcohol", "Acepta tarjetas de crédito", "Servicio de mesa"], "address": {"name": "Calle BATALLA DEL SALADO, 13 BAJO, 02002 Albacete España", "link": "https://maps.google.com/maps?saddr=&daddr=Calle+BATALLA+DEL+SALADO%2C+13+BAJO%2C+02002+Albacete+Espa%C3%B1a@38.987495,-1.852368"}, "webpage": "http://www.honeydonerkebabypizzeriaalbacete.com/", "phone": "+34 967 10 46 11", "price": {"lower": 4.0, "upper": 8.0}, "email": "hadidonerkebabypizza@gmail.com", "Atmósfera": 4.0}}}