{"restaurant": {"ta_link": "https://www.tripadvisor.es/Restaurant_Review-g187486-d10749067-Reviews-Churreria_Carpe-Albacete_Province_of_Albacete_Castile_La_Mancha.html", "name": "Churreria Carpe", "data": {"claimed": false, "schedule": null, "score_overall": 4.5, "ranking": 108, "travellers_choice": false, "Comida": 3.5, "Servicio": 3.5, "Calidad/precio": 3.0, "type": ["Española"], "special_diets": ["Opciones vegetarianas"], "meals": ["Bebidas", "Desayuno", "Comidas", "Cenas"], "advantages": ["Para llevar", "Terraza exterior", "Capacidad", "Televisión", "Tronas disponibles", "Acceso para discapacitados", "Sirve alcohol", "Bar completo", "Acepta Mastercard", "Acepta Visa", "Wifi gratuito", "Reservas", "Acepta tarjetas de crédito"], "address": {"name": "Avenida de Ramon y Cajal 39, 02005 Albacete España", "link": "https://maps.google.com/maps?saddr=&daddr=Avenida+de+Ramon+y+Cajal+39%2C+02005+Albacete+Espa%C3%B1a@38.99988,-1.85938"}, "webpage": "http://www.facebook.com/Laandaluzaalbacete/", "phone": "+34 967 24 63 94", "price": {"lower": 25.0, "upper": 60.0}, "email": "Azespada@hotmail.com", "Atmósfera": 3.5}}}