{"restaurant": {"ta_link": "https://www.tripadvisor.es/Restaurant_Review-g187486-d6594224-Reviews-Entre_Amigos-Albacete_Province_of_Albacete_Castile_La_Mancha.html", "name": "Entre Amigos", "data": {"claimed": false, "schedule": {"dom": ["07:00", "00:00"], "lun": ["07:00", "00:00"], "mié": ["07:00", "00:00"], "jue": ["07:00", "00:00"], "vie": ["07:00", "00:00"], "sáb": ["07:00", "00:00"]}, "score_overall": 4.0, "ranking": 36, "travellers_choice": false, "Comida": 4.0, "Servicio": 4.0, "Calidad/precio": 4.0, "type": ["Española", "Mediterránea"], "special_diets": ["Opciones vegetarianas"], "meals": ["Desayuno", "Comidas", "Cenas"], "advantages": ["Capacidad", "Acceso para discapacitados", "Servicio de mesa", "Terraza exterior", "Televisión", "Sirve alcohol"], "address": {"name": "Calle Luis Badia 43, 02003 Albacete España", "link": "https://maps.google.com/maps?saddr=&daddr=Calle+Luis+Badia+43%2C+02003+Albacete+Espa%C3%B1a@38.986942,-1.863194"}, "webpage": "http://www.facebook.com/entreamigosalbacete/", "phone": "+34 967 23 91 61", "price": {"lower": 20.0, "upper": 50.0}, "email": "gerente@restauranteentreamigos.es", "Atmósfera": 3.5}}}