{"restaurant": {"ta_link": "https://www.tripadvisor.es/Restaurant_Review-g187486-d21124635-Reviews-Restaurante_Rubia_Y_tinto_By_Havana-Albacete_Province_of_Albacete_Castile_La_Man.html", "name": "Restaurante Rubia Y tinto By Havana", "data": {"claimed": false, "schedule": {"mar": ["10:00", "00:00"], "mié": ["10:00", "00:00"], "jue": ["10:00", "00:00"], "vie": ["10:00", "00:00"], "sáb": ["10:00", "00:00"]}, "score_overall": 4.5, "ranking": 9, "travellers_choice": false, "Comida": 3.5, "Servicio": 3.5, "Calidad/precio": 3.0, "type": ["Internacional", "Europea", "Española", "Fusión", "Colombiana", "Mediterránea", "Sudamericana"], "special_diets": ["Opciones vegetarianas"], "meals": ["Comidas", "Cenas"], "advantages": ["Reservas", "Servicio de mesa"], "address": {"name": "Calle El Muelle nº22, 02001 Albacete España", "link": "https://maps.google.com/maps?saddr=&daddr=Calle+El+Muelle+n%C2%BA22%2C+02001+Albacete+Espa%C3%B1a@38.99509,-1.852083"}, "webpage": "https://rubiaytintobyhavana.negocio.site/?utm_source=gmb&utm_medium=referral", "phone": "+34 623 35 70 77", "price": {"lower": 5.0, "upper": 25.0}, "email": "rytbyhavana@gmail.com", "Atmósfera": 3.5}}}