{"restaurant": {"ta_link": "https://www.tripadvisor.es/Restaurant_Review-g187486-d23187233-Reviews-El_Portal_Albacete-Albacete_Province_of_Albacete_Castile_La_Mancha.html", "name": "El Portal , Albacete", "data": {"claimed": false, "schedule": null, "score_overall": 3.5, "ranking": 8, "travellers_choice": false, "Comida": 3.5, "Servicio": 3.5, "Calidad/precio": 3.5, "type": ["Latina", "Internacional", "Española", "Contemporánea"], "special_diets": ["Opciones vegetarianas", "Opciones veganas"], "meals": ["Abierto hasta tarde", "Bebidas", "Comidas", "Cenas"], "advantages": ["Reservas", "Restaurante privado", "Parking gratis/reducido con validación de ticket", "Acceso para discapacitados", "Sirve alcohol", "Acepta tarjetas de crédito"], "address": {"name": "Calle de la Feria 7a, 02004 Albacete España", "link": "https://maps.google.com/maps?saddr=&daddr=Calle+de+la+Feria+7a%2C+02004+Albacete+Espa%C3%B1a@38.99573,-1.85858"}, "webpage": "http://www.facebook.com/AlAlbaWhiskyAndBourbon/", "phone": "+34 665 20 40 92", "price": {"lower": 4.0, "upper": 20.0}, "email": "contable.alba@gmail.com", "Atmósfera": 4.0}}}