{"restaurant": {"ta_link": "https://www.tripadvisor.es/Restaurant_Review-g187486-d985917-Reviews-Picos_de_Europa-Albacete_Province_of_Albacete_Castile_La_Mancha.html", "name": "Picos de Europa", "data": {"claimed": false, "schedule": null, "score_overall": 4.5, "ranking": 77, "travellers_choice": false, "Comida": 4.5, "Servicio": 5.0, "Calidad/precio": 5.0, "type": ["Española", "Mediterránea"], "special_diets": ["Opciones vegetarianas"], "meals": ["Desayuno", "Cenas"], "advantages": ["Reservas", "Servicio de mesa", "Capacidad", "Acceso para discapacitados"], "address": {"name": "Calle Francisco Javier de Moya 46, 02008 Albacete España", "link": "https://maps.google.com/maps?saddr=&daddr=Calle+Francisco+Javier+de+Moya+46%2C+02008+Albacete+Espa%C3%B1a@38.98606,-1.84773"}, "webpage": "https://www.facebook.com/TaperiaElRinconDelCampus", "phone": "+34 967 24 50 86", "price": {"lower": 8.0, "upper": 15.0}, "email": "reservas@rincongallego.es", "Atmósfera": 3.0}}}