{"restaurant": {"ta_link": "https://www.tripadvisor.es/Restaurant_Review-g187486-d10862989-Reviews-Cafe_bar_Estadio-Albacete_Province_of_Albacete_Castile_La_Mancha.html", "name": "Café bar Estadio", "data": {"claimed": false, "schedule": null, "score_overall": 4.0, "ranking": 90, "travellers_choice": false, "Comida": 4.0, "Servicio": 4.5, "Calidad/precio": 4.0, "type": ["Española", "Mediterránea"], "special_diets": ["Opciones vegetarianas"], "meals": ["Cenas"], "advantages": ["Acceso para discapacitados", "Servicio de mesa", "Reservas", "Capacidad", "Sirve alcohol"], "address": {"name": "Calle de Cristobal Lozano 35, 02002 Albacete España", "link": "https://maps.google.com/maps?saddr=&daddr=Calle+de+Cristobal+Lozano+35%2C+02002+Albacete+Espa%C3%B1a@38.983753,-1.852587"}, "webpage": "https://www.facebook.com/TaperiaElRinconDelCampus", "phone": "+34 967 22 20 12", "price": {"lower": 8.0, "upper": 15.0}, "email": "reservas@rincongallego.es", "Atmósfera": 3.0}}}