{"restaurant": {"ta_link": "https://www.tripadvisor.es/Restaurant_Review-g187486-d7991761-Reviews-El_Rincon_Gallego-Albacete_Province_of_Albacete_Castile_La_Mancha.html", "name": "El Rincon Gallego", "data": {"claimed": false, "schedule": null, "score_overall": 3.5, "ranking": 74, "travellers_choice": false, "Comida": 4.0, "Servicio": 4.0, "Calidad/precio": 3.0, "type": ["Marisco", "Española"], "special_diets": ["Opciones vegetarianas", "Opciones veganas"], "meals": ["Comidas", "Cenas"], "advantages": ["Reservas", "Terraza exterior", "Capacidad", "Televisión", "Acceso para discapacitados", "Sirve alcohol", "Acepta tarjetas de crédito", "Servicio de mesa", "Bar completo"], "address": {"name": "Calle Teodoro Camino 3, 02001 Albacete España", "link": "https://maps.google.com/maps?saddr=&daddr=Calle+Teodoro+Camino+3%2C+02001+Albacete+Espa%C3%B1a@38.992554,-1.854321"}, "webpage": "http://www.facebook.com/Regadas-129448457452439/", "phone": "+34 967 21 14 94", "price": {"lower": 8.0, "upper": 15.0}, "email": "reservas@rincongallego.es", "Atmósfera": 3.0}}}