{"restaurant": {"ta_link": "https://www.tripadvisor.es/Restaurant_Review-g187486-d5487203-Reviews-Foster_s_Hollywood-Albacete_Province_of_Albacete_Castile_La_Mancha.html", "name": "Foster's Hollywood", "data": {"claimed": true, "schedule": {"dom": ["13:00", "16:15", "19:30", "23:15"], "lun": ["13:00", "16:00", "20:00", "23:00"], "mar": ["13:00", "16:00", "20:00", "23:00"], "mié": ["13:00", "16:00", "20:00", "23:00"], "jue": ["13:00", "16:00", "20:00", "23:00"], "vie": ["13:00", "16:15", "19:30", "23:45"], "sáb": ["13:00", "16:15", "19:30", "23:45"]}, "score_overall": 3.0, "ranking": 6, "travellers_choice": false, "Comida": 4.0, "Servicio": 4.0, "Calidad/precio": 3.5, "type": ["Americana"], "special_diets": ["Opciones vegetarianas"], "meals": ["Comidas", "Cenas"], "advantages": ["Capacidad", "Servicio de mesa", "Para llevar"], "address": {"name": "Plaza de La Mancha, 17., 2001 Albacete España", "link": "https://maps.google.com/maps?saddr=&daddr=Plaza+de+La+Mancha%2C+17.%2C+2001+Albacete+Espa%C3%B1a@38.993618,-1.857132"}, "webpage": "http://fostershollywood.es/restaurantes/albacete/albacete/fh-albacete?utm_source=directorios&utm_medium=organic&utm_campaign=estatica_directorios&utm_content=sitio_web", "phone": "+34 967 59 02 90", "price": {"lower": 6.0, "upper": 20.0}, "email": "dong.imaginalia@gmail.com", "Atmósfera": 4.0}}}