{"restaurant": {"ta_link": "https://www.tripadvisor.es/Restaurant_Review-g187486-d13426091-Reviews-Cafe_Central-Albacete_Province_of_Albacete_Castile_La_Mancha.html", "name": "Café Central", "data": {"claimed": false, "schedule": null, "score_overall": 4.0, "ranking": 115, "travellers_choice": false, "Comida": 3.5, "Servicio": 4.0, "Calidad/precio": 4.0, "type": ["Española"], "special_diets": ["Opciones sin gluten"], "meals": ["Desayuno"], "advantages": ["Capacidad", "Acceso para discapacitados", "Reservas", "Servicio de mesa"], "address": {"name": "Plaza Constitución 7, 02001 Albacete España", "link": "https://maps.google.com/maps?saddr=&daddr=Plaza+Constituci%C3%B3n+7%2C+02001+Albacete+Espa%C3%B1a@38.99492,-1.85598"}, "webpage": "https://www.facebook.com/cafecentralalbacete/", "phone": "+34 680 37 97 27", "price": {"lower": 25.0, "upper": 60.0}, "email": "neerupahwa89@yahoo.com", "Atmósfera": 3.5}}}