{"restaurant": {"ta_link": "https://www.tripadvisor.es/Restaurant_Review-g187486-d13818118-Reviews-Pizzeria_La_Mancha-Albacete_Province_of_Albacete_Castile_La_Mancha.html", "name": "Pizzeria La Mancha", "data": {"claimed": false, "schedule": null, "score_overall": 4.5, "ranking": 6, "travellers_choice": false, "Comida": 3.5, "Servicio": 4.0, "Calidad/precio": 3.0, "type": ["Pizza", "Italiana"], "special_diets": ["Opciones vegetarianas", "Opciones veganas"], "meals": ["Comidas", "Cenas"], "advantages": ["A domicilio", "Para llevar", "Reservas", "Capacidad", "Acceso para discapacitados", "Sirve alcohol", "Servicio de mesa"], "address": {"name": "Calle del Doctor Ferran 26, 02004 Albacete España", "link": "https://maps.google.com/maps?saddr=&daddr=Calle+del+Doctor+Ferran+26%2C+02004+Albacete+Espa%C3%B1a@38.99542,-1.86345"}, "webpage": "http://www.pizzerialamancha.com/", "phone": "+34 967 60 22 75", "price": {"lower": 10.0, "upper": 30.0}, "email": "albacete@monumentalrestaurant.com", "Atmósfera": 3.5}}}