{"restaurant": {"ta_link": "https://www.tripadvisor.es/Restaurant_Review-g187486-d21149731-Reviews-Panaria-Albacete_Province_of_Albacete_Castile_La_Mancha.html", "name": "Panaria", "data": {"claimed": true, "schedule": {"dom": ["08:30", "14:30"], "lun": ["08:30", "14:30", "18:30", "21:30"], "mar": ["08:30", "14:30", "18:30", "21:30"], "mié": ["08:30", "14:30", "18:30", "21:30"], "jue": ["08:30", "14:30", "18:30", "21:30"], "vie": ["08:30", "14:30", "18:30", "21:30"]}, "score_overall": 3.0, "ranking": 25, "travellers_choice": false, "Comida": 3.5, "Servicio": 3.5, "Calidad/precio": 3.5, "type": ["Café"], "special_diets": ["Opciones vegetarianas"], "meals": ["Desayuno", "Comidas", "Cenas"], "advantages": ["Reservas", "Terraza exterior", "Capacidad", "Aparcamiento disponible", "Aparcamiento en la calle", "Estacionamiento gratuito en la calle", "Televisión", "Tronas disponibles", "Acceso para discapacitados", "Sirve alcohol", "Bar completo", "Acepta Mastercard", "Acepta Visa", "Pagos digitales", "Wifi gratuito", "Acepta tarjetas de crédito"], "address": {"name": "Calle de Francisco Fontecha 5, 02001 Albacete España", "link": "https://maps.google.com/maps?saddr=&daddr=Calle+de+Francisco+Fontecha+5%2C+02001+Albacete+Espa%C3%B1a@38.99492,-1.85514"}, "webpage": "http://www.panariapanaderias.es/", "phone": "+34 967 67 58 80", "price": {"lower": 3.0, "upper": 50.0}, "email": "info@panariapanaderias.es", "Atmósfera": 4.0}}}