{"restaurant": {"ta_link": "https://www.tripadvisor.es/Restaurant_Review-g187486-d985912-Reviews-Bocatta-Albacete_Province_of_Albacete_Castile_La_Mancha.html", "name": "Bocatta", "data": {"claimed": false, "schedule": null, "score_overall": 3.0, "ranking": 203, "travellers_choice": false, "Comida": 3.5, "Servicio": 3.5, "Calidad/precio": 3.5, "type": ["Española"], "special_diets": ["Opciones vegetarianas"], "meals": ["Desayuno", "Comidas", "Cenas"], "advantages": ["Reservas", "Terraza exterior", "Capacidad", "Aparcamiento disponible", "Aparcamiento en la calle", "Estacionamiento gratuito en la calle", "Televisión", "Tronas disponibles", "Acceso para discapacitados", "Sirve alcohol", "Bar completo", "Acepta Mastercard", "Acepta Visa", "Pagos digitales", "Wifi gratuito", "Acepta tarjetas de crédito"], "address": {"name": "Calle, 02006 Albacete España", "link": "https://maps.google.com/maps?saddr=&daddr=Calle%2C+02006+Albacete+Espa%C3%B1a@38.9922,-1.85559"}, "webpage": "http://www.panariapanaderias.es/", "phone": "+34 967 24 72 01", "price": {"lower": 3.0, "upper": 50.0}, "email": "info@panariapanaderias.es", "Atmósfera": 4.0}}}