{"restaurant": {"ta_link": "https://www.tripadvisor.es/Restaurant_Review-g187486-d8726825-Reviews-Cafeteria_JJ-Albacete_Province_of_Albacete_Castile_La_Mancha.html", "name": "Cafeteria JJ", "data": {"claimed": false, "schedule": null, "score_overall": 3.5, "ranking": 97, "travellers_choice": false, "Comida": 3.5, "Servicio": 3.0, "Calidad/precio": 3.0, "type": ["Mediterránea", "Española"], "special_diets": ["Opciones vegetarianas", "Opciones veganas"], "meals": ["Desayuno", "Comidas"], "advantages": ["Reservas", "Capacidad", "Acceso para discapacitados", "Sirve alcohol", "Servicio de mesa"], "address": {"name": "Calle San Agustin 12, 02001 Albacete España", "link": "https://maps.google.com/maps?saddr=&daddr=Calle+San+Agustin+12%2C+02001+Albacete+Espa%C3%B1a@38.994205,-1.852303"}, "webpage": "http://www.tabernadelvolapie.com/", "phone": "+34 967 21 37 42", "price": {"lower": 10.0, "upper": 30.0}, "email": "restaurantelafalla@gmail.com", "Atmósfera": 4.0}}}