{"restaurant": {"ta_link": "https://www.tripadvisor.es/Restaurant_Review-g187486-d7350069-Reviews-La_Dorada_Cafe_Bar-Albacete_Province_of_Albacete_Castile_La_Mancha.html", "name": "La Dorada Café Bar", "data": {"claimed": true, "schedule": {"dom": ["10:00", "00:00"], "lun": ["07:45", "00:00"], "mié": ["07:45", "00:00"], "jue": ["07:45", "00:00"], "vie": ["07:45", "00:00"], "sáb": ["09:00", "01:00"]}, "score_overall": 4.5, "ranking": 53, "travellers_choice": false, "Comida": 4.0, "Servicio": 4.5, "Calidad/precio": 3.5, "type": ["Española", "Café"], "special_diets": ["Opciones vegetarianas", "Opciones veganas"], "meals": ["Desayuno", "Comidas", "Cenas", "Bebidas", "Brunch"], "advantages": ["Televisión", "Acceso para discapacitados", "Sirve alcohol", "Bar completo", "Vino y cerveza", "Acepta American Express", "Acepta Mastercard", "Acepta Visa", "Solo efectivo", "Wifi gratuito", "Servicio de mesa", "Reservas", "Terraza exterior", "Capacidad"], "address": {"name": "Calle Maria Marin 55, 02004 Albacete España", "link": "https://maps.google.com/maps?saddr=&daddr=Calle+Maria+Marin+55%2C+02004+Albacete+Espa%C3%B1a@38.98974,-1.863669"}, "webpage": "http://www.facebook.com/LaDoradaCafeBar", "phone": "+34 967 81 18 49", "price": {"lower": 4.0, "upper": 30.0}, "email": "toniladorada@hotmail.com", "Atmósfera": 5.0}}}