{"restaurant": {"ta_link": "https://www.tripadvisor.es/Restaurant_Review-g187486-d20164414-Reviews-Cafeteria_Taperia_Sublime-Albacete_Province_of_Albacete_Castile_La_Mancha.html", "name": "Cafeteria Taperia Sublime", "data": {"claimed": true, "schedule": {"dom": ["09:00", "00:30"], "lun": ["09:00", "18:00"], "mar": ["09:00", "00:00"], "mié": ["09:00", "00:00"], "jue": ["09:00", "00:00"], "vie": ["09:00", "02:30"], "sáb": ["09:00", "02:30"]}, "score_overall": 4.5, "ranking": 7, "travellers_choice": true, "Comida": 4.0, "Servicio": 4.0, "Calidad/precio": 3.5, "type": ["Mediterránea", "Española", "Saludable", "Bares para comer"], "special_diets": ["Opciones vegetarianas", "Opciones veganas", "Opciones sin gluten"], "meals": ["Desayuno", "Comidas", "Cenas"], "advantages": ["Reservas", "Capacidad", "Sirve alcohol", "Acepta tarjetas de crédito", "Servicio de mesa"], "address": {"name": "Calle Talabarteros 4, 02005 Albacete España", "link": "https://maps.google.com/maps?saddr=&daddr=Calle+Talabarteros+4%2C+02005+Albacete+Espa%C3%B1a@39.00444,-1.81809"}, "webpage": "http://www.facebook.com/taperiasublime", "phone": "+34 663 01 94 02", "price": {"lower": 10.0, "upper": 40.0}, "email": "administracion@restaurantedongil.com", "Atmósfera": 4.0}}}