{"restaurant": {"ta_link": "https://www.tripadvisor.es/Restaurant_Review-g187486-d12503441-Reviews-Horchateria_Los_Valencianos-Albacete_Province_of_Albacete_Castile_La_Mancha.html", "name": "Horchateria Los Valencianos", "data": {"claimed": false, "schedule": null, "score_overall": 3.0, "ranking": 328, "travellers_choice": false, "Comida": 4.0, "Servicio": 4.5, "Calidad/precio": 4.5, "type": ["Pizza"], "special_diets": ["Opciones sin gluten"], "meals": ["Comidas", "Cenas"], "advantages": ["Acceso para discapacitados"], "address": {"name": "Calle de La Feria 35, 02005 Albacete España", "link": "https://maps.google.com/maps?saddr=&daddr=Calle+de+La+Feria+35%2C+02005+Albacete+Espa%C3%B1a@38.99589,-1.86087"}, "webpage": "http://www.telepizza.es/", "phone": "+34 967 52 26 30", "price": {"lower": 6.0, "upper": 12.0}, "email": "dong.albacenter@gmail.com", "Atmósfera": 4.0}}}