{"restaurant": {"ta_link": "https://www.tripadvisor.es/Restaurant_Review-g187486-d9978802-Reviews-King_s-Albacete_Province_of_Albacete_Castile_La_Mancha.html", "name": "King's", "data": {"claimed": false, "schedule": null, "score_overall": 3.5, "ranking": 153, "travellers_choice": false, "Comida": 3.0, "Servicio": 3.0, "Calidad/precio": 3.5, "type": ["Española"], "special_diets": ["Opciones veganas", "Opciones vegetarianas"], "meals": ["Desayuno", "Comidas"], "advantages": ["Capacidad", "Sirve alcohol"], "address": {"name": "0 Plaza de la Virgen de los Llanos 2, 02001 Albacete España", "link": "https://maps.google.com/maps?saddr=&daddr=0+Plaza+de+la+Virgen+de+los+Llanos+2%2C+02001+Albacete+Espa%C3%B1a@38.99576,-1.85664"}, "webpage": "http://www.facebook.com/StPatricksAB?ref=ts&fref=ts", "phone": "+34 967 67 04 48", "price": {"lower": 4.0, "upper": 10.0}, "email": "stpatricksab@gmail.com", "Atmósfera": 4.0}}}