{"restaurant": {"ta_link": "https://www.tripadvisor.es/Restaurant_Review-g187486-d11856271-Reviews-El_Fogon-Albacete_Province_of_Albacete_Castile_La_Mancha.html", "name": "El Fogón", "data": {"claimed": false, "schedule": null, "score_overall": 4.0, "ranking": 6, "travellers_choice": false, "Comida": 4.5, "Servicio": 3.0, "Calidad/precio": 3.0, "type": ["Restaurante de carne", "Española"], "special_diets": ["Opciones veganas"], "meals": ["Cenas"], "advantages": ["Reservas", "Acceso para discapacitados", "Sirve alcohol", "Servicio de mesa", "Capacidad"], "address": {"name": "Calle Hellín 25, 02002 Albacete España", "link": "https://maps.google.com/maps?saddr=&daddr=Calle+Hell%C3%ADn+25%2C+02002+Albacete+Espa%C3%B1a@38.98342,-1.85466"}, "webpage": "https://www.facebook.com/monumentalrestaurantalbacete/", "phone": "+34 967 50 59 97", "price": {"lower": 10.0, "upper": 30.0}, "email": "albacete@monumentalrestaurant.com", "Atmósfera": 3.5}}}