{"restaurant": {"ta_link": "https://www.tripadvisor.es/Restaurant_Review-g187486-d10475532-Reviews-La_Hacienda-Albacete_Province_of_Albacete_Castile_La_Mancha.html", "name": "La Hacienda", "data": {"claimed": true, "schedule": {"dom": ["12:00", "16:00", "20:00", "00:00"], "lun": ["12:00", "16:00", "20:00", "00:00"], "mar": ["12:00", "16:00", "20:00", "00:00"], "jue": ["12:00", "16:00", "20:00", "00:00"], "vie": ["12:00", "16:00", "20:00", "00:00"], "sáb": ["12:00", "16:00", "20:00", "00:00"]}, "score_overall": 4.0, "ranking": 3, "travellers_choice": false, "Comida": 4.0, "Servicio": 4.0, "Calidad/precio": 3.5, "type": ["Mexicana", "Internacional"], "special_diets": ["Opciones vegetarianas", "Opciones veganas", "Opciones sin gluten"], "meals": ["Comidas", "Cenas", "Bebidas"], "advantages": ["A domicilio", "Para llevar", "Reservas", "Terraza exterior", "Capacidad", "Televisión", "Acceso para discapacitados", "Sirve alcohol", "Vino y cerveza", "Acepta American Express", "Acepta Mastercard", "Acepta Visa", "Pagos digitales", "Solo efectivo", "Wifi gratuito", "Acepta tarjetas de crédito", "Servicio de mesa", "Tronas disponibles", "Bar completo"], "address": {"name": "Calle Parra 6, 02002 Albacete España", "link": "https://maps.google.com/maps?saddr=&daddr=Calle+Parra+6%2C+02002+Albacete+Espa%C3%B1a@38.99128,-1.853189"}, "webpage": "https://www.facebook.com/lahaciendaalbacete/", "phone": "+34 967 25 66 35", "price": {"lower": 12.0, "upper": 25.0}, "email": "lahaciendaalbacete@gmail.com", "Atmósfera": 4.0}}}