{"restaurant": {"ta_link": "https://www.tripadvisor.es/Restaurant_Review-g187486-d999034-Reviews-Tiro_de_Pichon-Albacete_Province_of_Albacete_Castile_La_Mancha.html", "name": "Tiro de Pichon", "data": {"claimed": false, "schedule": null, "score_overall": 4.0, "ranking": 111, "travellers_choice": false, "Comida": 4.0, "Servicio": 4.0, "Calidad/precio": 3.5, "type": ["Española", "Bar", "Café", "Contemporánea", "Pub", "Comedor"], "special_diets": ["Opciones vegetarianas", "Opciones veganas"], "meals": ["Cenas", "Comidas"], "advantages": ["Reservas", "Servicio de mesa", "Capacidad", "Acceso para discapacitados"], "address": {"name": "Carretera, 02006 Albacete España", "link": "https://maps.google.com/maps?saddr=&daddr=Carretera%2C+02006+Albacete+Espa%C3%B1a@39.0291,-1.89603"}, "webpage": "https://restaurantelaalacena.negocio.site/", "phone": "+34 967 23 59 52", "price": {"lower": 10.0, "upper": 30.0}, "email": "laalacenaalbacete@gmail.com", "Atmósfera": 4.0}}}