{"restaurant": {"ta_link": "https://www.tripadvisor.es/Restaurant_Review-g187486-d4881580-Reviews-Taperia_Polleria_Olga-Albacete_Province_of_Albacete_Castile_La_Mancha.html", "name": "Taperia Polleria Olga", "data": {"claimed": false, "schedule": null, "score_overall": 2.5, "ranking": 232, "travellers_choice": false, "Comida": 2.0, "Servicio": 3.5, "Calidad/precio": 2.0, "type": ["Española"], "special_diets": ["Opciones vegetarianas"], "meals": ["Comidas"], "advantages": ["Servicio de mesa"], "address": {"name": "Francisvo Pizarro, Albacete España", "link": "https://maps.google.com/maps?saddr=&daddr=Francisvo+Pizarro%2C+Albacete+Espa%C3%B1a@38.99369,-1.86158"}, "webpage": "http://www.facebook.com/doneravenida.albacete.7", "phone": "+34 967 10 11 85", "price": {"lower": 3.0, "upper": 8.0}, "email": "muhemmedrizwan@yahoo.com", "Atmósfera": 3.5}}}