{"restaurant": {"ta_link": "https://www.tripadvisor.es/Restaurant_Review-g187486-d10472506-Reviews-Kyoto-Albacete_Province_of_Albacete_Castile_La_Mancha.html", "name": "Kyoto", "data": {"claimed": false, "schedule": null, "score_overall": 4.0, "ranking": 1, "travellers_choice": false, "Comida": 3.5, "Servicio": 4.0, "Calidad/precio": 3.0, "type": ["China", "Asiática"], "special_diets": ["Opciones vegetarianas", "Opciones veganas"], "meals": ["Comidas", "Cenas"], "advantages": ["A domicilio", "Para llevar", "Reservas", "Capacidad", "Acceso para discapacitados", "Sirve alcohol", "Servicio de mesa"], "address": {"name": "Calle La Roda 33, 02006 Albacete España", "link": "https://maps.google.com/maps?saddr=&daddr=Calle+La+Roda+33%2C+02006+Albacete+Espa%C3%B1a@39.00183,-1.86813"}, "webpage": "http://www.taperiajoseluis.com/", "phone": "+34 967 03 92 59", "price": {"lower": 10.0, "upper": 30.0}, "email": "albacete@monumentalrestaurant.com", "Atmósfera": 3.5}}}