{"restaurant": {"ta_link": "https://www.tripadvisor.es/Restaurant_Review-g187486-d18931200-Reviews-Cafeteria_Coronas-Albacete_Province_of_Albacete_Castile_La_Mancha.html", "name": "Cafeteria Coronas", "data": {"claimed": false, "schedule": null, "score_overall": 4.5, "ranking": 162, "travellers_choice": false, "Comida": 4.0, "Servicio": 4.0, "Calidad/precio": 3.5, "type": ["Café", "Española"], "special_diets": ["Opciones veganas", "Opciones vegetarianas"], "meals": ["Desayuno", "Comidas", "Cenas"], "advantages": ["Reservas"], "address": {"name": "Paseo la Libertad 16, 02001 Albacete España", "link": "https://maps.google.com/maps?saddr=&daddr=Paseo+la+Libertad+16%2C+02001+Albacete+Espa%C3%B1a@38.99608,-1.85263"}, "webpage": "http://www.healthyhunters.es/", "phone": "+34 967 24 07 14", "price": {"lower": 7.0, "upper": 15.0}, "email": "navarrosimonjaime@gmail.com", "Atmósfera": 4.0}}}