{"restaurant": {"ta_link": "https://www.tripadvisor.es/Restaurant_Review-g187486-d13814196-Reviews-Casa_Jose_Luis-Albacete_Province_of_Albacete_Castile_La_Mancha.html", "name": "Casa José Luis", "data": {"claimed": false, "schedule": null, "score_overall": 5.0, "ranking": 148, "travellers_choice": false, "Comida": 4.0, "Servicio": 4.0, "Calidad/precio": 4.5, "type": ["Española"], "special_diets": ["Opciones veganas", "Opciones vegetarianas"], "meals": ["Desayuno", "Comidas", "Cenas"], "advantages": ["Reservas", "Capacidad", "Acceso para discapacitados", "Servicio de mesa"], "address": {"name": "Carretera de Murcia km 1, 02008 Albacete España", "link": "https://maps.google.com/maps?saddr=&daddr=Carretera+de+Murcia+km+1%2C+02008+Albacete+Espa%C3%B1a@38.98378,-1.84742"}, "webpage": "http://taperiajoseluis.com/casajoseluis.php", "phone": "+34 615 51 69 18", "price": {"lower": 4.0, "upper": 10.0}, "email": "luismyortiz@hotmail.es", "Atmósfera": 4.0}}}