{
    "restaurant": {
        "ta_link": "https://www.tripadvisor.es/Restaurant_Review-g187486-d23644600-Reviews-Telma_Lobby_Restaurant-Albacete_Province_of_Albacete_Castile_La_Mancha.html",
        "name": "Telma Lobby &amp; Restaurant",
        "data": {
            "claimed": true,
            "schedule": {
                "dom": [
                    "12:00",
                    "18:00"
                ],
                "lun": [
                    "08:00",
                    "02:00"
                ],
                "mar": [
                    "08:00",
                    "02:00"
                ],
                "mié": [
                    "08:00",
                    "02:00"
                ],
                "jue": [
                    "08:00",
                    "02:00"
                ],
                "vie": [
                    "08:00",
                    "02:00"
                ],
                "sáb": [
                    "12:00",
                    "02:00"
                ]
            },
            "score_overall": 4.5,
            "ranking": 3,
            "travellers_choice": false,
            "Comida": 4.5,
            "Servicio": 4.5,
            "Calidad/precio": 4.0,
            "type": [
                "Restaurante de carne",
                "Marisco",
                "Fusión",
                "Mediterránea",
                "Española"
            ],
            "special_diets": [
                "Opciones vegetarianas",
                "Opciones veganas"
            ],
            "meals": [
                "Desayuno",
                "Comidas",
                "Cenas"
            ],
            "advantages": [
                "Reservas",
                "Capacidad",
                "Sirve alcohol",
                "Bar completo",
                "Servicio de mesa"
            ],
            "address": {
                "name": "C. Marqués De Molins, 1, 02001 Albacete España",
                "link": "https://maps.google.com/maps?saddr=&daddr=C.+Marqu%C3%A9s+De+Molins%2C+1%2C+02001+Albacete+Espa%C3%B1a@38.994358,-1.853914"
            },
            "webpage": "http://www.gcandela.com/",
            "phone": "+34 967 19 15 26"
        }
    }
}