{"restaurant": {"ta_link": "https://www.tripadvisor.es/Restaurant_Review-g187486-d12736363-Reviews-Taperia_k_tomas-Albacete_Province_of_Albacete_Castile_La_Mancha.html", "name": "Taperia k'tomas", "data": {"claimed": false, "schedule": null, "score_overall": 4.5, "ranking": 88, "travellers_choice": false, "Comida": 4.0, "Servicio": 4.5, "Calidad/precio": 4.0, "type": ["Española", "Mediterránea"], "special_diets": ["Opciones veganas"], "meals": ["Comidas", "Cenas"], "advantages": ["Reservas"], "address": {"name": "Calle Municipio de Molinicos 7, 02005 Albacete España", "link": "https://maps.google.com/maps?saddr=&daddr=Calle+Municipio+de+Molinicos+7%2C+02005+Albacete+Espa%C3%B1a@39.008244,-1.873104"}, "webpage": "https://www.facebook.com/monumentalrestaurantalbacete/", "phone": "+34 967 21 75 45", "price": {"lower": 10.0, "upper": 30.0}, "email": "albacete@monumentalrestaurant.com", "Atmósfera": 3.5}}}