{"restaurant": {"ta_link": "https://www.tripadvisor.es/Restaurant_Review-g187486-d21275326-Reviews-Bar_Nuevo_Atlanta-Albacete_Province_of_Albacete_Castile_La_Mancha.html", "name": "Bar Nuevo Atlanta", "data": {"claimed": false, "schedule": {"lun": ["09:00", "16:00", "19:00", "00:00"], "mar": ["09:00", "16:00", "19:00", "00:00"], "mié": ["09:00", "16:00", "19:00", "00:00"], "jue": ["09:00", "16:00", "19:00", "00:00"], "vie": ["09:00", "16:00", "19:00", "00:00"], "sáb": ["09:00", "16:00", "19:00", "00:00"]}, "score_overall": 5.0, "ranking": 106, "travellers_choice": false, "Comida": 3.5, "Servicio": 3.5, "Calidad/precio": 3.0, "type": ["Española"], "special_diets": ["Opciones vegetarianas"], "meals": ["Desayuno", "Comidas", "Cenas"], "advantages": ["Reservas", "Capacidad", "Acceso para discapacitados", "Servicio de mesa", "Sirve alcohol"], "address": {"name": "Calle Quevedo 22, 02005 Albacete España", "link": "https://maps.google.com/maps?saddr=&daddr=Calle+Quevedo+22%2C+02005+Albacete+Espa%C3%B1a@38.99956,-1.86544"}, "webpage": "http://www.facebook.com/rincondechicharro/", "phone": "+34 967 60 69 27", "price": {"lower": 25.0, "upper": 60.0}, "email": "sonyarodenas@gmail.com", "Atmósfera": 3.5}}}