{"restaurant": {"ta_link": "https://www.tripadvisor.es/Restaurant_Review-g187486-d15324855-Reviews-Zenai-Albacete_Province_of_Albacete_Castile_La_Mancha.html", "name": "Zenai", "data": {"claimed": false, "schedule": null, "score_overall": 4.5, "ranking": 193, "travellers_choice": false, "Comida": 3.0, "Servicio": 3.0, "Calidad/precio": 3.5, "type": ["Café", "Española"], "special_diets": ["Opciones veganas", "Opciones vegetarianas"], "meals": ["Desayuno", "Comidas"], "advantages": ["Capacidad", "Sirve alcohol"], "address": {"name": "Miguel López de Legazpi 20, 02005 Albacete España", "link": "https://maps.google.com/maps?saddr=&daddr=Miguel+L%C3%B3pez+de+Legazpi+20%2C+02005+Albacete+Espa%C3%B1a@39.00162,-1.86083"}, "webpage": "https://www.facebook.com/ZENAI-cafeteria-taperia-183932135728661/", "phone": "+34 695 61 84 20", "price": {"lower": 4.0, "upper": 10.0}, "email": "stpatricksab@gmail.com", "Atmósfera": 4.0}}}