{"restaurant": {"ta_link": "https://www.tripadvisor.es/Restaurant_Review-g187486-d7336426-Reviews-La_Cantina-Albacete_Province_of_Albacete_Castile_La_Mancha.html", "name": "La Cantina", "data": {"claimed": false, "schedule": null, "score_overall": 3.5, "ranking": 5, "travellers_choice": false, "Comida": 4.0, "Servicio": 4.0, "Calidad/precio": 3.5, "type": ["Mexicana"], "special_diets": ["Opciones veganas", "Opciones vegetarianas"], "meals": ["Cenas", "Comidas"], "advantages": ["Servicio de mesa"], "address": {"name": "Paseo Pedro Simon Abril 6, 02003 Albacete España", "link": "https://maps.google.com/maps?saddr=&daddr=Paseo+Pedro+Simon+Abril+6%2C+02003+Albacete+Espa%C3%B1a@38.98932,-1.85719"}, "webpage": "https://www.facebook.com/lacantinamexicanoalbacete", "phone": "+34 967 22 08 93", "price": {"lower": 6.0, "upper": 18.0}, "email": "reservas@gruposaona.com", "Atmósfera": 4.0}}}