{"restaurant": {"ta_link": "https://www.tripadvisor.es/Restaurant_Review-g187486-d8854446-Reviews-Catacaldos-Albacete_Province_of_Albacete_Castile_La_Mancha.html", "name": "Catacaldos", "data": {"claimed": true, "schedule": {"dom": ["13:30", "17:00"], "lun": ["13:30", "17:00", "20:00", "23:00"], "mar": ["13:30", "17:00", "20:00", "23:00"], "mié": ["13:30", "17:00", "20:00", "23:00"], "jue": ["13:30", "17:00", "20:00", "23:00"], "vie": ["13:30", "17:00", "20:00", "23:00"], "sáb": ["13:30", "17:00", "20:00", "23:00"]}, "score_overall": 4.5, "ranking": 10, "travellers_choice": true, "Comida": 4.5, "Servicio": 4.0, "Calidad/precio": 4.0, "type": ["Mediterránea", "Española"], "special_diets": ["Opciones vegetarianas", "Opciones veganas", "Opciones sin gluten"], "meals": ["Comidas", "Cenas"], "advantages": ["Reservas", "Capacidad", "Tronas disponibles", "Acceso para discapacitados", "Sirve alcohol", "Bar completo", "Acepta tarjetas de crédito", "Servicio de mesa"], "address": {"name": "Calle Padre Pascual Suarez nº2, 02002 Albacete España", "link": "https://maps.google.com/maps?saddr=&daddr=Calle+Padre+Pascual+Suarez+n%C2%BA2%2C+02002+Albacete+Espa%C3%B1a@38.98901,-1.853284"}, "webpage": "http://www.catacaldos.es/", "phone": "+34 967 60 95 12", "price": {"lower": 12.0, "upper": 60.0}, "email": "info@catacaldos.es", "Atmósfera": 4.0}}}