{"restaurant": {"ta_link": "https://www.tripadvisor.es/Restaurant_Review-g187486-d8735524-Reviews-Torito-Albacete_Province_of_Albacete_Castile_La_Mancha.html", "name": "Torito", "data": {"claimed": false, "schedule": null, "score_overall": 4.5, "ranking": 5, "travellers_choice": false, "Comida": 4.0, "Servicio": 4.0, "Calidad/precio": 4.0, "type": ["Café", "Bar", "Pub"], "special_diets": ["Opciones vegetarianas"], "meals": ["Desayuno", "Comidas", "Cenas"], "advantages": ["Reservas", "Capacidad", "Servicio de mesa", "A domicilio", "Para llevar"], "address": {"name": "Calle de Concepcion 26, 02002 Albacete España", "link": "https://maps.google.com/maps?saddr=&daddr=Calle+de+Concepcion+26%2C+02002+Albacete+Espa%C3%B1a@38.99369,-1.85414"}, "webpage": "http://www.facebook.com/ToritoAB", "phone": "+34 617 60 78 69", "price": {"lower": 11.0, "upper": 43.0}, "email": "eloychimenea@gmail.com", "Atmósfera": 3.5}}}