{"restaurant": {"ta_link": "https://www.tripadvisor.es/Restaurant_Review-g187486-d8765292-Reviews-Bar_Avion_II-Albacete_Province_of_Albacete_Castile_La_Mancha.html", "name": "Bar Avion II", "data": {"claimed": true, "schedule": {"dom": ["07:00", "00:00"], "lun": ["07:00", "00:00"], "mar": ["07:00", "00:00"], "mié": ["07:00", "00:00"], "jue": ["07:00", "00:00"], "vie": ["07:00", "00:00"], "sáb": ["07:00", "00:00"]}, "score_overall": 2.5, "ranking": 24, "travellers_choice": false, "Comida": 3.5, "Servicio": 3.0, "Calidad/precio": 3.0, "type": ["Bar", "Café", "Española", "Mediterránea", "Pub"], "special_diets": ["Opciones sin gluten"], "meals": ["Comidas", "Cenas"], "advantages": ["Reservas", "Capacidad", "Sirve alcohol", "Servicio de mesa"], "address": {"name": "Calle Vasco Nunez de Balboa 4, 02006 Albacete España", "link": "https://maps.google.com/maps?saddr=&daddr=Calle+Vasco+Nunez+de+Balboa+4%2C+02006+Albacete+Espa%C3%B1a@38.994343,-1.846913"}, "webpage": "http://baravion.es/", "phone": "+34 967 60 27 98", "price": {"lower": 4.0, "upper": 5.0}, "email": "baravion@gmail.com", "Atmósfera": 4.0}}}