{"restaurant": {"ta_link": "https://www.tripadvisor.es/Restaurant_Review-g187486-d5884337-Reviews-Churreria_Como_TU-Albacete_Province_of_Albacete_Castile_La_Mancha.html", "name": "Churrería \"COMO TÚ\"", "data": {"claimed": false, "schedule": {"dom": ["07:00", "15:00"], "lun": ["07:00", "15:00"], "mar": ["07:00", "15:00"], "mié": ["07:00", "15:00"], "jue": ["07:00", "15:00"], "vie": ["07:00", "15:00"], "sáb": ["07:00", "15:00"]}, "score_overall": 3.5, "ranking": 253, "travellers_choice": false, "Comida": 3.5, "Servicio": 3.5, "Calidad/precio": 4.0, "type": ["Bar", "Mediterránea", "Española", "Pub"], "special_diets": ["Opciones vegetarianas", "Opciones veganas"], "meals": ["Desayuno", "Comidas"], "advantages": ["Acceso para discapacitados", "Servicio de mesa", "Capacidad"], "address": {"name": "c/ Collado Piña, nº85, 02003 Albacete España", "link": "https://maps.google.com/maps?saddr=&daddr=c%2F+Collado+Pi%C3%B1a%2C+n%C2%BA85%2C+02003+Albacete+Espa%C3%B1a@38.98827,-1.8625"}, "webpage": "http://www.facebook.com/pg/losmomentosdeamelie/photos/", "phone": "+34 629 94 66 06", "price": {"lower": 15.0, "upper": 25.0}, "email": "Reservas@instintobar.com", "Atmósfera": 4.0}}}