{"restaurant": {"ta_link": "https://www.tripadvisor.es/Restaurant_Review-g187486-d999070-Reviews-La_Fontana_Di_Trevi-Albacete_Province_of_Albacete_Castile_La_Mancha.html", "name": "La Fontana DI Trevi", "data": {"claimed": false, "schedule": {"dom": ["13:30", "16:00", "20:00", "23:59"], "mar": ["13:30", "16:00", "20:00", "23:59"], "mié": ["13:30", "16:00", "20:00", "23:59"], "jue": ["13:30", "16:00", "20:00", "23:59"], "vie": ["13:30", "16:00", "20:00", "23:59"], "sáb": ["13:30", "16:00", "20:00", "23:59"]}, "score_overall": 3.5, "ranking": 5, "travellers_choice": false, "Comida": 3.5, "Servicio": 4.0, "Calidad/precio": 3.5, "type": ["Italiana"], "special_diets": ["Opciones vegetarianas", "Opciones veganas"], "meals": ["Comidas", "Cenas", "Abierto hasta tarde"], "advantages": ["Reservas", "Capacidad", "Sirve alcohol", "Servicio de mesa"], "address": {"name": "Calle TINTE, 40, 02002 Albacete España", "link": "https://maps.google.com/maps?saddr=&daddr=Calle+TINTE%2C+40%2C+02002+Albacete+Espa%C3%B1a@38.99229,-1.853261"}, "webpage": "http://agrutinte.es/", "phone": "+34 967 52 22 23", "price": {"lower": 10.0, "upper": 30.0}, "email": "lutobimo0@gmail.com", "Atmósfera": 4.0}}}