{"restaurant": {"ta_link": "https://www.tripadvisor.es/Restaurant_Review-g187486-d12420498-Reviews-Taperia_estapati-Albacete_Province_of_Albacete_Castile_La_Mancha.html", "name": "Taperia estapati", "data": {"claimed": true, "schedule": null, "score_overall": 4.0, "ranking": 143, "travellers_choice": false, "Comida": 4.0, "Servicio": 3.5, "Calidad/precio": 3.5, "type": ["Española"], "special_diets": ["Opciones vegetarianas", "Opciones veganas"], "meals": ["Comidas", "Cenas"], "advantages": ["A domicilio", "Reservas", "Parking gratis/reducido con validación de ticket", "Televisión", "Sirve alcohol", "Vino y cerveza", "Pagos digitales", "Acepta tarjetas de crédito", "Servicio de mesa", "Zonas de juego", "Bares deportivos"], "address": {"name": "Joaquin quijada, Albacete España", "link": "https://maps.google.com/maps?saddr=&daddr=Joaquin+quijada%2C+Albacete+Espa%C3%B1a@38.99453,-1.86418"}, "webpage": "http://magnacasinos.es/", "phone": "+34 967 60 33 81", "price": {"lower": 4.0, "upper": 9.0}, "email": "teteriakhushualbacete@gmail.com", "Atmósfera": 4.0}}}