{"restaurant": {"ta_link": "https://www.tripadvisor.es/Restaurant_Review-g187486-d17476944-Reviews-La_Lola-Albacete_Province_of_Albacete_Castile_La_Mancha.html", "name": "La Lola", "data": {"claimed": false, "schedule": null, "score_overall": 3.5, "ranking": 258, "travellers_choice": false, "Comida": 3.5, "Servicio": 3.5, "Calidad/precio": 4.0, "type": ["Española"], "special_diets": ["Opciones vegetarianas", "Opciones veganas"], "meals": ["Desayuno", "Comidas", "Cenas"], "advantages": ["Para llevar", "Terraza exterior", "Aparcamiento disponible", "Estacionamiento gratuito en la calle"], "address": {"name": "Cll San Agustín 10, 02001 Albacete España", "link": "https://maps.google.com/maps?saddr=&daddr=Cll+San+Agust%C3%ADn+10%2C+02001+Albacete+Espa%C3%B1a@38.99432,-1.85257"}, "webpage": "http://www.lalolapinchosytapas.com/", "phone": "+34 967 59 29 89", "price": {"lower": 6.0, "upper": 20.0}, "email": "dong.imaginalia@gmail.com", "Atmósfera": 4.0}}}