{"restaurant": {"ta_link": "https://www.tripadvisor.es/Restaurant_Review-g187486-d13148949-Reviews-Cafe_Bar_Nuevo_Forum-Albacete_Province_of_Albacete_Castile_La_Mancha.html", "name": "Café Bar Nuevo Forum", "data": {"claimed": false, "schedule": null, "score_overall": 1.0, "ranking": 21, "travellers_choice": false, "Comida": 3.0, "Servicio": 3.0, "Calidad/precio": 3.0, "type": ["Pub"], "special_diets": ["Opciones sin gluten"], "meals": ["Bebidas", "Comidas", "Cenas"], "advantages": ["Capacidad", "Playa", "Admite perros"], "address": {"name": "Calle Hermanos Jimenez 6, 02004 Albacete España", "link": "https://maps.google.com/maps?saddr=&daddr=Calle+Hermanos+Jimenez+6%2C+02004+Albacete+Espa%C3%B1a@38.99593,-1.86762"}, "webpage": "https://www.facebook.com/Caf%C3%A9-Bar-Nuevo-Forum-241499586308541/", "phone": "+34 661 49 43 63", "price": {"lower": 12.0, "upper": 38.0}, "email": "tocalaotravezsamsl@hotmail.com", "Atmósfera": 4.0}}}