{"restaurant": {"ta_link": "https://www.tripadvisor.es/Restaurant_Review-g187486-d23683277-Reviews-Oleana-Albacete_Province_of_Albacete_Castile_La_Mancha.html", "name": "Oleana", "data": {"claimed": true, "schedule": {"dom": ["13:00", "16:30"], "mar": ["13:00", "16:30", "20:00", "23:30"], "mié": ["13:00", "16:30", "20:00", "23:30"], "jue": ["13:00", "16:30", "20:00", "23:30"], "vie": ["13:00", "16:30", "20:00", "23:30"], "sáb": ["13:00", "16:30", "20:00", "23:30"]}, "score_overall": 4.5, "ranking": 18, "travellers_choice": false, "Comida": 3.5, "Servicio": 4.0, "Calidad/precio": 4.0, "type": ["Mediterránea", "Española", "Saludable"], "special_diets": ["Opciones veganas"], "meals": ["Desayuno", "Comidas", "Cenas"], "advantages": ["Reservas", "Capacidad", "Sirve alcohol", "Servicio de mesa", "Tronas disponibles"], "address": {"name": "Calle Caba 23, 02006 Albacete España", "link": "https://maps.google.com/maps?saddr=&daddr=Calle+Caba+23%2C+02006+Albacete+Espa%C3%B1a@38.993256,-1.858312"}, "webpage": "http://www.restauranteoleana.es/", "phone": "+34 640 73 64 98", "price": {"lower": 14.0, "upper": 24.0}, "email": "restauranteoleana@gmail.com", "Atmósfera": 4.5}}}