{"restaurant": {"ta_link": "https://www.tripadvisor.es/Restaurant_Review-g187486-d12862902-Reviews-La_Espiga-Albacete_Province_of_Albacete_Castile_La_Mancha.html", "name": "La Espiga", "data": {"claimed": false, "schedule": null, "score_overall": 3.5, "ranking": 7, "travellers_choice": false, "Comida": 3.5, "Servicio": 3.5, "Calidad/precio": 4.0, "type": ["Española", "Restaurante de carne", "Barbacoa"], "special_diets": ["Opciones vegetarianas", "Opciones veganas"], "meals": ["Desayuno", "Comidas", "Cenas"], "advantages": ["Para llevar", "Terraza exterior", "Aparcamiento disponible", "Estacionamiento gratuito en la calle"], "address": {"name": "Calle Autovia 65, 02007 Albacete España", "link": "https://maps.google.com/maps?saddr=&daddr=Calle+Autovia+65%2C+02007+Albacete+Espa%C3%B1a@39.02563,-1.883323"}, "webpage": "https://don-g.com/", "phone": "+34 967 59 29 89", "price": {"lower": 6.0, "upper": 20.0}, "email": "dong.imaginalia@gmail.com", "Atmósfera": 4.0}}}