{"restaurant": {"ta_link": "https://www.tripadvisor.es/Restaurant_Review-g187486-d5796029-Reviews-Hong_Kong_Restaurante-Albacete_Province_of_Albacete_Castile_La_Mancha.html", "name": "Hong Kong Restaurante", "data": {"claimed": false, "schedule": {"dom": ["12:00", "16:30", "20:00", "00:00"], "lun": ["12:00", "16:30", "20:00", "00:00"], "mar": ["12:00", "16:30", "20:00", "00:00"], "mié": ["12:00", "16:30", "20:00", "00:00"], "jue": ["12:00", "16:30", "20:00", "00:00"], "vie": ["12:00", "16:30", "20:00", "00:00"], "sáb": ["12:00", "16:30", "20:00", "00:00"]}, "score_overall": 2.5, "ranking": 6, "travellers_choice": false, "Comida": 3.5, "Servicio": 3.0, "Calidad/precio": 3.5, "type": ["China", "Comida rápida"], "special_diets": ["Opciones sin gluten"], "meals": ["Comidas", "Cenas"], "advantages": ["Reservas", "Servicio de mesa"], "address": {"name": "Parra, 4, 02002 Albacete España", "link": "https://maps.google.com/maps?saddr=&daddr=Parra%2C+4%2C+02002+Albacete+Espa%C3%B1a@38.99134,-1.85351"}, "webpage": "http://hongkongalbacete.com/?utm_source=tripadvisor&utm_campaign=HongKongAlbacete&utm_medium=tr-activation&utm_term=microsite", "phone": "+34 967 24 59 26", "price": {"lower": 6.0, "upper": 12.0}, "email": "vadepizzaab@gmail.com", "Atmósfera": 4.0}}}