{"restaurant": {"ta_link": "https://www.tripadvisor.es/Restaurant_Review-g187486-d985909-Reviews-Asador_Concepcion-Albacete_Province_of_Albacete_Castile_La_Mancha.html", "name": "Restaurante Asador Concepción", "data": {"claimed": true, "schedule": {"dom": ["13:00", "16:30"], "mar": ["13:00", "16:30"], "mié": ["13:00", "16:30", "20:45", "23:30"], "jue": ["13:00", "16:30", "20:45", "23:30"], "vie": ["13:00", "16:30", "20:45", "23:30"], "sáb": ["13:00", "16:30", "20:45", "23:30"]}, "score_overall": 4.5, "ranking": 9, "travellers_choice": true, "Comida": 4.0, "Servicio": 4.5, "Calidad/precio": 3.5, "type": ["Mediterránea", "Europea", "Española"], "special_diets": ["Opciones vegetarianas", "Opciones veganas", "Opciones sin gluten"], "meals": ["Comidas", "Cenas", "Abierto hasta tarde"], "advantages": ["Reservas", "Restaurante privado", "Capacidad", "Tronas disponibles", "Acceso para discapacitados", "Sirve alcohol", "Bar completo", "Acepta American Express", "Acepta Mastercard", "Acepta Visa", "Acepta tarjetas de crédito", "Servicio de mesa"], "address": {"name": "CALLE CONCEPCIÓN 5, 02002 Albacete España", "link": "https://maps.google.com/maps?saddr=&daddr=CALLE+CONCEPCI%C3%93N+5%2C+02002+Albacete+Espa%C3%B1a@38.994385,-1.855275"}, "webpage": "http://www.asadorconcepcion.com/", "phone": "+34 967 52 43 50", "price": {"lower": 12.0, "upper": 60.0}, "email": "info@asadorconcepcion.com", "Atmósfera": 4.0}}}