{"restaurant": {"ta_link": "https://www.tripadvisor.es/Restaurant_Review-g187486-d5489108-Reviews-Telepizza-Albacete_Province_of_Albacete_Castile_La_Mancha.html", "name": "Telepizza", "data": {"claimed": false, "schedule": null, "score_overall": 2.0, "ranking": 15, "travellers_choice": false, "Comida": 3.5, "Servicio": 3.0, "Calidad/precio": 2.5, "type": ["Pizza", "Italiana"], "special_diets": ["Opciones vegetarianas"], "meals": ["Comidas", "Cenas"], "advantages": ["A domicilio", "Capacidad", "Sirve alcohol", "Servicio de mesa", "Para llevar", "Reservas", "Acceso para discapacitados"], "address": {"name": "Avenida Los Toreros 2, 02005 Albacete España", "link": "https://maps.google.com/maps?saddr=&daddr=Avenida+Los+Toreros+2%2C+02005+Albacete+Espa%C3%B1a@38.99785,-1.86672"}, "webpage": "http://www.telepizza.es/", "phone": "+34 967 59 01 51", "price": {"lower": 6.0, "upper": 12.0}, "email": "vadepizzaab@gmail.com", "Atmósfera": 3.5}}}