{"restaurant": {"ta_link": "https://www.tripadvisor.es/Restaurant_Review-g187486-d8675937-Reviews-Taberna_de_Mari-Albacete_Province_of_Albacete_Castile_La_Mancha.html", "name": "Taberna de Mari", "data": {"claimed": true, "schedule": null, "score_overall": 4.0, "ranking": 87, "travellers_choice": false, "Comida": 4.0, "Servicio": 4.5, "Calidad/precio": 4.0, "type": ["Española", "Mediterránea"], "special_diets": ["Opciones veganas"], "meals": ["Comidas", "Cenas"], "advantages": ["Para llevar", "Reservas", "Capacidad", "Acceso para discapacitados", "Sirve alcohol", "Servicio de mesa"], "address": {"name": "Calle Municipio de Molinicos 7 Zona Comercial E Industrial, 02005 Albacete España", "link": "https://maps.google.com/maps?saddr=&daddr=Calle+Municipio+de+Molinicos+7+Zona+Comercial+E+Industrial%2C+02005+Albacete+Espa%C3%B1a@39.008377,-1.872767"}, "webpage": "https://www.facebook.com/monumentalrestaurantalbacete/", "phone": "+34 967 21 75 45", "price": {"lower": 10.0, "upper": 30.0}, "email": "albacete@monumentalrestaurant.com", "Atmósfera": 3.5}}}