{"restaurant": {"ta_link": "https://www.tripadvisor.es/Restaurant_Review-g187486-d11712501-Reviews-Nazaret-Albacete_Province_of_Albacete_Castile_La_Mancha.html", "name": "Nazaret", "data": {"claimed": false, "schedule": null, "score_overall": 4.5, "ranking": 8, "travellers_choice": false, "Comida": 3.5, "Servicio": 3.5, "Calidad/precio": 4.0, "type": ["Restaurante de carne"], "special_diets": ["Opciones vegetarianas"], "meals": ["Desayuno"], "advantages": ["Reservas"], "address": {"name": "Calle del Arquitecto Vandelvira 44, 02003 Albacete España", "link": "https://maps.google.com/maps?saddr=&daddr=Calle+del+Arquitecto+Vandelvira+44%2C+02003+Albacete+Espa%C3%B1a@38.98877,-1.86393"}, "webpage": "https://www.facebook.com/elrocinII/", "phone": "+34 965 97 92 26", "price": {"lower": 25.0, "upper": 60.0}, "email": "elrocin2@gmail.com", "Atmósfera": 3.5}}}