{"restaurant": {"ta_link": "https://www.tripadvisor.es/Restaurant_Review-g187486-d5869903-Reviews-La_corrala_del_sol-Albacete_Province_of_Albacete_Castile_La_Mancha.html", "name": "La corrala del sol", "data": {"claimed": false, "schedule": null, "score_overall": 4.5, "ranking": 52, "travellers_choice": false, "Comida": 4.0, "Servicio": 4.0, "Calidad/precio": 4.5, "type": ["Española"], "special_diets": ["Opciones vegetarianas", "Opciones veganas"], "meals": ["Comidas", "Cenas", "Abierto hasta tarde"], "advantages": ["Reservas", "Servicio de mesa", "Capacidad", "Sirve alcohol"], "address": {"name": "Calle Andorra 3,, 02002 Albacete España", "link": "https://maps.google.com/maps?saddr=&daddr=Calle+Andorra+3%2C%2C+02002+Albacete+Espa%C3%B1a@38.99042,-1.85199"}, "webpage": "http://www.lacorraladelsol.com/", "phone": "+34 967 04 64 83", "price": {"lower": 25.0, "upper": 35.0}, "email": "info@lacorraladelsol.com", "Atmósfera": 4.0}}}