{"restaurant": {"ta_link": "https://www.tripadvisor.es/Restaurant_Review-g187486-d3383784-Reviews-El_Pincho_Taperia_Cafe_Bar-Albacete_Province_of_Albacete_Castile_La_Mancha.html", "name": "El Pincho, Taperia -Cafe-Bar", "data": {"claimed": false, "schedule": null, "score_overall": 4.5, "ranking": 139, "travellers_choice": false, "Comida": 4.0, "Servicio": 3.5, "Calidad/precio": 3.5, "type": ["Española"], "special_diets": ["Opciones vegetarianas", "Opciones veganas"], "meals": ["Desayuno", "Comidas", "Cenas"], "advantages": ["Servicio de mesa", "Reservas", "Capacidad"], "address": {"name": "Calle Hermanos Jimenez 3-02004, 02004 Albacete España", "link": "https://maps.google.com/maps?saddr=&daddr=Calle+Hermanos+Jimenez+3-02004%2C+02004+Albacete+Espa%C3%B1a@38.996,-1.86737"}, "webpage": "http://www.facebook.com/elpincho.cafebartaperia", "phone": "+34 967 70 07 44", "price": {"lower": 5.0, "upper": 9.0}, "email": "flecha198038@gmail.com", "Atmósfera": 4.0}}}