{"restaurant": {"ta_link": "https://www.tripadvisor.es/Restaurant_Review-g187486-d12222849-Reviews-Taperia_Los_Angeles-Albacete_Province_of_Albacete_Castile_La_Mancha.html", "name": "Taperia Los Angeles", "data": {"claimed": true, "schedule": {"dom": ["07:00", "23:45"], "mar": ["07:00", "23:45"], "mié": ["07:00", "23:45"], "jue": ["07:00", "23:45"], "vie": ["07:00", "23:45"], "sáb": ["07:00", "23:45"]}, "score_overall": 4.5, "ranking": 12, "travellers_choice": false, "Comida": 3.5, "Servicio": 3.5, "Calidad/precio": 3.5, "type": ["Bar", "Mediterránea", "Española", "Pub", "Saludable", "Marisco"], "special_diets": ["Opciones sin gluten"], "meals": ["Desayuno", "Bebidas", "Comidas", "Cenas"], "advantages": ["Sirve alcohol", "Servicio de mesa", "Reservas", "Capacidad", "Acceso para discapacitados"], "address": {"name": "Calle Benavente 36 Bajo, 02006 Albacete España", "link": "https://maps.google.com/maps?saddr=&daddr=Calle+Benavente+36+Bajo%2C+02006+Albacete+Espa%C3%B1a@38.99572,-1.87228"}, "webpage": "https://www.facebook.com/Taper%C3%ADa-Los-%C3%81ngeles-1600417446916625/", "phone": "+34 650 31 91 33", "price": {"lower": 25.0, "upper": 60.0}, "email": "j.a.gonzalez.1@live.com", "Atmósfera": 3.5}}}