{"restaurant": {"ta_link": "https://www.tripadvisor.es/Restaurant_Review-g187486-d15440060-Reviews-Braseria_Arroceria_La_Marea-Albacete_Province_of_Albacete_Castile_La_Mancha.html", "name": "Braseria Arroceria La Marea", "data": {"claimed": true, "schedule": null, "score_overall": 3.0, "ranking": 219, "travellers_choice": false, "Comida": 3.5, "Servicio": 3.5, "Calidad/precio": 3.5, "type": ["Española"], "special_diets": ["Opciones sin gluten"], "meals": ["Desayuno", "Comidas", "Brunch"], "advantages": ["Reservas"], "address": {"name": "Paseo Circunvalación, 84, 02006 Albacete España", "link": "https://maps.google.com/maps?saddr=&daddr=Paseo+Circunvalaci%C3%B3n%2C+84%2C+02006+Albacete+Espa%C3%B1a@38.988205,-1.867353"}, "webpage": "https://www.facebook.com/Braseria-Arroceria-La-MAREA-576776772686708/", "phone": "+34 967 09 38 22", "price": {"lower": 8.0, "upper": 15.0}, "email": "lahiguericaalbacete@gmail.com", "Atmósfera": 4.0}}}