{"restaurant": {"ta_link": "https://www.tripadvisor.es/Restaurant_Review-g187486-d7214105-Reviews-Rincon_Latino-Albacete_Province_of_Albacete_Castile_La_Mancha.html", "name": "Rincon Latino", "data": {"claimed": false, "schedule": null, "score_overall": 4.0, "ranking": 3, "travellers_choice": false, "Comida": 3.5, "Servicio": 3.5, "Calidad/precio": 3.0, "type": ["Latina", "Internacional", "Española"], "special_diets": ["Opciones vegetarianas", "Opciones veganas"], "meals": ["Cenas"], "advantages": ["Reservas", "Acceso para discapacitados", "Servicio de mesa"], "address": {"name": "Calle Francisco Pizarro 73, 02004 Albacete España", "link": "https://maps.google.com/maps?saddr=&daddr=Calle+Francisco+Pizarro+73%2C+02004+Albacete+Espa%C3%B1a@38.99087,-1.86732"}, "webpage": "https://www.facebook.com/Quintaesenciajamoneria/", "phone": "+34 967 22 82 23", "price": {"lower": 4.0, "upper": 20.0}, "email": "info@bardetus.com", "Atmósfera": 4.0}}}