{"restaurant": {"ta_link": "https://www.tripadvisor.es/Restaurant_Review-g187486-d13129832-Reviews-Antiguo_Labrador-Albacete_Province_of_Albacete_Castile_La_Mancha.html", "name": "Antiguo Labrador", "data": {"claimed": true, "schedule": {"dom": ["07:15", "18:00"], "lun": ["07:15", "17:30"], "mar": ["07:15", "17:30"], "mié": ["07:15", "17:30"], "jue": ["07:15", "17:30"], "vie": ["07:15", "17:30", "19:30", "00:00"], "sáb": ["07:15", "00:00"]}, "score_overall": 3.5, "ranking": 11, "travellers_choice": false, "Comida": 3.0, "Servicio": 3.0, "Calidad/precio": 3.5, "type": ["Española", "Restaurante de carne"], "special_diets": ["Opciones vegetarianas", "Opciones veganas"], "meals": ["Comidas", "Cenas", "Brunch"], "advantages": ["Reservas", "Capacidad", "Servicio de mesa"], "address": {"name": "Calle Las Madrigueras 6, 02049 Albacete España", "link": "https://maps.google.com/maps?saddr=&daddr=Calle+Las+Madrigueras+6%2C+02049+Albacete+Espa%C3%B1a@38.919548,-1.920181"}, "webpage": "http://www.antiguolabrador.com/", "phone": "+34 967 27 33 55", "price": {"lower": 4.0, "upper": 20.0}, "email": "restaurante.antiguolabrador@gmail.com", "Atmósfera": 4.0}}}