{"restaurant": {"ta_link": "https://www.tripadvisor.es/Restaurant_Review-g187486-d8606826-Reviews-ZAYRA_CAFE-Albacete_Province_of_Albacete_Castile_La_Mancha.html", "name": "ZAYRA CAFE", "data": {"claimed": true, "schedule": {"dom": ["09:00", "01:30"], "lun": ["06:00", "01:30"], "mar": ["06:00", "01:30"], "mié": ["06:00", "01:30"], "jue": ["06:00", "01:30"], "vie": ["06:00", "02:30"], "sáb": ["06:00", "02:30"]}, "score_overall": 4.0, "ranking": 13, "travellers_choice": false, "Comida": 4.5, "Servicio": 4.5, "Calidad/precio": 4.5, "type": ["Mediterránea", "Española", "Café"], "special_diets": ["Opciones sin gluten"], "meals": ["Abierto hasta tarde", "Bebidas", "Desayuno", "Comidas", "Cenas"], "advantages": ["Reservas", "Capacidad", "Acceso para discapacitados", "Sirve alcohol", "Servicio de mesa", "Wifi gratuito", "Acepta tarjetas de crédito", "Estilo familiar"], "address": {"name": "Calle Hermanos Jimenez 24, 02004 Albacete España", "link": "https://maps.google.com/maps?saddr=&daddr=Calle+Hermanos+Jimenez+24%2C+02004+Albacete+Espa%C3%B1a@38.994625,-1.867271"}, "webpage": "http://www.facebook.com/Ventepaka-315532782117017/", "phone": "+34 967 50 86 12", "price": {"lower": 25.0, "upper": 60.0}, "email": "cafeteriazayra@hotmail.com", "Atmósfera": 3.5}}}