{"restaurant": {"ta_link": "https://www.tripadvisor.es/Restaurant_Review-g187486-d24003200-Reviews-Avenida_New_Line-Albacete_Province_of_Albacete_Castile_La_Mancha.html", "name": "Avenida New Line", "data": {"claimed": false, "schedule": null, "score_overall": 5.0, "ranking": 173, "travellers_choice": false, "Comida": 4.5, "Servicio": 4.5, "Calidad/precio": 4.5, "type": ["Española"], "special_diets": ["Opciones vegetarianas", "Opciones veganas"], "meals": ["Desayuno", "Comidas", "Cenas"], "advantages": ["Reservas", "Capacidad", "Acceso para discapacitados", "Servicio de mesa"], "address": {"name": "Calle Mayor N:45, 02002 Albacete España", "link": "https://maps.google.com/maps?saddr=&daddr=Calle+Mayor+N%3A45%2C+02002+Albacete+Espa%C3%B1a@38.993267,-1.854335"}, "webpage": "https://www.facebook.com/Avenida-New-Line-107080474151384/", "phone": "+34 618 88 53 78", "price": {"lower": 12.0, "upper": 100.0}, "email": "guijamurciarest@gmail.com", "Atmósfera": 4.0}}}