{"restaurant": {"ta_link": "https://www.tripadvisor.es/Restaurant_Review-g187486-d12911967-Reviews-Pequeno_Careta_II-Albacete_Province_of_Albacete_Castile_La_Mancha.html", "name": "Pequeño Careta II", "data": {"claimed": false, "schedule": null, "score_overall": 2.0, "ranking": 237, "travellers_choice": false, "Comida": 2.0, "Servicio": 2.0, "Calidad/precio": 2.5, "type": ["Española"], "special_diets": ["Opciones vegetarianas"], "meals": ["Comidas", "Cenas"], "advantages": ["Servicio de mesa", "Capacidad", "Acceso para discapacitados"], "address": {"name": "Avenida del Arquitecto Julio Carriler 1, 02005 Albacete España", "link": "https://maps.google.com/maps?saddr=&daddr=Avenida+del+Arquitecto+Julio+Carriler+1%2C+02005+Albacete+Espa%C3%B1a@39.00003,-1.86155"}, "webpage": "http://www.dominospizza.es/?utm_medium=organic&utm_source=directorios&utm_campaign=dp_gen_gmb_directorios&utm_content=sitio_web", "phone": "+34 967 19 31 49", "price": {"lower": 3.0, "upper": 8.0}, "email": "ventalasperdices@hotmail.com", "Atmósfera": 3.5}}}