{"restaurant": {"ta_link": "https://www.tripadvisor.es/Restaurant_Review-g187486-d18548463-Reviews-Cafestore-Albacete_Province_of_Albacete_Castile_La_Mancha.html", "name": "Cafestore", "data": {"claimed": true, "schedule": null, "score_overall": 3.0, "ranking": 27, "travellers_choice": false, "Comida": 3.0, "Servicio": 4.0, "Calidad/precio": 4.0, "type": ["Café", "Comida rápida", "Española"], "special_diets": ["Opciones vegetarianas"], "meals": ["Comidas", "Cenas"], "advantages": ["Reservas", "Capacidad", "Servicio de mesa"], "address": {"name": "A-31, 02007 Albacete España", "link": "https://maps.google.com/maps?saddr=&daddr=A-31%2C+02007+Albacete+Espa%C3%B1a@39.02402,-1.87197"}, "webpage": "http://es-es.facebook.com/merendero.huertodelruisenor/", "phone": "+34 915 43 36 20", "price": {"lower": 3.0, "upper": 10.0}, "email": "info@panariapanaderias.es", "Atmósfera": 4.0}}}