{"restaurant": {"ta_link": "https://www.tripadvisor.es/Restaurant_Review-g187486-d7273787-Reviews-100_Montaditos-Albacete_Province_of_Albacete_Castile_La_Mancha.html", "name": "100 Montaditos", "data": {"claimed": false, "schedule": null, "score_overall": 2.5, "ranking": 228, "travellers_choice": false, "Comida": 3.5, "Servicio": 3.0, "Calidad/precio": 3.5, "type": ["Española"], "special_diets": ["Opciones sin gluten"], "meals": ["Comidas", "Cenas"], "advantages": ["Capacidad"], "address": {"name": "C/ Concepción 21, 02002 Albacete España", "link": "https://maps.google.com/maps?saddr=&daddr=C%2F+Concepci%C3%B3n+21%2C+02002+Albacete+Espa%C3%B1a@38.99349,-1.85346"}, "webpage": "http://www.vadepizzaalbacete.com/", "phone": "+34 967 61 15 70", "price": {"lower": 6.0, "upper": 12.0}, "email": "vadepizzaab@gmail.com", "Atmósfera": 4.0}}}