{"restaurant": {"ta_link": "https://www.tripadvisor.es/Restaurant_Review-g187486-d5494315-Reviews-Barco-Albacete_Province_of_Albacete_Castile_La_Mancha.html", "name": "Barco", "data": {"claimed": false, "schedule": {"dom": ["10:00", "17:00"], "lun": ["07:00", "17:00"], "mar": ["07:00", "00:00"], "mié": ["07:00", "00:00"], "jue": ["07:00", "00:00"], "vie": ["07:00", "00:00"], "sáb": ["07:00", "04:00"]}, "score_overall": 3.5, "ranking": 8, "travellers_choice": false, "Comida": 4.0, "Servicio": 4.0, "Calidad/precio": 4.5, "type": ["Española", "Comedor"], "special_diets": ["Opciones veganas", "Opciones vegetarianas"], "meals": ["Desayuno", "Comidas", "Cenas"], "advantages": ["Reservas", "Capacidad", "Acceso para discapacitados", "Servicio de mesa"], "address": {"name": "Calle Casas Ibáñez, 37, 02006 Albacete España", "link": "https://maps.google.com/maps?saddr=&daddr=Calle+Casas+Ib%C3%A1%C3%B1ez%2C+37%2C+02006+Albacete+Espa%C3%B1a@39.009605,-1.862197"}, "webpage": "https://website--139062287643052808995-restaurant.negocio.site/", "phone": "+34 967 09 38 83", "price": {"lower": 4.0, "upper": 10.0}, "email": "luismyortiz@hotmail.es", "Atmósfera": 4.0}}}