{"restaurant": {"ta_link": "https://www.tripadvisor.es/Restaurant_Review-g187486-d999065-Reviews-Don_Gil-Albacete_Province_of_Albacete_Castile_La_Mancha.html", "name": "Don Gil Restaurante", "data": {"claimed": true, "schedule": {"dom": ["12:00", "17:00"], "lun": ["12:00", "17:00"], "mar": ["12:00", "17:00", "19:00", "23:00"], "mié": ["12:00", "17:00", "19:00", "23:00"], "jue": ["12:00", "17:00", "19:00", "23:00"], "vie": ["12:00", "17:00", "19:00", "23:00"], "sáb": ["12:00", "17:00", "19:00", "23:00"]}, "score_overall": 4.0, "ranking": 28, "travellers_choice": true, "Comida": 4.0, "Servicio": 4.0, "Calidad/precio": 3.5, "type": ["Mediterránea", "Española"], "special_diets": ["Opciones vegetarianas", "Opciones veganas", "Opciones sin gluten"], "meals": ["Comidas", "Cenas", "Abierto hasta tarde"], "advantages": ["Reservas", "Capacidad", "Tronas disponibles", "Acceso para discapacitados", "Sirve alcohol", "Bar completo", "Wifi gratuito", "Acepta tarjetas de crédito", "Servicio de mesa", "Terraza exterior"], "address": {"name": "Calle Baños, 2 VILLACERRADA, 02004 Albacete España", "link": "https://maps.google.com/maps?saddr=&daddr=Calle+Ba%C3%B1os%2C+2+VILLACERRADA%2C+02004+Albacete+Espa%C3%B1a@38.994457,-1.859822"}, "webpage": "http://www.restaurantedongil.com/", "phone": "+34 967 23 97 85", "price": {"lower": 10.0, "upper": 40.0}, "email": "administracion@restaurantedongil.com", "Atmósfera": 4.0}}}