{"restaurant": {"ta_link": "https://www.tripadvisor.es/Restaurant_Review-g187486-d10375621-Reviews-HAIKU_La_Creperia-Albacete_Province_of_Albacete_Castile_La_Mancha.html", "name": "HAIKU La Crepería", "data": {"claimed": true, "schedule": null, "score_overall": 4.0, "ranking": 6, "travellers_choice": false, "Comida": 4.0, "Servicio": 3.5, "Calidad/precio": 3.5, "type": ["Café"], "special_diets": ["Opciones vegetarianas", "Opciones veganas"], "meals": ["Brunch", "Bebidas"], "advantages": ["Para llevar", "Capacidad", "Acceso para discapacitados", "Sirve alcohol", "Bar completo", "Vino y cerveza", "Acepta Visa", "Solo efectivo", "Wifi gratuito", "Reservas"], "address": {"name": "Calle de San Jose de Calasanz 4 A 20 mts DE LA FAROLA DEL PARQUE, 02002 Albacete España", "link": "https://maps.google.com/maps?saddr=&daddr=Calle+de+San+Jose+de+Calasanz+4+A+20+mts+DE+LA+FAROLA+DEL+PARQUE%2C+02002+Albacete+Espa%C3%B1a@38.9903,-1.856262"}, "webpage": "http://www.facebook.com/LACREPERIAHAIKU/", "phone": "+34 967 60 91 72", "price": {"lower": 4.0, "upper": 20.0}, "email": "haikucreperia@gmail.com", "Atmósfera": 4.0}}}