{"restaurant": {"ta_link": "https://www.tripadvisor.es/Restaurant_Review-g187486-d4926678-Reviews-Pizzeria_Italia-Albacete_Province_of_Albacete_Castile_La_Mancha.html", "name": "Pizzeria Italia", "data": {"claimed": false, "schedule": null, "score_overall": 2.5, "ranking": 13, "travellers_choice": false, "Comida": 3.5, "Servicio": 3.0, "Calidad/precio": 2.5, "type": ["Italiana", "Pizza"], "special_diets": ["Opciones vegetarianas"], "meals": ["Comidas", "Cenas"], "advantages": ["A domicilio", "Capacidad", "Sirve alcohol", "Servicio de mesa", "Para llevar", "Reservas", "Acceso para discapacitados"], "address": {"name": "Plaza de San Felipe Neri 4, 02002 Albacete España", "link": "https://maps.google.com/maps?saddr=&daddr=Plaza+de+San+Felipe+Neri+4%2C+02002+Albacete+Espa%C3%B1a@38.98551,-1.857228"}, "webpage": "http://hongkongalbacete.com/?utm_source=tripadvisor&utm_campaign=HongKongAlbacete&utm_medium=tr-activation&utm_term=microsite", "phone": "+34 967 51 07 89", "price": {"lower": 6.0, "upper": 12.0}, "email": "vadepizzaab@gmail.com", "Atmósfera": 3.5}}}