{"restaurant": {"ta_link": "https://www.tripadvisor.es/Restaurant_Review-g187486-d5493144-Reviews-Restaurante_La_Chimenea-Albacete_Province_of_Albacete_Castile_La_Mancha.html", "name": "La Chimenea", "data": {"claimed": false, "schedule": {"dom": ["09:00", "16:00", "20:00", "23:59"], "lun": ["09:00", "16:00", "20:00", "23:59"], "mar": ["09:00", "16:00", "20:00", "23:59"], "mié": ["09:00", "16:00", "20:00", "23:59"], "jue": ["09:00", "16:00", "20:00", "23:59"], "vie": ["09:00", "16:00", "20:00", "23:59"], "sáb": ["09:00", "16:00", "20:00", "23:59"]}, "score_overall": 4.5, "ranking": 82, "travellers_choice": false, "Comida": 4.0, "Servicio": 4.0, "Calidad/precio": 3.5, "type": ["Mediterránea", "Española"], "special_diets": ["Opciones sin gluten"], "meals": ["Desayuno", "Comidas", "Cenas"], "advantages": ["Reservas"], "address": {"name": "Calle Demetrio Nalda, 3 BAJO, 02006 Albacete España", "link": "https://maps.google.com/maps?saddr=&daddr=Calle+Demetrio+Nalda%2C+3+BAJO%2C+02006+Albacete+Espa%C3%B1a@38.983322,-1.866233"}, "webpage": "http://es-es.facebook.com/La-Chimenea-de-Albacete-135511323188596/", "phone": "+34 967 51 14 52", "price": {"lower": 11.0, "upper": 43.0}, "email": "eloychimenea@gmail.com", "Atmósfera": 3.5}}}