{"restaurant": {"ta_link": "https://www.tripadvisor.es/Restaurant_Review-g187486-d13122895-Reviews-TAPERIA_la_casica-Albacete_Province_of_Albacete_Castile_La_Mancha.html", "name": "TAPERÍA la casica", "data": {"claimed": false, "schedule": {"dom": ["07:00", "00:00"], "lun": ["07:00", "00:00"], "mié": ["07:00", "00:00"], "jue": ["07:00", "00:00"], "vie": ["07:00", "00:00"], "sáb": ["07:00", "00:00"]}, "score_overall": 2.5, "ranking": 315, "travellers_choice": false, "Comida": 3.5, "Servicio": 3.0, "Calidad/precio": 3.0, "type": ["Bar", "Café", "Española", "Mediterránea", "Pub"], "special_diets": ["Opciones sin gluten"], "meals": ["Desayuno", "Comidas", "Cenas"], "advantages": ["Reservas", "Capacidad", "Sirve alcohol", "Servicio de mesa"], "address": {"name": "Avenida los Toreros 5, 02006 Albacete España", "link": "https://maps.google.com/maps?saddr=&daddr=Avenida+los+Toreros+5%2C+02006+Albacete+Espa%C3%B1a@38.99815,-1.87216"}, "webpage": "http://baravion.es/", "phone": "+34 967 26 69 36", "price": {"lower": 4.0, "upper": 5.0}, "email": "baravion@gmail.com", "Atmósfera": 4.0}}}