{"restaurant": {"ta_link": "https://www.tripadvisor.es/Restaurant_Review-g187486-d8757718-Reviews-El_Embrujo-Albacete_Province_of_Albacete_Castile_La_Mancha.html", "name": "El Embrujo", "data": {"claimed": false, "schedule": null, "score_overall": 3.5, "ranking": 209, "travellers_choice": false, "Comida": 4.0, "Servicio": 4.0, "Calidad/precio": 3.5, "type": ["Española"], "special_diets": ["Opciones vegetarianas", "Opciones veganas"], "meals": ["Desayuno", "Comidas", "Cenas"], "advantages": ["Capacidad", "Servicio de mesa"], "address": {"name": "Paseo Libertad 11, 02001 Albacete España", "link": "https://maps.google.com/maps?saddr=&daddr=Paseo+Libertad+11%2C+02001+Albacete+Espa%C3%B1a@38.996204,-1.852777"}, "webpage": "http://www.facebook.com/pages/CAFE-BAR-LAS-BUGANVILLAS/279376648772642", "phone": "+34 967 61 65 04", "price": {"lower": 10.0, "upper": 19.0}, "email": "lasbuganvillas@gmail.com", "Atmósfera": 4.0}}}