{"restaurant": {"ta_link": "https://www.tripadvisor.es/Restaurant_Review-g187486-d12373549-Reviews-018-Albacete_Province_of_Albacete_Castile_La_Mancha.html", "name": "018", "data": {"claimed": false, "schedule": {"lun": ["07:00", "23:00"], "mar": ["07:00", "23:00"], "mié": ["07:00", "23:00"], "jue": ["07:00", "02:30"], "vie": ["07:00", "02:30"], "sáb": ["07:00", "02:30"]}, "score_overall": 4.0, "ranking": 133, "travellers_choice": false, "Comida": 4.0, "Servicio": 4.0, "Calidad/precio": 3.5, "type": ["Española"], "special_diets": ["Opciones vegetarianas", "Opciones veganas"], "meals": ["Desayuno", "Comidas", "Cenas"], "advantages": ["Acceso para discapacitados", "Sirve alcohol", "Servicio de mesa", "Reservas", "Capacidad"], "address": {"name": "Calle Teodoro Camino 32, 02002 Albacete España", "link": "https://maps.google.com/maps?saddr=&daddr=Calle+Teodoro+Camino+32%2C+02002+Albacete+Espa%C3%B1a@38.99038,-1.85573"}, "webpage": "https://www.facebook.com/018Albacete/", "phone": "+34 967 23 57 76", "price": {"lower": 5.0, "upper": 15.0}, "email": "bella-burguesa@outlook.es", "Atmósfera": 4.0}}}