{"restaurant": {"ta_link": "https://www.tripadvisor.es/Restaurant_Review-g187486-d6838561-Reviews-Restaurante_La_mancha-Albacete_Province_of_Albacete_Castile_La_Mancha.html", "name": "Restaurante La Mancha", "data": {"claimed": true, "schedule": null, "score_overall": 4.0, "ranking": 39, "travellers_choice": false, "Comida": 4.5, "Servicio": 4.0, "Calidad/precio": 4.0, "type": ["Española", "Mediterránea"], "special_diets": ["Opciones vegetarianas"], "meals": ["Comidas"], "advantages": ["Capacidad", "Acceso para discapacitados", "Sirve alcohol", "Servicio de mesa"], "address": {"name": "Octavio Cuartero, 106, 02004 Albacete España", "link": "https://maps.google.com/maps?saddr=&daddr=Octavio+Cuartero%2C+106%2C+02004+Albacete+Espa%C3%B1a@38.995525,-1.86328"}, "webpage": "http://www.restaurantelamancha.com/", "phone": "+34 967 22 16 82", "price": {"lower": 20.0, "upper": 50.0}, "email": "gunkan.rrhh@gmail.com", "Atmósfera": 4.0}}}