{"restaurant": {"ta_link": "https://www.tripadvisor.es/Restaurant_Review-g187486-d2318125-Reviews-Restaurante_El_Pinguino-Albacete_Province_of_Albacete_Castile_La_Mancha.html", "name": "Restaurante El Pinguino", "data": {"claimed": false, "schedule": null, "score_overall": 4.0, "ranking": 46, "travellers_choice": false, "Comida": 4.0, "Servicio": 4.5, "Calidad/precio": 4.0, "type": ["Mediterránea", "Española"], "special_diets": ["Opciones vegetarianas"], "meals": ["Comidas", "Cenas"], "advantages": ["Reservas", "Capacidad", "Sirve alcohol", "Servicio de mesa", "Acceso para discapacitados"], "address": {"name": "Calle Madres de La Plaza de Mayo 1 Travesia Tejares, Guzmán el Bueno, 02002 Albacete España", "link": "https://maps.google.com/maps?saddr=&daddr=Calle+Madres+de+La+Plaza+de+Mayo+1+Travesia+Tejares%2C+Guzm%C3%A1n+el+Bueno%2C+02002+Albacete+Espa%C3%B1a@38.99172,-1.85357"}, "webpage": "http://restaurantepinguino.blogspot.com.es/", "phone": "+34 967 24 83 49", "price": {"lower": 10.0, "upper": 15.0}, "email": "lataperia@lataperia.com", "Atmósfera": 4.0}}}