{"restaurant": {"ta_link": "https://www.tripadvisor.es/Restaurant_Review-g187486-d23527560-Reviews-Bodegon_De_Calmar-Albacete_Province_of_Albacete_Castile_La_Mancha.html", "name": "Bodegón De Calmar", "data": {"claimed": false, "schedule": {"dom": ["12:00", "16:30"], "mar": ["20:00", "00:30"], "mié": ["20:00", "00:30"], "jue": ["20:00", "00:30"], "vie": ["20:00", "00:30"], "sáb": ["20:00", "00:30"]}, "score_overall": 4.5, "ranking": 3, "travellers_choice": false, "Comida": 4.0, "Servicio": 4.0, "Calidad/precio": 4.5, "type": ["Restaurante de carne", "Bar", "Café", "Mediterránea", "Pub", "Bares para comer"], "special_diets": ["Opciones veganas"], "meals": ["Cenas"], "advantages": ["Reservas"], "address": {"name": "Calle Tejares, 46, 02002 Albacete España", "link": "https://maps.google.com/maps?saddr=&daddr=Calle+Tejares%2C+46%2C+02002+Albacete+Espa%C3%B1a@38.989834,-1.85391"}, "webpage": "http://bodegon-de-calmar.negocio.site/", "phone": "+34 967 50 84 54", "price": {"lower": 13.0, "upper": 24.0}, "email": "bodegondecalmar@gmail.com", "Atmósfera": 3.5}}}