{"restaurant": {"ta_link": "https://www.tripadvisor.es/Restaurant_Review-g187486-d985916-Reviews-Pekin-Albacete_Province_of_Albacete_Castile_La_Mancha.html", "name": "Pekin", "data": {"claimed": false, "schedule": null, "score_overall": 4.0, "ranking": 3, "travellers_choice": false, "Comida": 4.0, "Servicio": 4.0, "Calidad/precio": 4.5, "type": ["China", "Asiática"], "special_diets": ["Opciones vegetarianas", "Opciones veganas"], "meals": ["Comidas", "Cenas"], "advantages": ["Para llevar", "Capacidad", "Servicio de mesa", "A domicilio", "Reservas"], "address": {"name": "Avenida de España 43, 02002 Albacete España", "link": "https://maps.google.com/maps?saddr=&daddr=Avenida+de+Espa%C3%B1a+43%2C+02002+Albacete+Espa%C3%B1a@38.98424,-1.85356"}, "webpage": "http://www.facebook.com/Ventepaka-315532782117017/", "phone": "+34 967 50 26 00", "price": {"lower": 25.0, "upper": 60.0}, "email": "cafeteriazayra@hotmail.com", "Atmósfera": 3.5}}}