{"restaurant": {"ta_link": "https://www.tripadvisor.es/Restaurant_Review-g187486-d23633588-Reviews-Restaurante_El_Molino-Albacete_Province_of_Albacete_Castile_La_Mancha.html", "name": "Restaurante El Molino", "data": {"claimed": false, "schedule": {"dom": ["08:00", "00:00"], "lun": ["08:00", "00:00"], "mar": ["08:00", "00:00"], "mié": ["08:00", "00:00"], "jue": ["08:00", "00:00"], "vie": ["08:00", "00:00"], "sáb": ["08:00", "00:00"]}, "score_overall": 3.5, "ranking": 186, "travellers_choice": false, "Comida": 3.5, "Servicio": 3.0, "Calidad/precio": 3.0, "type": ["Española"], "special_diets": ["Opciones vegetarianas", "Opciones veganas"], "meals": ["Desayuno", "Comidas", "Cenas"], "advantages": ["Para llevar", "Reservas", "Capacidad", "Sirve alcohol", "Servicio de mesa", "A domicilio"], "address": {"name": "Avenida de Isabel la Catolica 20 Bajo, 02005 Albacete España", "link": "https://maps.google.com/maps?saddr=&daddr=Avenida+de+Isabel+la+Catolica+20+Bajo%2C+02005+Albacete+Espa%C3%B1a@38.99842,-1.85879"}, "webpage": "http://www.ginos.es/restaurante/cc-imaginalia?utm_source=directorios&utm_medium=organic&utm_campaign=estatica_directorios&utm_content=sitio_web", "phone": "+34 967 60 09 07", "price": {"lower": 11.0, "upper": 18.0}, "email": "informacion@hotelflorida.es", "Atmósfera": 4.0}}}