{"restaurant": {"ta_link": "https://www.tripadvisor.es/Restaurant_Review-g187486-d17479257-Reviews-La_Lola_Pintxos_Tapas-Albacete_Province_of_Albacete_Castile_La_Mancha.html", "name": "La Lola Pintxos &amp; Tapas", "data": {"claimed": true, "schedule": null, "score_overall": 5.0, "ranking": 83, "travellers_choice": false, "Comida": 4.0, "Servicio": 4.0, "Calidad/precio": 4.0, "type": ["Mediterránea", "Española"], "special_diets": ["Opciones vegetarianas"], "meals": ["Comidas", "Cenas", "Bebidas"], "advantages": ["Para llevar", "Reservas", "Aparcamiento en la calle", "Tronas disponibles", "Acceso para discapacitados", "Acepta tarjetas de crédito", "Servicio de mesa"], "address": {"name": "Calle San Agustín, 10,, 02001 Albacete España", "link": "https://maps.google.com/maps?saddr=&daddr=Calle+San+Agust%C3%ADn%2C+10%2C%2C+02001+Albacete+Espa%C3%B1a@38.994305,-1.852619"}, "webpage": "https://www.facebook.com/Pizzeria-Angela-il-Gusto-Dellitalia-182342819221146/", "phone": "+34 661 16 44 00", "price": {"lower": 10.0, "upper": 20.0}, "email": "juangoan27@gmail.com", "Atmósfera": 3.5}}}