{"restaurant": {"ta_link": "https://www.tripadvisor.es/Restaurant_Review-g187486-d19003654-Reviews-Cerveceria_Amelie-Albacete_Province_of_Albacete_Castile_La_Mancha.html", "name": "Cervecería Amélie", "data": {"claimed": false, "schedule": null, "score_overall": 4.0, "ranking": 252, "travellers_choice": false, "Comida": 3.5, "Servicio": 3.5, "Calidad/precio": 4.0, "type": ["Bar", "Mediterránea", "Española", "Pub"], "special_diets": ["Opciones vegetarianas", "Opciones veganas"], "meals": ["Desayuno", "Brunch"], "advantages": ["Acceso para discapacitados", "Servicio de mesa", "Capacidad"], "address": {"name": "C/María Moliner n1, 02001 Albacete España", "link": "https://maps.google.com/maps?saddr=&daddr=C%2FMar%C3%ADa+Moliner+n1%2C+02001+Albacete+Espa%C3%B1a@38.99482,-1.84726"}, "webpage": "http://www.facebook.com/pg/losmomentosdeamelie/photos/", "phone": "+34 678 53 75 95", "price": {"lower": 15.0, "upper": 25.0}, "email": "Reservas@instintobar.com", "Atmósfera": 4.0}}}