{"restaurant": {"ta_link": "https://www.tripadvisor.es/Restaurant_Review-g187486-d9563873-Reviews-Vintage-Albacete_Province_of_Albacete_Castile_La_Mancha.html", "name": "Vintage", "data": {"claimed": false, "schedule": null, "score_overall": 3.5, "ranking": 168, "travellers_choice": false, "Comida": 3.0, "Servicio": 2.5, "Calidad/precio": 3.0, "type": ["Española"], "special_diets": ["Opciones vegetarianas", "Opciones veganas"], "meals": ["Brunch", "Desayuno", "Comidas", "Cenas", "Abierto hasta tarde", "Bebidas"], "advantages": ["Acceso para discapacitados", "Para llevar", "Reservas", "Acepta tarjetas de crédito", "Servicio de mesa"], "address": {"name": "Calle Zapateros 28, 02005 Albacete España", "link": "https://maps.google.com/maps?saddr=&daddr=Calle+Zapateros+28%2C+02005+Albacete+Espa%C3%B1a@38.99664,-1.8581"}, "webpage": "http://www.laboticahomecafe.es/", "phone": "+34 665 18 02 93", "price": {"lower": 10.0, "upper": 30.0}, "email": "info@laboticahomecafe.es", "Atmósfera": 4.0}}}