{"restaurant": {"ta_link": "https://www.tripadvisor.es/Restaurant_Review-g187486-d19974504-Reviews-Pizzeria_La_Manchega-Albacete_Province_of_Albacete_Castile_La_Mancha.html", "name": "Pizzería La Manchega", "data": {"claimed": false, "schedule": null, "score_overall": 5.0, "ranking": 71, "travellers_choice": false, "Comida": 4.0, "Servicio": 4.5, "Calidad/precio": 4.5, "type": ["Italiana", "Alemana", "Española", "Mediterránea"], "special_diets": ["Opciones vegetarianas"], "meals": ["Comidas", "Cenas", "Desayuno", "Brunch"], "advantages": ["Reservas"], "address": {"name": "Calle Gerona 21, 02006 Albacete España", "link": "https://maps.google.com/maps?saddr=&daddr=Calle+Gerona+21%2C+02006+Albacete+Espa%C3%B1a@39.00042,-1.87209"}, "webpage": "http://www.elbadil.es/", "phone": "+34 967 50 83 42", "price": {"lower": 8.0, "upper": 15.0}, "email": "elsalteno@elsalteno.es", "Atmósfera": 3.5}}}