{"restaurant": {"ta_link": "https://www.tripadvisor.es/Restaurant_Review-g187486-d13379060-Reviews-Casa_Sabina-Albacete_Province_of_Albacete_Castile_La_Mancha.html", "name": "Casa Sabina", "data": {"claimed": false, "schedule": null, "score_overall": 2.5, "ranking": 215, "travellers_choice": false, "Comida": 3.0, "Servicio": 4.0, "Calidad/precio": 3.5, "type": ["Española"], "special_diets": ["Opciones sin gluten"], "meals": ["Abierto hasta tarde", "Bebidas", "Desayuno", "Comidas", "Cenas", "Brunch"], "advantages": ["Servicio de mesa", "Reservas"], "address": {"name": "Avenida de Espana 49, 02002 Albacete España", "link": "https://maps.google.com/maps?saddr=&daddr=Avenida+de+Espana+49%2C+02002+Albacete+Espa%C3%B1a@38.98379,-1.85354"}, "webpage": "http://www.restaurantesoho.com/", "phone": "+34 967 26 68 95", "price": {"lower": 10.0, "upper": 29.0}, "email": "gestion@cafebarjanet.es", "Atmósfera": 4.0}}}