{"restaurant": {"ta_link": "https://www.tripadvisor.es/Restaurant_Review-g187486-d5877766-Reviews-TAPERIA_DANUBIO-Albacete_Province_of_Albacete_Castile_La_Mancha.html", "name": "TAPERIA DANUBIO", "data": {"claimed": false, "schedule": null, "score_overall": 4.0, "ranking": 27, "travellers_choice": false, "Comida": 4.5, "Servicio": 4.5, "Calidad/precio": 4.5, "type": ["Mediterránea", "Española"], "special_diets": ["Opciones vegetarianas", "Opciones sin gluten", "Opciones veganas"], "meals": ["Comidas", "Cenas", "Brunch"], "advantages": ["Reservas", "Capacidad", "Acceso para discapacitados", "Sirve alcohol", "Bar completo", "Servicio de mesa", "Terraza exterior"], "address": {"name": "c/Arquitecto Valdelvira, 61, 02004 Albacete España", "link": "https://maps.google.com/maps?saddr=&daddr=c%2FArquitecto+Valdelvira%2C+61%2C+02004+Albacete+Espa%C3%B1a@38.9891,-1.864903"}, "webpage": "http://www.facebook.com/TAPERIA-DANUBIO-180503412041866/", "phone": "+34 967 23 57 02", "price": {"lower": 10.0, "upper": 40.0}, "email": "Juanvila9@gmail.com", "Atmósfera": 3.5}}}