{"restaurant": {"ta_link": "https://www.tripadvisor.es/Restaurant_Review-g187486-d8726178-Reviews-Burger_Arizona-Albacete_Province_of_Albacete_Castile_La_Mancha.html", "name": "Burger Arizona", "data": {"claimed": false, "schedule": null, "score_overall": 3.0, "ranking": 12, "travellers_choice": false, "Comida": 4.0, "Servicio": 4.0, "Calidad/precio": 3.5, "type": ["Comida rápida", "Americana"], "special_diets": ["Opciones vegetarianas"], "meals": ["Cenas", "Desayuno", "Comidas"], "advantages": ["Para llevar", "Servicio de mesa", "A domicilio", "Capacidad"], "address": {"name": "Calle Marzo 41, 02002 Albacete España", "link": "https://maps.google.com/maps?saddr=&daddr=Calle+Marzo+41%2C+02002+Albacete+Espa%C3%B1a@38.989708,-1.851033"}, "webpage": "https://www.facebook.com/El-Despacho-de-cerveza-Mahou-San-Miguel-591317341025191/", "phone": "+34 967 26 68 22", "price": {"lower": 6.0, "upper": 20.0}, "email": "dong.imaginalia@gmail.com", "Atmósfera": 4.0}}}