{"restaurant": {"ta_link": "https://www.tripadvisor.es/Restaurant_Review-g187486-d6893186-Reviews-Bar_Pancho_s-Albacete_Province_of_Albacete_Castile_La_Mancha.html", "name": "Bar Pancho´s", "data": {"claimed": true, "schedule": null, "score_overall": 3.5, "ranking": 3, "travellers_choice": false, "Comida": 3.0, "Servicio": 3.0, "Calidad/precio": 3.5, "type": ["Comida rápida"], "special_diets": ["Opciones vegetarianas", "Opciones veganas"], "meals": ["Comidas", "Brunch", "Cenas"], "advantages": ["Para llevar", "Terraza exterior", "Capacidad", "Aparcamiento disponible", "Aparcamiento en la calle", "Acceso para discapacitados", "Sirve alcohol", "Vino y cerveza", "Acepta American Express", "Acepta Mastercard", "Acepta Visa", "Wifi gratuito", "Acepta tarjetas de crédito"], "address": {"name": "Avenida De Espana, 19 Cta. Jaén,15, 02002 Albacete España", "link": "https://maps.google.com/maps?saddr=&daddr=Avenida+De+Espana%2C+19+Cta.+Ja%C3%A9n%2C15%2C+02002+Albacete+Espa%C3%B1a@38.987373,-1.854336"}, "webpage": "http://www.barpanchos.com/inicio.html", "phone": "+34 967 22 17 98", "price": {"lower": 5.0, "upper": 12.0}, "email": "barpanchos2003@hotmail.com", "Atmósfera": 4.0}}}