{"restaurant": {"ta_link": "https://www.tripadvisor.es/Restaurant_Review-g187486-d13355598-Reviews-El_Filo_de_la_Navaja-Albacete_Province_of_Albacete_Castile_La_Mancha.html", "name": "El Filo de la Navaja", "data": {"claimed": false, "schedule": null, "score_overall": 4.0, "ranking": 56, "travellers_choice": false, "Comida": 4.0, "Servicio": 4.0, "Calidad/precio": 4.0, "type": ["Española", "Mediterránea"], "special_diets": ["Opciones veganas"], "meals": ["Cenas"], "advantages": ["Servicio de mesa", "Reservas", "Capacidad", "Acceso para discapacitados"], "address": {"name": "Calle Rios Rosas 5, 02004 Albacete España", "link": "https://maps.google.com/maps?saddr=&daddr=Calle+Rios+Rosas+5%2C+02004+Albacete+Espa%C3%B1a@38.99403,-1.861325"}, "webpage": "http://www.elfilodelanavaja.com/", "phone": "+34 967 23 12 48", "price": {"lower": 8.0, "upper": 30.0}, "email": "filo@elfilodelanavaja.com", "Atmósfera": 4.0}}}