{"restaurant": {"ta_link": "https://www.tripadvisor.es/Restaurant_Review-g187486-d5795127-Reviews-Bar_Nuevo_Madrid-Albacete_Province_of_Albacete_Castile_La_Mancha.html", "name": "Bar Nuevo Madrid", "data": {"claimed": true, "schedule": {"dom": ["12:00", "16:00", "20:00", "01:00"], "lun": ["08:00", "16:00", "19:30", "00:00"], "mar": ["08:00", "16:00", "19:30", "00:00"], "mié": ["08:00", "16:00", "19:30", "00:00"], "jue": ["08:00", "16:00", "19:30", "00:00"], "vie": ["08:00", "16:00", "19:30", "00:00"], "sáb": ["12:00", "16:00", "20:00", "01:00"]}, "score_overall": 3.5, "ranking": 109, "travellers_choice": false, "Comida": 4.5, "Servicio": 4.5, "Calidad/precio": 4.5, "type": ["Mediterránea", "Española"], "special_diets": ["Opciones vegetarianas", "Opciones veganas"], "meals": ["Desayuno", "Comidas", "Cenas"], "advantages": ["Reservas", "Capacidad", "Acceso para discapacitados", "Servicio de mesa"], "address": {"name": "Calle De Miguel Hernández, 6, 02006 Albacete España", "link": "https://maps.google.com/maps?saddr=&daddr=Calle+De+Miguel+Hern%C3%A1ndez%2C+6%2C+02006+Albacete+Espa%C3%B1a@38.98528,-1.86521"}, "webpage": "http://www.laboticahomecafe.es/", "phone": "+34 967 03 00 63", "price": {"lower": 10.0, "upper": 30.0}, "email": "info@laboticahomecafe.es", "Atmósfera": 4.0}}}