{"restaurant": {"ta_link": "https://www.tripadvisor.es/Restaurant_Review-g187486-d23449219-Reviews-Koi_Sushi-Albacete_Province_of_Albacete_Castile_La_Mancha.html", "name": "Koi Sushi", "data": {"claimed": false, "schedule": null, "score_overall": 4.0, "ranking": 4, "travellers_choice": false, "Comida": 3.0, "Servicio": 3.0, "Calidad/precio": 3.5, "type": ["China", "Japonesa", "Europea", "Asiática", "Húngara", "De Asia central"], "special_diets": ["Opciones veganas", "Opciones vegetarianas"], "meals": ["Desayuno", "Comidas"], "advantages": ["Capacidad", "Sirve alcohol"], "address": {"name": "Carnicerías 9, 02001 Albacete España", "link": "https://maps.google.com/maps?saddr=&daddr=Carnicer%C3%ADas+9%2C+02001+Albacete+Espa%C3%B1a@38.99435,-1.858542"}, "webpage": "http://www.facebook.com/StPatricksAB?ref=ts&fref=ts", "phone": "+34 967 67 04 48", "price": {"lower": 4.0, "upper": 10.0}, "email": "stpatricksab@gmail.com", "Atmósfera": 4.0}}}