{"restaurant": {"ta_link": "https://www.tripadvisor.es/Restaurant_Review-g187486-d13820495-Reviews-Katame_taperia_cafeteria-Albacete_Province_of_Albacete_Castile_La_Mancha.html", "name": "Katame tapería-cafetería", "data": {"claimed": false, "schedule": null, "score_overall": 3.5, "ranking": 134, "travellers_choice": false, "Comida": 4.0, "Servicio": 4.0, "Calidad/precio": 3.5, "type": ["Española"], "special_diets": ["Opciones vegetarianas", "Opciones veganas"], "meals": ["Comidas", "Cenas"], "advantages": ["Capacidad", "Servicio de mesa", "Reservas", "Acceso para discapacitados"], "address": {"name": "Avenida de Ramon Menendez Pidal 8, 02005 Albacete España", "link": "https://maps.google.com/maps?saddr=&daddr=Avenida+de+Ramon+Menendez+Pidal+8%2C+02005+Albacete+Espa%C3%B1a@39.00035,-1.86135"}, "webpage": "https://www.facebook.com/018Albacete/", "phone": "+34 601 41 20 29", "price": {"lower": 5.0, "upper": 20.0}, "email": "Enani3.0@gmail.com", "Atmósfera": 4.0}}}