{"restaurant": {"ta_link": "https://www.tripadvisor.es/Restaurant_Review-g187486-d999063-Reviews-Chino_Casa_de_Oro-Albacete_Province_of_Albacete_Castile_La_Mancha.html", "name": "Chino Casa de Oro", "data": {"claimed": false, "schedule": null, "score_overall": 4.0, "ranking": 2, "travellers_choice": false, "Comida": 4.0, "Servicio": 4.0, "Calidad/precio": 4.0, "type": ["China", "Asiática"], "special_diets": ["Opciones vegetarianas"], "meals": ["Desayuno", "Comidas", "Cenas"], "advantages": ["Reservas", "Capacidad", "Servicio de mesa", "A domicilio", "Para llevar"], "address": {"name": "Calle Octavio Cuartero 13, 02003 Albacete España", "link": "https://maps.google.com/maps?saddr=&daddr=Calle+Octavio+Cuartero+13%2C+02003+Albacete+Espa%C3%B1a@38.99074,-1.85804"}, "webpage": "http://es-es.facebook.com/La-Chimenea-de-Albacete-135511323188596/", "phone": "+34 967 23 16 27", "price": {"lower": 11.0, "upper": 43.0}, "email": "eloychimenea@gmail.com", "Atmósfera": 3.5}}}