{"restaurant": {"ta_link": "https://www.tripadvisor.es/Restaurant_Review-g187486-d4932354-Reviews-El_Rincon_del_Campus-Albacete_Province_of_Albacete_Castile_La_Mancha.html", "name": "El Rincón del Campus", "data": {"claimed": false, "schedule": {"dom": ["08:00", "02:00"], "lun": ["08:00", "02:00"], "mar": ["08:00", "02:00"], "mié": ["08:00", "02:00"], "jue": ["08:00", "02:00"], "vie": ["08:00", "02:00"], "sáb": ["08:00", "02:00"]}, "score_overall": 4.0, "ranking": 88, "travellers_choice": false, "Comida": 4.0, "Servicio": 4.0, "Calidad/precio": 3.0, "type": ["Mediterránea", "Española"], "special_diets": ["Opciones vegetarianas", "Opciones veganas"], "meals": ["Cenas"], "advantages": ["Reservas", "Terraza exterior", "Capacidad", "Acceso para discapacitados", "Sirve alcohol", "Servicio de mesa"], "address": {"name": "Avenida Espana 71, 02008 Albacete España", "link": "https://maps.google.com/maps?saddr=&daddr=Avenida+Espana+71%2C+02008+Albacete+Espa%C3%B1a@38.97847,-1.8525"}, "webpage": "https://www.facebook.com/TaperiaElRinconDelCampus", "phone": "+34 967 66 51 65", "price": {"lower": 8.0, "upper": 15.0}, "email": "reservas@rincongallego.es", "Atmósfera": 3.0}}}