{"restaurant": {"ta_link": "https://www.tripadvisor.es/Restaurant_Review-g187486-d7247983-Reviews-History-Albacete_Province_of_Albacete_Castile_La_Mancha.html", "name": "History", "data": {"claimed": false, "schedule": null, "score_overall": 4.5, "ranking": 2, "travellers_choice": false, "Comida": 4.5, "Servicio": 4.5, "Calidad/precio": 4.5, "type": ["Café", "Mediterránea", "Española", "Bar"], "special_diets": ["Opciones vegetarianas"], "meals": ["Desayuno", "Brunch"], "advantages": ["Capacidad", "Servicio de mesa"], "address": {"name": "0 Calle Teodoro Camino 23, 02002 Albacete España", "link": "https://maps.google.com/maps?saddr=&daddr=0+Calle+Teodoro+Camino+23%2C+02002+Albacete+Espa%C3%B1a@38.991123,-1.854707"}, "webpage": "http://www.facebook.com/afuegolentoalbacete", "phone": "+34 967 50 38 49", "price": {"lower": 10.0, "upper": 15.0}, "email": "lataperia@lataperia.com", "Atmósfera": 3.5}}}