{"restaurant": {"ta_link": "https://www.tripadvisor.es/Restaurant_Review-g187486-d20058676-Reviews-Pomodoro_Imaginalia-Albacete_Province_of_Albacete_Castile_La_Mancha.html", "name": "Pomodoro Imaginalia", "data": {"claimed": true, "schedule": null, "score_overall": 2.5, "ranking": 6, "travellers_choice": false, "Comida": 3.0, "Servicio": 3.0, "Calidad/precio": 3.0, "type": ["Italiana", "Mexicana"], "special_diets": ["Opciones sin gluten"], "meals": ["Bebidas", "Comidas", "Cenas"], "advantages": ["Capacidad", "Playa", "Admite perros"], "address": {"name": "Avenida de la Ilustracion 51 02006 Albacete C.C. Imaginalia, 02005 Albacete España", "link": "https://maps.google.com/maps?saddr=&daddr=Avenida+de+la+Ilustracion+51+02006+Albacete+C.C.+Imaginalia%2C+02005+Albacete+Espa%C3%B1a@39.00868,-1.878871"}, "webpage": "http://www.pomodoropizza.es/pomodoro-imaginalia/", "phone": "+34 967 02 65 00", "price": {"lower": 4.0, "upper": 5.0}, "email": "tocalaotravezsamsl@hotmail.com", "Atmósfera": 4.0}}}