{"restaurant": {"ta_link": "https://www.tripadvisor.es/Restaurant_Review-g187486-d8722478-Reviews-Cafeteria_Agua_Viva_2-Albacete_Province_of_Albacete_Castile_La_Mancha.html", "name": "Cafeteria Agua Viva 2", "data": {"claimed": true, "schedule": {"dom": ["07:00", "04:00"], "lun": ["07:00", "04:00"], "mar": ["07:00", "04:00"], "mié": ["07:00", "04:00"], "jue": ["07:00", "04:00"], "vie": ["07:00", "04:00"], "sáb": ["07:00", "04:00"]}, "score_overall": 3.5, "ranking": 146, "travellers_choice": false, "Comida": 4.0, "Servicio": 4.0, "Calidad/precio": 4.5, "type": ["Española"], "special_diets": ["Opciones veganas", "Opciones vegetarianas"], "meals": ["Comidas", "Cenas", "Abierto hasta tarde", "Desayuno", "Brunch"], "advantages": ["Para llevar", "Reservas", "Terraza exterior", "Capacidad", "Televisión", "Acceso para discapacitados", "Sirve alcohol", "Bar completo", "Acepta Mastercard", "Acepta Visa", "Wifi gratuito", "Servicio de mesa", "Acepta tarjetas de crédito"], "address": {"name": "Calle Calderon de La Barca 18, 02002 Albacete España", "link": "https://maps.google.com/maps?saddr=&daddr=Calle+Calderon+de+La+Barca+18%2C+02002+Albacete+Espa%C3%B1a@38.988983,-1.853797"}, "webpage": "http://www.restaurantearazana.es/", "phone": "+34 967 22 15 30", "price": {"lower": 4.0, "upper": 10.0}, "email": "luismyortiz@hotmail.es", "Atmósfera": 4.0}}}