{"restaurant": {"ta_link": "https://www.tripadvisor.es/Restaurant_Review-g187486-d10424507-Reviews-Taperia_Alhambra-Albacete_Province_of_Albacete_Castile_La_Mancha.html", "name": "Taperia Alhambra", "data": {"claimed": false, "schedule": null, "score_overall": 3.0, "ranking": 100, "travellers_choice": false, "Comida": 3.0, "Servicio": 3.0, "Calidad/precio": 3.5, "type": ["Mediterránea", "Española"], "special_diets": ["Opciones vegetarianas", "Opciones veganas"], "meals": ["Desayuno", "Comidas", "Cenas"], "advantages": ["Capacidad", "Acceso para discapacitados", "Servicio de mesa"], "address": {"name": "Calle Feria 78, 02005 Albacete España", "link": "https://maps.google.com/maps?saddr=&daddr=Calle+Feria+78%2C+02005+Albacete+Espa%C3%B1a@38.997955,-1.866169"}, "webpage": "http://taperiaalhambra.com/", "phone": "+34 967 70 07 44", "price": {"lower": 5.0, "upper": 9.0}, "email": "flecha198038@gmail.com", "Atmósfera": 4.0}}}