{"restaurant": {"ta_link": "https://www.tripadvisor.es/Restaurant_Review-g187486-d12736322-Reviews-La_Abuela_Pepa-Albacete_Province_of_Albacete_Castile_La_Mancha.html", "name": "La Abuela Pepa", "data": {"claimed": false, "schedule": null, "score_overall": 2.0, "ranking": 343, "travellers_choice": false, "Comida": 3.0, "Servicio": 3.0, "Calidad/precio": 3.0, "type": ["Mediterránea"], "special_diets": ["Opciones vegetarianas"], "meals": ["Desayuno", "Cenas"], "advantages": ["Servicio de mesa"], "address": {"name": "Avenida De Espana, 71, 02008 Albacete España", "link": "https://maps.google.com/maps?saddr=&daddr=Avenida+De+Espana%2C+71%2C+02008+Albacete+Espa%C3%B1a@38.97735,-1.85201"}, "webpage": "http://www.ventalasperdices.com/", "phone": "+34 967 60 50 42", "price": {"lower": 3.0, "upper": 8.0}, "email": "ventalasperdices@hotmail.com", "Atmósfera": 3.5}}}