{"restaurant": {"ta_link": "https://www.tripadvisor.es/Restaurant_Review-g187486-d13747958-Reviews-Urban_Cafe-Albacete_Province_of_Albacete_Castile_La_Mancha.html", "name": "Urban Café", "data": {"claimed": false, "schedule": {"lun": ["08:30", "21:00"], "mar": ["08:30", "21:00"], "mié": ["08:30", "21:00"], "jue": ["08:30", "21:00"], "vie": ["08:30", "21:00"], "sáb": ["08:30", "21:00"]}, "score_overall": 4.5, "ranking": 139, "travellers_choice": false, "Comida": 3.5, "Servicio": 3.5, "Calidad/precio": 3.5, "type": ["India"], "special_diets": ["Opciones sin gluten"], "meals": ["Desayuno", "Comidas", "Cenas"], "advantages": ["Capacidad", "Acceso para discapacitados", "Reservas", "Servicio de mesa"], "address": {"name": "Pasaje Lodares Local K, 02001 Albacete España", "link": "https://maps.google.com/maps?saddr=&daddr=Pasaje+Lodares+Local+K%2C+02001+Albacete+Espa%C3%B1a@38.99302,-1.85594"}, "webpage": "http://www.facebook.com/Urban-Caf%C3%A9-1990256791231116/", "phone": "+34 680 37 97 27", "price": {"lower": 25.0, "upper": 60.0}, "email": "neerupahwa89@yahoo.com", "Atmósfera": 3.5}}}