{"restaurant": {"ta_link": "https://www.tripadvisor.es/Restaurant_Review-g187486-d7624831-Reviews-The_Good_Burger-Albacete_Province_of_Albacete_Castile_La_Mancha.html", "name": "The Good Burger", "data": {"claimed": false, "schedule": null, "score_overall": 3.0, "ranking": 9, "travellers_choice": false, "Comida": 3.5, "Servicio": 3.5, "Calidad/precio": 3.5, "type": ["Comida rápida"], "special_diets": ["Opciones vegetarianas", "Opciones veganas"], "meals": ["Comidas", "Cenas"], "advantages": ["Para llevar", "Acceso para discapacitados", "Capacidad"], "address": {"name": "Calle Concepcion 22, 02002 Albacete España", "link": "https://maps.google.com/maps?saddr=&daddr=Calle+Concepcion+22%2C+02002+Albacete+Espa%C3%B1a@38.99378,-1.85437"}, "webpage": "http://www.thegoodburger.com/#portadaTop", "phone": "+34 967 60 50 77", "price": {"lower": 12.0, "upper": 100.0}, "email": "Brut_59@hotmail.com", "Atmósfera": 4.0}}}