{"restaurant": {"ta_link": "https://www.tripadvisor.es/Restaurant_Review-g187486-d6716258-Reviews-Cafe_Bar_Las_Buganvillas-Albacete_Province_of_Albacete_Castile_La_Mancha.html", "name": "Cafe Bar Las Buganvillas", "data": {"claimed": false, "schedule": {"dom": ["08:00", "00:30"], "mar": ["08:00", "00:30"], "mié": ["08:00", "00:30"], "jue": ["08:00", "00:30"], "vie": ["08:00", "00:30"], "sáb": ["08:00", "00:30"]}, "score_overall": 3.5, "ranking": 108, "travellers_choice": false, "Comida": 4.5, "Servicio": 4.0, "Calidad/precio": 4.5, "type": ["Mediterránea", "Española"], "special_diets": ["Opciones vegetarianas", "Opciones veganas"], "meals": ["Desayuno", "Comidas", "Cenas"], "advantages": ["Acceso para discapacitados", "Servicio de mesa", "Reservas", "Terraza exterior", "Capacidad"], "address": {"name": "Calle Arado 6, 02006 Albacete España", "link": "https://maps.google.com/maps?saddr=&daddr=Calle+Arado+6%2C+02006+Albacete+Espa%C3%B1a@38.98205,-1.859"}, "webpage": "http://www.facebook.com/pages/CAFE-BAR-LAS-BUGANVILLAS/279376648772642", "phone": "+34 967 22 67 23", "price": {"lower": 10.0, "upper": 19.0}, "email": "lasbuganvillas@gmail.com", "Atmósfera": 4.0}}}