{"restaurant": {"ta_link": "https://www.tripadvisor.es/Restaurant_Review-g187486-d4830100-Reviews-Entreamigos_II-Albacete_Province_of_Albacete_Castile_La_Mancha.html", "name": "Entreamigos II", "data": {"claimed": false, "schedule": null, "score_overall": 4.0, "ranking": 60, "travellers_choice": false, "Comida": 3.5, "Servicio": 3.5, "Calidad/precio": 3.5, "type": ["Mediterránea", "Española"], "special_diets": ["Opciones veganas"], "meals": ["Comidas", "Cenas"], "advantages": ["Reservas", "Capacidad", "Acceso para discapacitados", "Sirve alcohol", "Servicio de mesa"], "address": {"name": "Avenida Arquitecto Julio Carriler 46, 02005 Albacete España", "link": "https://maps.google.com/maps?saddr=&daddr=Avenida+Arquitecto+Julio+Carriler+46%2C+02005+Albacete+Espa%C3%B1a@38.997738,-1.866466"}, "webpage": "http://www.restauranteentreamigos.es/", "phone": "+34 967 66 62 94", "price": {"lower": 15.0, "upper": 30.0}, "email": "elsalteno@elsalteno.es", "Atmósfera": 3.5}}}