{"restaurant": {"ta_link": "https://www.tripadvisor.es/Restaurant_Review-g187486-d10915767-Reviews-Carlotto_Burguer-Albacete_Province_of_Albacete_Castile_La_Mancha.html", "name": "Carlotto Burguer", "data": {"claimed": false, "schedule": null, "score_overall": 4.0, "ranking": 113, "travellers_choice": false, "Comida": 3.5, "Servicio": 3.5, "Calidad/precio": 3.5, "type": ["Española"], "special_diets": ["Opciones vegetarianas", "Opciones veganas"], "meals": ["Comidas"], "advantages": ["Para llevar", "Capacidad", "A domicilio", "Servicio de mesa"], "address": {"name": "Calle Benavente 6, 02006 Albacete España", "link": "https://maps.google.com/maps?saddr=&daddr=Calle+Benavente+6%2C+02006+Albacete+Espa%C3%B1a@38.99767,-1.8719"}, "webpage": "http://web.facebook.com/taperiaelbarrio.albacete/?_rdc=1&_rdr", "phone": "+34 967 26 69 69", "price": {"lower": 10.0, "upper": 30.0}, "email": "nievesreolid69@hotmeil.com", "Atmósfera": 4.0}}}