{"restaurant": {"ta_link": "https://www.tripadvisor.es/Restaurant_Review-g187486-d14958951-Reviews-Restaurante_6_Hermanos-Albacete_Province_of_Albacete_Castile_La_Mancha.html", "name": "Restaurante 6 Hermanos", "data": {"claimed": false, "schedule": null, "score_overall": 3.5, "ranking": 98, "travellers_choice": false, "Comida": 4.0, "Servicio": 4.0, "Calidad/precio": 4.0, "type": ["Española"], "special_diets": ["Opciones vegetarianas", "Opciones veganas"], "meals": ["Desayuno", "Comidas"], "advantages": ["Acepta tarjetas de crédito", "Para llevar", "Reservas", "Capacidad", "Servicio de mesa"], "address": {"name": "Carr. de Madrid s/n Salida 65, 02007 Albacete España", "link": "https://maps.google.com/maps?saddr=&daddr=Carr.+de+Madrid+s%2Fn+Salida+65%2C+02007+Albacete+Espa%C3%B1a@39.06093,-1.933388"}, "webpage": "http://www.facebook.com/LaLunaAlbacete/", "phone": "+34 967 21 46 30", "price": {"lower": 10.0, "upper": 30.0}, "email": "restaurantelafalla@gmail.com", "Atmósfera": 4.0}}}