date,ts,group,score,title,content
2024/7/13,1720821600,family,5.0,Grata sorpresa,"Hemos comido una familia de dos adultos con dos niños y la experiencia no ha podido ser mejor. Menú infantil con plato combinado muy abundante y bien de precio (no ha llegado a 11 euros). Comida elaborada y con un toque moderno. Todo lo que pedimos estaba muy rico. Raciones grandes y con posibilidad de media ración, oara poder probar más platos. Destacar los baos de carrillera, la berenjena en tempura y la brochetas de pollo.Personal muy amable y atento. Con los niños fueron muy simpáticos.Sin duda, un acierto"
2024/6/5,1717538400,business,5.0,Todo satisfactorio,"Comida muy rica, muy bien precio el menú. Calidad estupenda. Buen servicio. bien situado, limpio.Tienen cerveza sin gluten y están pendientes de no contaminación en los platos."
2024/6/5,1717538400,business,5.0,Delicious,Muy bien! Por 12 euros menú fusión muy rico. Tienen cerveza sin gluten daura y se preocupan por que los platos no tengan contaminación. Volveré!
2024/4/10,1712700000,family,4.0,"Bastante variedad de tapas,para mí es lo más destacado","Buenas tapas, la verdad que tienen bastante variedad Pero el menú del día vasin ninguna bebida y el servicio ha sido algo lento"
2024/1/26,1706223600,family,5.0,Excelente,"La comida muy buena, muy abundante. Variedad de tapas y platos.  La atención excelente. Muy recomendable. Si volvemos a Albacete vendremos 😀"
2024/1/24,1706050800,couples,5.0,Muy bien,"Tapas rápido, calidad y bien de precio con una atención buena.Hemos ido varias veces y se ha convertido en un lugar que visitamos una vez por mes."
2023/12/28,1703718000,couples,3.0,Pinchos  de todo tipo,"Un restaurante para tomar unos pinchos al más típico uso norteño, en el que tu mismo te sirves de la gran variedad de pinchos que hay en el mostrador, y todo ello a un precio realmente competitivo, y con una calidad bastante aceptable.  La unica pega por decir algo es que a causa de este motivo la afluencia de clientes es muy alta lo que le resta calidad de servicio. "
2023/8/22,1692655200,friends,3.0,Sitio muy bonito para cenar,"Muy rico todo, hemos ido hoy a cenar y tienen una gran variedad de pinchos, no a ido hasta ahora debido a que somos de portugal y es la primera vez que viajamos a Albacete. El sitio esta muy bueno muy bonita decoracion, los platos muy ricos. Todo a estado muy bien, lo unico que el camarero que nos a atendido a tardado bastante en ponernos las bebidas, nos a puesto mala cara cuando le hemos dicho que le pedimos la bebida 2 veces ya, era simpatico pero poco profesional para el nivel que muestra el establecimiento, su compañera a estado atenta y nos a atendido enseguida. Quitando eso, lo demas todo muy bien un sitio muy bonito para ir a comer o cenar me a gustado mucho. "
2023/8/3,1691013600,couples,4.0,Cena Informal,"Fuimos a cenar en parejas, los platos generosos,  calidad precio bastante bien, el único pero fue un servicio un poco lento, aunque hay que decir que las camareras amables."
2023/4/20,1681941600,none,5.0,Un lugar excelente 👍🏼👍🏼,Hemos ido ya varias veces mi Familia y yo y definitivamente nos encanta la atención y la calidad y variedad de los alimentos. Todo muy muy rico y bien presentado.Totalmente recomendable 100%
2023/4/11,1681164000,solo,4.0,tapeando por albacete,Céntrico lugar para tapear en Albacete. Probé dos exquisitas y originales tapas. Guacamoje (un moje con guacamole) y forro meloso en tempura con humus de garbanzos (careta de cerdo). Muy recomendable.
2023/4/9,1680991200,couples,1.0,Paciencia,"Estuvimos esperando un rato fuera sin que el camarero nos echara mucha cuenta, después de habernos sentado él mismo. La carta básica. Después de la espera nos levantamos y nos fuimos sin comer."
2023/4/7,1680818400,couples,5.0,Muy rico todo,"Todo muy rico, personal súper amable, pedimos medias raciones  y es suficiente porque son abundantes, lis espárragos en trmpura muy buenis"
2023/3/18,1679094000,family,1.0,Indignante,Habíamos hecho reserva en The folk y al llegar allí como lo tenían todo reservado y les interesa más esas reservas nos dijeron que no había mesa. Me parece indignante que enseñando le mi reserva en el e-mail confirmada no nos dieran mesa.
2022/10/2,1664661600,friends,5.0,"Familiar, original, rico y excelente trato",El sitio es muy céntrico y se está muy bien dentro. El trato es excelente.  Fui con unos amigos y todo lo que tomamos estaba buenísimo y con su toque original. Los mejillones al curry y las patatas bravas me encantaron. También las cocochas. Y los postres... huuum. 
2022/8/23,1661205600,family,5.0,Un acierto.,Hemos parado por el camino y hemos encontrado comida muy buena a un precio inmejorable y muy buen trato. Gracias.
2022/7/3,1656799200,couples,3.0,Bien de tapas,"Muchos pinchos variados en la barra que puedes coger, el precio va en función del tamaño del palillo (corto o largo). Nada espectacular pero está bien."
2022/6/18,1655503200,family,5.0,Buen sitio para comer,"Mi hermano y yo hemos venido a este restaurante un sábado y la verdad que todo muy bueno. Las croquetas de rabo de toro estaban espectacular lo recomiendo mucho y todo estaba bastante bueno. La recepción y los camareros súper majos y muy agradables y atentos.Lo recomiendo tanto las tapas como las carnes, el pescado no lo hemos probado"
2022/4/22,1650578400,none,5.0,Riquisimo todo,"Comemos de raciones y un par de pinchos y todo muy rico, tienen bastante variedad y el producto se nota que es bueno. Los pinchos están riquísimos, aunque pedimos más raciones porque ibamos con hambre. Había pasado por la puerta muchas veces y nunca había entrado. Me he animado porque me salió en un regalo de Wonderbox y aunque al final fui por mi cuenta me ha sorprendido para bien"
2022/3/11,1646953200,couples,1.0,Decepcion,"Tenía una caja smarth box, donde salía este lugar que te daban una comida o cena para dos personas , llame el día de antes para reservar y me dijeron que todo perfecto, les dije que tenía una caja regalo y no me pusieron problemas, cuando llegamos a comer no sabían cómo funcionaba la caja y tuvimos que pagar toda la comida, dicen que cuando se enterasen de cómo funciona nos llamaban pero se deberían haber enterado bien antes de hacernos ir, no volveremos porque la comida bastante floja y se deberían haber enterado antes de hacernos ir"
2021/11/4,1635980400,couples,5.0,Sorprendente,"Encontramos el sitio por casualidad y salimos encantados, tanto, que al día siguiente repetimos y todo igual de bueno. Relación calidad/precio muy bueno."
2021/9/26,1632607200,none,3.0,Un poco despistados,"La calidad de la comida normal: tapas, toscas, raciones y menús. Se despistaron algo olvidando parte de lo que pedimos."
2021/8/21,1629496800,couples,5.0,Que bo!,"Muy buen lugar, la comida exquisita y la atención aún mejor. Sin dudas volvería y lo recomiendo .Da gusto cenar en un lugar así !!"
2021/5/5,1620165600,couples,3.0,Sí pero no.,"Mi opinión es sobre el Tapa Negra que está en la calle Zapateros. Ya habia ido otra vez al del Altozano y me gustó más. Por eso decidí repetir. Tiene una carta amplia y económica para kr a tapear, eso me gusta. Pero no todo está a la altura, creo q depende de lo q elijas puede estar rico y bien elaborado, y otras cosas son un poco un invento. También me preguntó hasta que punto elaboran ellos las salsas, guacamole, etc... O es de bote. La atención bien pero los camareros salían a fumar a la puerta, aún teniendo trabajo pq había muchas mesas que no habían acabado. Lo de fumar en la puerta da muy mala sensación y más en estos tiempos. Podría volver a tapear con amigos si surge... Pero no será de mis primeras opciones."
2020/10/27,1603753200,couples,5.0,Nos encantó,"Fui con mi pareja a comer, recomendada por un familiar. No pudimos estar más a gusto, el personal excelente, el trato increíble y la comida buenísima para lo barato que es. Repetiremos sin ninguna duda"
2020/8/25,1598306400,friends,5.0,Excelente elección para una cena con amigos.,"El servicio es rápido y muy atento.La cena estuvo genial. Todos los platos eran abundantes y estaban muy buenos. Sin duda una perfecta elección. Si volvemos a Albacete, repetiremos restaurante."
2020/3/4,1583276400,couples,5.0,Genial,"Un sitio muy recomendable si eres celiaco, en su carta están indicadas las opciones sin gluten y se nota que controlan (disponen de cerveza, pan, incluso algún postre) Todo muy rico, trato amable y bien de precio :)"
2020/3/1,1583017200,friends,5.0,Almuerzo y cena,"El viernes cominos el menú y menudo menú, nada que ver con otros, platos con una exquisita elaboración ricos de verdad, el sábado con una muy buena ensalada y unos pinchos especiales, cenamos como reyes.Personal sinpatico, profesional y atentos."
2020/2/16,1581807600,friends,1.0,Tapas de poca calidad y elaboración,"Cena de amigos con tapas y algún plato de la carta a compartir, no se salva nada, un desastre de calidad y presentación, dirigido a público poco exigente"
2020/2/5,1580857200,none,5.0,Excelente,Un bar recomendable si lo que quieres es disfrutar de buenas tapas y pinchos en familia o con amigos. Disponen de una amplia variedad y todo razonablemente bueno. Los camareros amables y atentos. Un acierto para tapear
2019/11/20,1574204400,none,4.0,Un acierto,"Sin tener más referencias que las que leímos aquí, en Tripadvisor, decidimos reservar dadas las buenas críticas. Todo fue más que correcto: la atención, los platos a compartir, el ambiente y el precio. Cuando volvamos por Albacete, muy probablemente repetiremos aquí."
2019/11/3,1572735600,couples,5.0,Un valor seguro en Albacete,"Fuimos a tapear un sábado noche, y a pesar de estar el sitio lleno, nos atendieron muy bien y el servicio fue rápido. Los pinchos están espectaculares y la carta tiene de todo. Cálidad precio, inmejorable, da gusto que sigan habiendo sitios así."
2019/9/16,1568584800,friends,5.0,Excelente comida.,"Excelente ubicación centro.Toda la comida está buenísima, la atención formidable, raciones grandes.Juan es el dueño, una persona encantadora.Totalmente recomendable."
2019/8/18,1566079200,family,4.0,Muy recomendable y con tapas y menú para celiacos,"Lugar muy recomendable, un estilo Lizarran, con opciones de menú. Bastantes cosas para celiacos y lo cuidan mucho. Cosas ricas y precio muy bueno. Estábamos de paso, pero lo reservamos por las opiniones que leímos y fue un acierto. "
2019/8/17,1565992800,friends,5.0,Muy buena relación calidad/precio,"Menú de sábado por 12,50€, estaba muy bueno y a pesar de que las bebidas no entraban estaban bien de precio. Recomendable! "
2019/8/4,1564869600,friends,3.0,"Esta vez, de carta.","Había estado un par de veces en plan pinchos, como el antiguo Lizarrán que es, pero esta vez nos decantamos por probar carta.La sepia con salsa romescu está buena, pero apenas ponen una minisepia. Siendo tres como éramos en la mesa, supo a poco.El cachopo lo probamos igualmente, y tampoco era el típico cachopo asturiano enorme y con varias capas. Este parecía más anémico. En todo caso, muy crujiente, y con buen sabor.Probamos también algunos otros platos, entre los que sí resultó más rico el de huevos rotos con queso de cabra.Servicio adecuado, precio más o menos ajustado (llevábamos una promoción de una app, por lo que salió más económico) y buena carta de vinos.Quizá pueda mejorarse la experiencia mezclando pinchos como entrante y algo de carta para plato principal..."
2019/7/9,1562623200,family,4.0,Correcto ,"Restaurante taperia variedad de tapas tiene un menú mas que correcto, nosotros pedimos arroz señoret, secreto iberico y algúnas tapas todo muy correcto, el precio càlidad esta bien, si vas Albacete lo recomiendo por buena comida, cèntrico y un personal muy atentos y super simpàticos. "
2018/10/28,1540677600,family,5.0,Buen descubrimiento,"Fuimos a esta taperia por recomendación de su página de Facebook, todo un acierto. Una amplia y muy variada gama de tapas y pintxos fríos y calientes. Es autoservicio, eliges lo que quieres. Muy céntrico y muy bien situado, no es difícil aparcar por la zona. Lo recomiendo!!!!"
2018/10/1,1538344800,couples,4.0,Visitable,"Lugar céntrico en Albacete. Buenos menús diarios y el clásico bar de pinchos. La calidad y la cantidad de las raciones es más que aceptable, y el personal es muy agradable. Precio asequible y se notan las ganas de innovar no quedándose estancados en los clásicos pinchos de barra."
2018/9/25,1537826400,solo,3.0,"¿""Gastro taperia""?","Se nos ha ido de las manos el tema de ponerle gastro bar a baretos de mala muerte sólo por el postureo, en este caso tenemos una gastro-tapería en un lugar centrico de Albacete, una ciudad en la que no se come mal, pues ale, para adentro a ver...El local es estrecho y claustrofóbico, las mesas pequeñas y las sillas bajas, además hace calor, la barra está llena de pinchos de diferentes formas y tamaños con llamativos nombres pero con decepcionante sabor, muy normalitos y abundante fritanga, hay posibilidad de pedir menú de dia y de noche que sigue la misma tónica que los pinchos, nada a destacar.El servicio, eso si, es eficiente y amable, una pena que lo que anuncian como gastrotapas sea una decepción."
2018/9/15,1536962400,friends,5.0,Genial,"Es uno de los bares más recomendables para ir de pinchos en Albacete, todo está buenísimo y el personal es muy agradable. Además también tienes la opción de comer de menú, que está genial de precio, cantidad y calidad. Otro punto a su favor es que te adaptan casi todos los pinchos para celiacos, cosa que como celiaca agradezco enormemente porque lo hacen en pocos sitios. Lo recomiendo al 100. %. "
2018/8/27,1535320800,family,5.0,Buen menú en todo el centro,"Buen menú, buena situación, buena calidad y buen precio. Recomendado el menú en días festivos. También tienen menú infantil y la atención es correcta. el encargado muy amable. Se anuncia en páginas como el tenedor etc donde tienen promociones a veces.Nosotros solemos ir de vez en cuando y salimos encantados."
2018/8/26,1535234400,friends,5.0,Comer,"Excelente menu y excelente precio. La carta variada y original, con toques ""de la casa"". El dueño, Juan, te atiende como de la familia. Un domingo de agosto y la gente entrando sin parar. Y el ""Borrachito de tarta de Santiago espectacular!"
2018/8/22,1534888800,friends,3.0,Recomendable!!!,"Fui a cenar con unos amigos y es de estos sitios que al entrar y ver todos los pinchos en la barra tipo lizzaran les dices a los amigos, pero no vamos a cenar de tapeo??? Pero si!!! No me importa ir de pinchos pero siempre cenamos de tapeo y al entre pensé que no tendrían allí pero me sorprendió mucho su carta. Unas tapas muy buenas y elaboradas, además de generosas y bien presentadas. Pedimos 4 tapas y nos cogimos 1 pincho cada uno de lo que nos gustó, de postre una de sus tartas que a priori parecen caseras y cenamos muy bien, muy correcto todo y muy bien atendidos. Por poner una pega, odio las bebidas pequeñas y las coca-colas allí son de 20cl y el agua que queríamos una grande para todos no tenían más grande de medio litro, eso sería lo único por mi parte que deberían mejorar y cambiar. Y de precio super bien, salimos a unos 15€ por cabeza. Como he puesto en el título, recomendable, la verdad!  "
2018/8/12,1534024800,solo,5.0,Magnifico,"Magnifico local para tapas y platos cocinados. Comi el menu a buen precio con tres tapas a elegir de un magnifico surtido y  un exquisito y repito lo de exquisito, gazpacho manchego con setas y manitas de cerdo. Personal muy agradable. Sitio a recomendar"
2018/8/5,1533420000,family,5.0,De categoríaaaaa,"Hacia tiempo que no comía tan a gusto y variado. Ya sabía del sitio pero nunca había venido y, la verdad, volveré seguro. 100% recomendable"
2018/8/4,1533333600,couples,5.0,Gran relación calidad-precio.,"Hemos ido a comer mi mujer y yo a este restaurante.Ha sido todo un descubrimiento, el local es moderno, parece mas una taberna que un restaurante al uso, el trato y atención de Juan (propietario) ha sido inmejorable, aconsejandonos tanto con la comida como con la bebida, tiene una amplia gama para los amantes de la cerveza como nosotros, aunque a petición nuestra sin agobiar. En cuanto a la comida, que es lo mas importante, es difícil encontrar mejor relación calidad-precio, hemos compartido un cachopo estupendo por 12 euros, media ración de queso frito con mermelada de mango y media ración de esparragos en tempura buenisimos, para terminar con un buen brownie y un tiramisú algo fuerte y contundente, pero bueno también. Todo ello acompañado de varias cervezas artesanas por 40€. En definitiva, un lugar para volver."
2018/8/4,1533333600,couples,5.0,Comida muy buena,"Me dejé guiar por las opiniones de otros viajeros del tenedor y la verdad es que no defrauda. Juan, que es el dueño, nos recomendó ciertos platos y cervezas artesanas de la zona y no falló. Nos gustó que nos orientara y avisara de si era mucha cantidad o poca para dos personas y de cuál era la recomendación de cervezas y de postre. Tienen menú diario, de fin de semana y de cenas, pero nosotros pedimos de carta en plan raciones y nos encantó. Probamos el queso frito con mermelada de mango (la mermelada no sabe mucho, pero se agradece la variedad), espárragos trigueros en tempura con jamón crujiente y mahonesa y cachopo con guarnición de patatas gajo y queso cabrales. Nos gustó todo mucho, especialmente el cachopo, que lo trinchan en una tabla y es para dos personas. Como postre, nos decidimos por un brownie de pistacho (lo prefiero con nueces) y tiramisú (muy potente, con bastante licor). Los postres son caseros, excepto el coulant. De cervezas, va en gusto, pero nosotros tomamos las tres hechas en Albacete (rubia, tostada y negra) y no estuvo mal la experiencia. Para finalizar, Juan nos invitó a un chupitejo. En resumen, es un sitio que está muy bien para comer de plato o de pintxos,  estupendamente acondicionado en esta ola de calor y situado en todo el centro de Albacete,  con lo que puedes ir perfectamente andando y disfrutar de un paseo en el Altozano por la noche."
2018/7/26,1532556000,friends,5.0,Genial,"He ido varias veces con mi pareja y otras. Excelente servicio. Carta variada, buenos vinos y cervezas.  Buena cocina, mejor servicio y un precio muy competitivo. También he ido con grupos y el reto superado. Personal competente y atento. Precios por debajo de la calidad y cantidad ofrecida. Y los pinchos.... gran variedad. Fríos y calientes. El local también esta muy bien."
2018/7/24,1532383200,family,5.0,Buen lugar donde comer,"Disponen de menú de día, menú de noche, puntos y raciones en carta. Además hay variedad de cervezas para elegir. Acogedor bien decorado y buena atención del personal. Muy amables. Si quieres comer o tomar unos pintxos, este es tu sitio. También ofrecen postres caseros. Precio razonable.Volveremos"
2018/7/23,1532296800,family,4.0,Buena gastrotaperia,Fuimos a esta gastrotaperia por los comentarios de otros usuarios. Pedimos varios platos a compartir y todo estaba muy bueno. Si estás por la zona es un buen local para comer o cenar.La atención de los camareros fue buena.
2018/7/21,1532124000,family,5.0,De lo mejor de Albacete,"En la mayoría de visitas que hago a Albacete acabo pasándome por este restaurante, y nunca decepciona. Gran variedad gastronómica, tanto de tapeo como platos. Incluso te hacen una paella si la pides por encargo. El local es muy acogedor y el servicio correcto. Y en cuanto al precio, muy bien para la calidad de la comida. Sin duda lo recomiendo."
2018/5/8,1525730400,friends,5.0,Muy buena gastrotapería,"Desayuno ahí normalmente, muy buen precio. Además pinchos a 1,50 y 2€ por la noche, acompañados de unas Turia entran solos👌🏼👌🏼"
2018/4/15,1523743200,couples,3.0,"Bueno quizas con carta, pero de pinchos no vuelvo","Mismo concepto que la taperia vasca anterior. A mi sinceramente no me gusta nada. Mucho frito, muchas salsas. En cambio lo poco que tienen de carta no esta mal para salir del paso."
2018/4/9,1523224800,business,4.0,Sorprendente ,"Muy buenas,Tras venir varias veces por Albacete por motivos laborales con este bar puedo decir que he encontrado un bar con calidad precio bastante aceptable.Yo en esta ocasión he realizado una cena y se puede hacer de diferentes maneras, mediante pinchos i mediante menú, yo me decanté por el menú pero en el mismo puedes elegir también como segundo tres pinchos.Personalmente encuentro el local bastante agradable y limpio así como una atentisima atención independientemente de que la comida estaba formidable.Si vais algún día por Albacete, recomiendo una visita a dicho local para degustar tanto unas buenas tapas como unas buenas cervezas o vinos.Muchas gracias por su atención y aquí podéis ver algunos platos degustados."
2018/4/7,1523052000,couples,5.0,Uno de mis sitios favoritos ,"Nos encanta este sitio. Los pinchos están muy buenos a buen precio, tienen mucha variedad. El menú diario está muy rico, con platos originales y cuidados sin que te cueste un riñón."
2018/4/1,1522533600,couples,4.0,Menús y tapas,Sitio interesante para comer o cenar tanto de menú como de tapas menús especial por 12€ el menú te permite mezclar tapas y segundo buena calidad
2018/3/5,1520204400,business,4.0,Pinchos buenos y variados,"Estilo vinatería con mucha variedad de pinchos, carta y menu tambien. Los pinchos se cogen sin pedir según te va apeteciendo y te cobran al final."
2018/3/5,1520204400,family,4.0,Mejor de lo que esperábamos!,"Entramos al salir del cine esperando encontrar un par de pinchos para cenar algo rápido, pero nos sorprendió mucho la carta. Es muy amplia y variada. También tienen una amplia variedad en cerveza. Cogimos un par de jarras de cerveza, cuatro pinchos y un cachopo (buenísimo) No recuerdo el precio pero fueron menos de 15€ por cabeza. El personal es muy amable, aunque el cachopo tardó un poco en salir.Estoy segura de que volveré a ir =)"
2018/2/18,1518908400,couples,4.0,mejor de lo esperado,"El menú de noche está genial.Comida rica y de calidad,servicio rápido y la camarera muy atenta y amable ,volveremos"
2018/2/17,1518822000,friends,5.0,"Muy buen sitio, recomendable ",El restaurante está muy bien. Los menú es una buena opción. Muy recomendable El precio  es económico y tienen muchos pinchos a elegir. Los martes los pinchos son a un euros lo cual que genial 
2017/12/9,1512774000,couples,5.0,Lo encontramos!!,"Un sitio con mucho encanto y unos pintxos increibles en un menú a un precio muy asequible, el trato del personal super agradable!nos apetecía mucho venir!!"
2017/11/27,1511737200,friends,5.0,Riquísimas tapas! ,"El servicio muy bueno y las tapas y raciones tb!!! Espárragos muy sabrosos, tapas tb (salmón, la de croqueta...), ensaladilla, cachopo y tarta de queso! Recomendable y genial de precio! 58 entre 4 con 6 cañas y dos vinos!! Repetiremos "
2017/11/16,1510786800,couples,5.0,Excelente,por la boda de  un amigo me toco pasar las vacaciones en el centro de albacete y me tropece en el lugar perfecto para comer tanto menu carta o los deliciosos pinchos. El trato escepcional y la calidad precio inmejorable.
2017/11/13,1510527600,solo,5.0,No me arrepiento de haber entrado,"Tenía que pasar noche en Albacete y no conocía nada para cenar, y callejeando me lo encontré. No podía haber acertado más. Un gran surtido de pinchos al más estilo bilbaíno con un precio muy bajo para lo que ofrecen. La carta de vino por copa es reducida pero mucho más amplia que en la mayoría de los sitios, y la bodega por botella es interesante. También tienen menú de noche a un precio muy bueno."
2017/10/15,1508018400,friends,4.0,Bastante bien,"Pedimos menú fin de semana. Presentación muy cuidad de todos los platos. El segundo era entrecot, tenía muchos nervios y estaba algo duro ademas de ser muy pequeño. El resto estaba muy rico"
2017/10/12,1507759200,friends,5.0,Todo buenisimo!,"Sorprendente, lo cuidado q estaban los platos y lo buenos q estaban. Como postre un sorbete de limon con albaca q estaba riquisimo tambien! "
2017/9/9,1504908000,friends,5.0,Apto para celíacos y buenísimo,"Es un sitio acogedor para una cena entre amigos o con la familia. Soy celíaca y el trato de los cameros fue impecable, tienen pan sin gluten y me prepararon en cocina los pinchos que elegí entre los que tienen en el mostrador (hay pinchos calientes y fríos). Además, la mayoría de las tapas que hay en su carta tienen opciones sin gluten (incluyendo el queso frito, riquísimo!). También tienen algunas opciones para vegetarianos y están abiertos a preparar opciones adicionales a las que se muestran en la carta.En resumen: muy rico, buen trato y buen precio!"
2017/9/7,1504735200,business,5.0,No se puede pedir más por ese precio!!,"Me pilló de vuelta un día de trabajo entre Madrid y Murcia, paré en Albacete a hacer unas gestiones y en el mismo centro, donde el Ayuntamieno. Lo de comer a medio dia donde no conozno no me gusta mucho, porque nunca sabes lo que te van adar, pero me llamó la ateción el menú del día. No se puede pedir más!! Ya quisiera esa calidad en sitions más caros. Primero, segundo y postre, con varias opciones a elegir: pescado, carne, buen acompañamiento, platos muy completos y bien preparados.. un acierto. Los camareros muy atentos y el servicio rapido. Una pena que no viva en Albacete, comería ahí todos los días!"
2017/8/29,1503957600,family,5.0,Nada malo que objetar,"Entramos al ver que tenían menu. Fue todo un acierto. De primero pedimos un revuelto de morcillas y pimientos con patatas, riquisimo, tambien habían otros platos como chique de verduras y gazpacho andaluz!! y de segundo había entre otros platos, merluza gratinada...tambien se podian elegir tres pinchos como plato, todos riquisiiisimos. Incluía la bebida, los postres caseros y por ultimo el cafe. Por un módico precio de 10 euros. A destacar la atención y amabilidad del personal. Un placer!!!"
2017/8/13,1502575200,solo,5.0,"Buen menú, buenísimas tapas calientes","A medio camino de vuelta a madrid tras una escapada de fin de semana a la playa,  apetecía parar a medio camino para conerDecir que ideal para 2-4 amigos, menú: carta escueta pero por 12.50€ comes platos bastante elaborados (en mi caso uno de los mejores gazpachos caseros, y un solomillo de cerdo q os dejo abajo)"
2017/7/24,1500847200,family,4.0,Tapeo Rico,Sitio agradable y con tapas ricas. Los camareros muy atentos y simpáticos. Si te encuentras por el centro y quieres hacer una parada para tomar algo ya sabes.
2017/7/20,1500501600,couples,5.0,Cena en pareja,Cenamos de picoeo medias raciones abundantes y muy bien cocinadas la camrera muy amable el servicio rápido a pesar de estar lleno no lo conocía pero sin duda volvere
2017/5/16,1494885600,solo,4.0,Tapas de calidad y economicas,Tapar originales y con mucha calidad algunas de ellas. Todas a 1 euro. Muchisimo publico lo que asegura una alta rotacion de las tapas.
2017/4/18,1492466400,friends,5.0,Repito seguro,"Fui con amigos por casualidad, pero quedamos encantados del menú y del trato del personal. Tapas muy variadas y suculentas por un precio extraordinario "
2017/4/9,1491688800,couples,5.0,Grata Sorpresa!!!,"Fui con mi pareja el fin de semana a Albacete de paseo, y como nunca habíamos ido a esa ciudad, una amiga nos recomendó este restaurante por lo céntrico que esta y sus buenos precios. Sin más expectativas, nos llevamos un grata sorpresa. El restaurante muy bonito y con un toque moderno. Como no sabíamos que pedir, el camarero nos aconsejo pedir el menú del día (ya que los fines de semana hay menú especial) a 12,50 euros y pedimos- De primero: espárragos con jamón ibérico, reducción de martini y crema de huevos. (la verdad que muy ricos) y una ensalada ""Cantabra"" que llevaba entre otras cosas, queso de cabra, habas e hígado de pollo (he de decir, que por lo general odio el hígado de cualquier tipo, y al probar la ensalada me quedé sorprendida, primera vez que me gustó el hígado, estaba muy bueno)- De segundo: los dos pedimos lomo de atún sobre una base muy fina de berenjena y una especie de tortilla de garbanzos que estaba super buena y el contraste de algo un poco más dulce y el atún muy bueno - Postre: Trata de queso con frambuesa (casera) y brownie de chocolate con helado Lo unico ""malo"", es que tuvimos que esperar un poquito (cosa que era de esperar porque estaban a reventar)  pero valió la pena, y al menos nos sacaron unas olivitas y pan mientras llegaba la comida. otra cosa que me hizo gracia, es que en la pared tiene una especie de colección de cervezas que yo me pensaba que era decoración y se ve que es como la ""carta de cervezas"" y esta muy guay porque así mi pareja al ver que había, se pidió dos cervezas que no había probado nunca, una típica de Castilla la Mancha ""Quijota"" y otra de Xativa ""Toro"" y yo una Copa de vino blanco aconsejada por la casa. Luego nos fuimos a dar una vuelta por la ciudad, y  a la vuelta de camino al coche como nos quedaba de paso y nos habíamos quedado con ganas de probar algún pincho (pero no nos cabía más comida jaja) aprovechamos y nos pedimos dos pinchitos cada uno que estaban riquísimos. Por ultimo, si lo que queréis es pinchos se ve que los martes tienen una oferta de todos a 1€, y si además de eso queréis ir al cine, justo al frente nos comentó un camarero (que le preguntamos que porque había tanta cola) y nos dijo que había un cine que hacían películas que no están en carteleras pero que eran buenas a 2,50 € (preguntarle a los camareros que sabrán explicaros mejor)si vuelvo a Albacete volveré seguro, un menú a precio cerrado 12,50 esta super bien la verdad, os lo recomiendo 100%."
2017/3/17,1489705200,family,5.0,"Menu fin de semana, espectacular","Estuvimos el fin de semana pasado a mediodía, nos decantamos por el menú que tenía muy buena pinta por 12,5 Euros. Incluía una bebida, 1er y 2do plato, pan y a elegir entre postre y cafe. Elegimos vino de la casa, muy aceptable para un menu a ese precio, y un txacoli, creo que es el unico restaurante en albacete que tienen este tipo de vino.. De primero yo escogi tortellini de pera y gorgonzola con salsa de hongos y panceta, estaba riquisimo.. mi madre escogió buñuelos de bacalao con salmorejo y alioli almendrado de perejil.. tambien muy bueno.De segundo elegimos entrecotte de ternera al cabrales y lubina con noodle de calabacin y salsa de cava.. me gusto mucho tanto el sabor como la presentacion.De postre nos recomendaron crema catalana de coco con piña y helado de vainilla.. muy origina y bueno bueno. El servicio muy atentos, pero tardaron un poco en sacar los postres.. estaban hasta arriba. Ibamos sin prisa asi que esto no fue un gran problema. Me parecio barato para lo bien y mucho que comimos. Sin duda lo recomendaría 100%"
2017/3/13,1489359600,couples,5.0,Muy recomendable,Camarero super amables y todo lo que pedimos buenísimo. Los postres caseros muy ricos. Volveré y lo recomendaré. 
2017/3/10,1489100400,friends,3.0,Cambio de nombre,"Antes era de la franquicia de Lizarrán, pero le han cambiado el nombre y mantenido algunos productos de la carta (como los pinchos).En primer lugar, deberían plantearse mover la puerta a un lateral porque, cada vez que entraba o salía alguien (y los fumadores lo hacen muy a menudo) el frío que pasan las mesas de la entrada no tiene precio, por mucho que tengan el aire acondicionado a tope.Las cañas nos salieron a 1,5 euros y una botella de agua a 1,3 €. Te ponen revuelto de frutos secos mientras esperas.Probamos:- una tabla de pulpo, a 9,9 euros, que, si bien estaba tiernísimo, no tenía ni pizca de sal (tampoco las patatas).- un plato de huevos con patatas y jamón, que para cuatro personas no tenía cantidad suficiente, a 9,5 euros que, como llevaba jamón, tampoco habían añadido nada de sal.- un plato de secreto ibérico, a 11,5 euros, que vino ya partido en el plato para que pareciera que llevaba más, pero que era vergonzoso su tamaño para lo que costó. El chimichurri orillado, con patatas, de nuevo como guarnición y algún pimiento de piquillo. Decepcionante para cuatro personas...Nada tenía rock and roll y los precios han sido inflados. Quizá el camarero tampoco nos supo aconsejar sobre qué pedir porque todo era con patatas insípidas. Además, se llevó nuestra cesta de pan, a la que aún le quedaban trozos, para traer otra, jugada que no entendimos.En otras mesas tenían unas hamburguesas que no tenían mala pinta, pero la sensación final fue la de salir a casi 10 euros por cabeza y terminar con hambre."
2019/8/14,1565733600,friends,5.0,Buenas tapas !!!,"Grandes tapas, personal muy amable! El ambiente es agradable, la comida es de muy buena calidad, el menú está muy bien diseñado con precios asequibles. También hay una gran variedad de vinos. Recomiendo encarecidamente este lugar, si desea comer algo bueno, barato y delicioso."
2017/1/22,1485039600,friends,4.0,Delicioso,"Que conocí en Albacete con un amigo mío. Nos instalamos en el centro de la ciudad, así que nos pareció que encantador restaurante, los camareros eran muy educado, amable con nosotros, la comida era deliciosa, todo era absolutamente fantástico, debo decir que es 100% recomendado y también está en el centro de Albacete, ¿qué más se puede pedir? cualquiera . . ."
