{"restaurant": {"ta_link": "https://www.tripadvisor.es/Restaurant_Review-g187486-d5298005-Reviews-Taperia_Dallas-Albacete_Province_of_Albacete_Castile_La_Mancha.html", "name": "Calidad/precio", "data": {"claimed": false, "schedule": {"dom": ["12:30", "17:00", "20:30", "12:00"], "mar": ["12:30", "17:00", "20:30", "12:00"], "mié": ["12:30", "17:00", "20:30", "12:00"], "jue": ["12:30", "17:00", "20:30", "12:00"], "vie": ["12:30", "17:00", "20:30", "12:00"], "sáb": ["12:30", "17:00", "20:30", "12:00"]}, "score_overall": 4.5, "ranking": 37, "travellers_choice": false, "Comida": 4.0, "Servicio": 3.5, "Calidad/precio": 4.0, "type": ["Mediterránea", "Española"], "special_diets": ["Opciones vegetarianas"], "meals": ["Desayuno", "Comidas", "Cenas", "Brunch"], "advantages": ["Reservas", "Capacidad", "Acceso para discapacitados", "Sirve alcohol", "Servicio de mesa"], "address": {"name": "Plaza Maestro Chueca 13, 02005 Albacete España", "link": "https://maps.google.com/maps?saddr=&daddr=Plaza+Maestro+Chueca+13%2C+02005+Albacete+Espa%C3%B1a@39.002365,-1.866657"}, "webpage": "https://www.facebook.com/pausabaralbacete/", "phone": "+34 967 21 92 19", "price": {"lower": 20.0, "upper": 35.0}, "email": "2castillas@gmail.com", "Atmósfera": 4.5}}}