{"restaurant": {"ta_link": "https://www.tripadvisor.es/Restaurant_Review-g187486-d21492839-Reviews-Mixto-Albacete_Province_of_Albacete_Castile_La_Mancha.html", "name": "Mixto", "data": {"claimed": false, "schedule": null, "score_overall": 4.0, "ranking": 8, "travellers_choice": false, "Comida": 4.0, "Servicio": 4.0, "Calidad/precio": 3.5, "type": ["Italiana"], "special_diets": ["Opciones veganas", "Opciones vegetarianas"], "meals": ["Cenas", "Comidas"], "advantages": ["Servicio de mesa"], "address": {"name": "0 Calle Raimundo Lulio 15 Junto A La Plaza De Toros, 02005 Albacete España", "link": "https://maps.google.com/maps?saddr=&daddr=0+Calle+Raimundo+Lulio+15+Junto+A+La+Plaza+De+Toros%2C+02005+Albacete+Espa%C3%B1a@38.99762,-1.86211"}, "webpage": "https://www.facebook.com/lacantinamexicanoalbacete", "phone": "+34 967 22 08 93", "price": {"lower": 6.0, "upper": 18.0}, "email": "reservas@gruposaona.com", "Atmósfera": 4.0}}}