{"restaurant": {"ta_link": "https://www.tripadvisor.es/Restaurant_Review-g187486-d17840559-Reviews-El_V_Faustino_Cafeteria_y_Taperia-Albacete_Province_of_Albacete_Castile_La_Manch.html", "name": "El V Faustino Cafetería y Tapería", "data": {"claimed": true, "schedule": {"dom": ["11:00", "16:00"], "lun": ["08:00", "16:00"], "mar": ["08:00", "16:00"], "mié": ["08:00", "16:00"], "jue": ["08:00", "16:00", "19:00", "12:00"], "vie": ["08:00", "16:00", "19:00", "12:00"], "sáb": ["08:00", "16:00", "19:30", "12:00"]}, "score_overall": 4.0, "ranking": 190, "travellers_choice": false, "Comida": 3.5, "Servicio": 3.5, "Calidad/precio": 4.0, "type": ["Española"], "special_diets": ["Opciones vegetarianas", "Opciones veganas"], "meals": ["Desayuno", "Comidas", "Cenas", "Abierto hasta tarde", "Bebidas"], "advantages": ["Para llevar", "Reservas", "Terraza exterior", "Restaurante privado", "Televisión", "Sirve alcohol", "Bar completo", "Pagos digitales", "Wifi gratuito", "Acepta tarjetas de crédito", "Servicio de mesa"], "address": {"name": "Calle Arquitecto Fernandez nº2, 02004 Albacete España", "link": "https://maps.google.com/maps?saddr=&daddr=Calle+Arquitecto+Fernandez+n%C2%BA2%2C+02004+Albacete+Espa%C3%B1a@39.00059,-1.8586"}, "webpage": "https://www.facebook.com/El-V-Faustino-Cafeter%C3%ADa-Y-Taperia-893219461020482/", "phone": "+34 698 96 71 57", "price": {"lower": 6.0, "upper": 20.0}, "email": "cantinalinea@hotmail.com", "Atmósfera": 4.0}}}