{"restaurant": {"ta_link": "https://www.tripadvisor.es/Restaurant_Review-g187486-d14396994-Reviews-Cerveceria_taperia_El_Ave_Turuta-Albacete_Province_of_Albacete_Castile_La_Mancha.html", "name": "Calidad/precio", "data": {"claimed": false, "schedule": null, "score_overall": 4.5, "ranking": 68, "travellers_choice": false, "Comida": 4.0, "Servicio": 4.0, "Calidad/precio": 4.5, "type": ["Española"], "special_diets": ["Opciones veganas"], "meals": ["Cenas"], "advantages": ["Servicio de mesa", "Capacidad"], "address": {"name": "Calle Tejares 21, 02002 Albacete España", "link": "https://maps.google.com/maps?saddr=&daddr=Calle+Tejares+21%2C+02002+Albacete+Espa%C3%B1a@38.99114,-1.853585"}, "webpage": "http://www.restauranteentreamigos.es/", "phone": "+34 967 61 20 87", "price": {"lower": 15.0, "upper": 30.0}, "email": "elsalteno@elsalteno.es", "Atmósfera": 3.5}}}