{"restaurant": {"ta_link": "https://www.tripadvisor.es/Restaurant_Review-g187486-d7892209-Reviews-Ricardo_s_Taperia-Albacete_Province_of_Albacete_Castile_La_Mancha.html", "name": "Calidad/precio", "data": {"claimed": false, "schedule": null, "score_overall": 4.0, "ranking": 109, "travellers_choice": false, "Comida": 4.5, "Servicio": 4.0, "Calidad/precio": 4.5, "type": ["Española"], "special_diets": ["Opciones vegetarianas"], "meals": ["Cenas", "Brunch"], "advantages": ["Servicio de mesa", "Reservas", "Acceso para discapacitados"], "address": {"name": "Calle Lepanto 73, 02003 Albacete España", "link": "https://maps.google.com/maps?saddr=&daddr=Calle+Lepanto+73%2C+02003+Albacete+Espa%C3%B1a@38.987,-1.86574"}, "webpage": "http://www.facebook.com/Laandaluzaalbacete/", "phone": "+34 967 51 19 59", "price": {"lower": 25.0, "upper": 60.0}, "email": "ALBACETE@LAANDALUZA.COM", "Atmósfera": 3.5}}}