{"restaurant": {"ta_link": "https://www.tripadvisor.es/Restaurant_Review-g187486-d5489583-Reviews-Dos_Castillas_Restaurante-Albacete_Province_of_Albacete_Castile_La_Mancha.html", "name": "Atmósfera", "data": {"claimed": true, "schedule": {"dom": ["10:00", "17:00"], "mar": ["11:30", "18:00"], "mié": ["11:30", "18:00"], "jue": ["11:30", "23:45"], "vie": ["11:30", "23:45"], "sáb": ["10:00", "23:45"]}, "score_overall": 4.5, "ranking": 30, "travellers_choice": false, "Comida": 4.5, "Servicio": 4.5, "Calidad/precio": 4.0, "type": ["Mediterránea", "Española", "Europea", "Asador", "Saludable"], "special_diets": ["Opciones vegetarianas", "Opciones veganas", "Opciones sin gluten"], "meals": ["Comidas", "Cenas", "Bebidas"], "advantages": ["Reservas", "Capacidad", "Sirve alcohol", "Servicio de mesa", "Acceso para discapacitados", "Bar completo", "Wifi gratuito"], "address": {"name": "Calle Angel 42, 02002 Albacete España", "link": "https://maps.google.com/maps?saddr=&daddr=Calle+Angel+42%2C+02002+Albacete+Espa%C3%B1a@38.986008,-1.852642"}, "webpage": "https://www.facebook.com/pausabaralbacete/", "phone": "+34 967 50 37 70", "price": {"lower": 20.0, "upper": 35.0}, "email": "2castillas@gmail.com", "Atmósfera": 4.5}}}