{"restaurant": {"ta_link": "https://www.tripadvisor.es/Restaurant_Review-g187486-d19487559-Reviews-Muerde_la_Pasta_Imaginalia-Albacete_Province_of_Albacete_Castile_La_Mancha.html", "name": "Muerde la Pasta Imaginalia", "data": {"claimed": true, "schedule": {"dom": ["13:00", "16:30"], "lun": ["13:00", "16:00"], "mar": ["13:00", "16:00"], "mié": ["13:00", "16:00"], "jue": ["13:00", "16:00"], "vie": ["13:00", "16:30", "20:00", "23:00"], "sáb": ["13:00", "16:30", "20:00", "23:00"]}, "score_overall": 2.5, "ranking": 16, "travellers_choice": false, "Comida": 3.5, "Servicio": 3.0, "Calidad/precio": 2.5, "type": ["Italiana"], "special_diets": ["Opciones vegetarianas"], "meals": ["Comidas", "Cenas"], "advantages": ["A domicilio", "Capacidad", "Sirve alcohol", "Servicio de mesa", "Para llevar", "Reservas", "Acceso para discapacitados"], "address": {"name": "Avenida de la Ilustracion 51, C.C. Imaginalia Albacete, 02005 Albacete España", "link": "https://maps.google.com/maps?saddr=&daddr=Avenida+de+la+Ilustracion+51%2C+C.C.+Imaginalia+Albacete%2C+02005+Albacete+Espa%C3%B1a@39.0067,-1.87448"}, "webpage": "http://www.muerdelapasta.com/", "phone": "+34 967 59 01 51", "price": {"lower": 3.0, "upper": 15.0}, "email": "vadepizzaab@gmail.com", "Atmósfera": 3.5}}}