{"restaurant": {"ta_link": "https://www.tripadvisor.es/Restaurant_Review-g187486-d6404147-Reviews-Cafe_bar_rubik-Albacete_Province_of_Albacete_Castile_La_Mancha.html", "name": "cafe bar rubik", "data": {"claimed": false, "schedule": null, "score_overall": 3.0, "ranking": 293, "travellers_choice": false, "Comida": 3.5, "Servicio": 2.5, "Calidad/precio": 3.0, "type": ["Bar", "Pub"], "special_diets": ["Opciones sin gluten"], "meals": ["Comidas", "Cenas"], "advantages": ["A domicilio", "Para llevar", "Acceso para discapacitados", "Sirve alcohol", "Servicio de mesa", "Reservas", "Capacidad"], "address": {"name": "Avenida Jose Prat, Albacete España", "link": "https://maps.google.com/maps?saddr=&daddr=Avenida+Jose+Prat%2C+Albacete+Espa%C3%B1a@38.9785,-1.84063"}, "webpage": "http://www.restaurantesoho.com/", "phone": "+34 967 27 85 61", "price": {"lower": 3.0, "upper": 25.0}, "email": "mesonellomo@mesonellomo.com", "Atmósfera": 4.0}}}