{"restaurant": {"ta_link": "https://www.tripadvisor.es/Restaurant_Review-g187486-d10157529-Reviews-Cafeteria_LUA-Albacete_Province_of_Albacete_Castile_La_Mancha.html", "name": "Cafetería LUA", "data": {"claimed": true, "schedule": {"dom": ["10:00", "01:30"], "mar": ["08:00", "01:30"], "mié": ["08:00", "01:30"], "jue": ["08:00", "01:30"], "vie": ["08:00", "02:30"], "sáb": ["10:00", "02:30"]}, "score_overall": 3.0, "ranking": 202, "travellers_choice": false, "Comida": 3.5, "Servicio": 3.5, "Calidad/precio": 3.5, "type": ["Española"], "special_diets": ["Opciones vegetarianas"], "meals": ["Desayuno", "Comidas", "Cenas"], "advantages": ["Reservas", "Terraza exterior", "Capacidad", "Aparcamiento disponible", "Aparcamiento en la calle", "Estacionamiento gratuito en la calle", "Televisión", "Tronas disponibles", "Acceso para discapacitados", "Sirve alcohol", "Bar completo", "Acepta Mastercard", "Acepta Visa", "Pagos digitales", "Wifi gratuito", "Acepta tarjetas de crédito"], "address": {"name": "Calle Feria, 129 Plaza Peatonal, 02004 Albacete España", "link": "https://maps.google.com/maps?saddr=&daddr=Calle+Feria%2C+129+Plaza+Peatonal%2C+02004+Albacete+Espa%C3%B1a@38.995926,-1.867774"}, "webpage": "http://www.facebook.com/CafeteriaLua", "phone": "+34 967 60 33 35", "price": {"lower": 2.0, "upper": 15.0}, "email": "luacafeteria@gmail.com", "Atmósfera": 4.0}}}