{"restaurant": {"ta_link": "https://www.tripadvisor.es/Restaurant_Review-g187486-d999036-Reviews-Merendero_los_Llanos-Albacete_Province_of_Albacete_Castile_La_Mancha.html", "name": "Atmósfera", "data": {"claimed": false, "schedule": {"dom": ["10:00", "01:00"], "lun": ["10:00", "01:00"], "mar": ["10:00", "01:00"], "mié": ["10:00", "01:00"], "jue": ["10:00", "01:00"], "vie": ["10:00", "01:00"], "sáb": ["10:00", "01:00"]}, "score_overall": 4.0, "ranking": 69, "travellers_choice": false, "Comida": 3.5, "Servicio": 4.0, "Calidad/precio": 3.0, "type": ["Española", "Mediterránea"], "special_diets": ["Opciones vegetarianas", "Opciones veganas"], "meals": ["Comidas", "Cenas"], "advantages": ["Reservas", "Capacidad", "Acceso para discapacitados", "Sirve alcohol", "Servicio de mesa"], "address": {"name": "Carretera Penas San Pedro KM 3,100, 02006 Albacete España", "link": "https://maps.google.com/maps?saddr=&daddr=Carretera+Penas+San+Pedro+KM+3%2C100%2C+02006+Albacete+Espa%C3%B1a@38.95923,-1.876821"}, "webpage": "https://www.facebook.com/TaperiaElRinconDelCampus", "phone": "+34 967 22 60 86", "price": {"lower": 8.0, "upper": 15.0}, "email": "reservas@rincongallego.es", "Atmósfera": 3.5}}}