{"restaurant": {"ta_link": "https://www.tripadvisor.es/Restaurant_Review-g187486-d10323712-Reviews-Restaurante_Alfaro-Albacete_Province_of_Albacete_Castile_La_Mancha.html", "name": "Calidad/precio", "data": {"claimed": false, "schedule": null, "score_overall": 2.0, "ranking": 238, "travellers_choice": false, "Comida": 3.5, "Servicio": 3.5, "Calidad/precio": 3.5, "type": ["Española"], "special_diets": ["Opciones vegetarianas"], "meals": ["Cenas"], "advantages": ["Capacidad", "Servicio de mesa", "Reservas", "Acceso para discapacitados"], "address": {"name": "Carr. de las Peñas, 81, 02006 Albacete España", "link": "https://maps.google.com/maps?saddr=&daddr=Carr.+de+las+Pe%C3%B1as%2C+81%2C+02006+Albacete+Espa%C3%B1a"}, "webpage": "http://www.burgerking.es/", "phone": "+34 967 60 91 06", "price": {"lower": 3.0, "upper": 8.0}, "email": "ventalasperdices@hotmail.com", "Atmósfera": 3.5}}}