{"restaurant": {"ta_link": "https://www.tripadvisor.es/Restaurant_Review-g187486-d17700109-Reviews-Las_Cosas_De_Lucia-Albacete_Province_of_Albacete_Castile_La_Mancha.html", "name": "Las Cosas De Lucía", "data": {"claimed": false, "schedule": null, "score_overall": 5.0, "ranking": 43, "travellers_choice": false, "Comida": 4.0, "Servicio": 4.0, "Calidad/precio": 4.0, "type": ["Española", "Mediterránea"], "special_diets": ["Opciones vegetarianas", "Opciones veganas"], "meals": ["Comidas", "Cenas"], "advantages": ["Reservas", "Servicio de mesa", "Capacidad"], "address": {"name": "Calle de la Feria Nº 129, 02004 Albacete España", "link": "https://maps.google.com/maps?saddr=&daddr=Calle+de+la+Feria+N%C2%BA+129%2C+02004+Albacete+Espa%C3%B1a@38.99581,-1.85817"}, "webpage": "https://www.facebook.com/Lascosasdelucia.taperia/", "phone": "+34 967 02 18 18", "price": {"lower": 5.0, "upper": 20.0}, "email": "info@cervezalanena.com", "Atmósfera": 5.0}}}