{"restaurant": {"ta_link": "https://www.tripadvisor.es/Restaurant_Review-g187486-d985922-Reviews-Puerta_de_Madrid-Albacete_Province_of_Albacete_Castile_La_Mancha.html", "name": "Calidad/precio", "data": {"claimed": true, "schedule": {"dom": ["08:00", "18:00"], "lun": ["06:00", "20:00"], "mar": ["06:00", "20:00"], "mié": ["06:00", "20:00"], "jue": ["06:00", "23:45"], "vie": ["06:00", "23:45"], "sáb": ["08:00", "23:45"]}, "score_overall": 3.0, "ranking": 117, "travellers_choice": false, "Comida": 3.5, "Servicio": 3.5, "Calidad/precio": 3.5, "type": ["Mediterránea", "Española"], "special_diets": ["Opciones vegetarianas"], "meals": ["Desayuno", "Comidas", "Cenas"], "advantages": ["Reservas", "Capacidad", "Acceso para discapacitados", "Sirve alcohol", "Servicio de mesa"], "address": {"name": "Avenida de Gregorio Arcos, 02007 Albacete España", "link": "https://maps.google.com/maps?saddr=&daddr=Avenida+de+Gregorio+Arcos%2C+02007+Albacete+Espa%C3%B1a@39.02717,-1.893101"}, "webpage": "https://www.facebook.com/AsadorPuertaDeMadrid/", "phone": "+34 967 24 22 12", "price": {"lower": 6.0, "upper": 20.0}, "email": "puertademadrid.ab@gmail.com", "Atmósfera": 4.0}}}