{"restaurant": {"ta_link": "https://www.tripadvisor.es/Restaurant_Review-g187486-d5487544-Reviews-Mucho_Mas_Que_Pizza-Albacete_Province_of_Albacete_Castile_La_Mancha.html", "name": "Calidad/precio", "data": {"claimed": false, "schedule": {"dom": ["13:00", "23:30"], "lun": ["13:00", "15:30", "18:00", "23:00"], "mar": ["13:00", "15:30", "18:00", "23:00"], "mié": ["13:00", "15:30", "18:00", "23:00"], "jue": ["13:00", "15:30", "18:00", "23:00"], "vie": ["13:00", "15:30", "18:00", "23:00"], "sáb": ["13:00", "23:30"]}, "score_overall": 3.5, "ranking": 9, "travellers_choice": false, "Comida": 3.0, "Servicio": 3.0, "Calidad/precio": 3.5, "type": ["Pizza", "Italiana"], "special_diets": ["Opciones vegetarianas", "Opciones veganas"], "meals": ["Comidas", "Cenas"], "advantages": ["A domicilio", "Para llevar", "Capacidad"], "address": {"name": "Calle Carnicerías, 1, 02001 Albacete España", "link": "https://maps.google.com/maps?saddr=&daddr=Calle+Carnicer%C3%ADas%2C+1%2C+02001+Albacete+Espa%C3%B1a@38.99438,-1.85722"}, "webpage": "http://muchomasquepizzaalbacete.com/?utm_source=tripadvisor&utm_campaign=MuchoM%C3%A1sQuePizza&utm_medium=tr-activation&utm_term=microsite", "phone": "+34 967 11 37 11", "price": {"lower": 4.0, "upper": 20.0}, "email": "restaurantehermanossoria@gmail.com", "Atmósfera": 4.0}}}