{"restaurant": {"ta_link": "https://www.tripadvisor.es/Restaurant_Review-g187486-d23611605-Reviews-Saona_Albacete-Albacete_Province_of_Albacete_Castile_La_Mancha.html", "name": "Saona Albacete", "data": {"claimed": true, "schedule": {"dom": ["13:00", "17:00", "20:00", "12:00"], "lun": ["13:00", "17:00", "20:00", "12:00"], "mar": ["13:00", "17:00", "20:00", "12:00"], "mié": ["13:00", "17:00", "20:00", "12:00"], "jue": ["13:00", "17:00", "20:00", "12:00"], "vie": ["13:00", "17:00", "20:00", "12:00"], "sáb": ["13:00", "17:00", "20:00", "12:00"]}, "score_overall": 3.0, "ranking": 177, "travellers_choice": false, "Comida": 3.5, "Servicio": 3.5, "Calidad/precio": 3.5, "type": ["Mediterránea", "Europea", "Española"], "special_diets": ["Opciones veganas", "Opciones vegetarianas"], "meals": ["Cenas", "Comidas"], "advantages": ["Reservas", "Capacidad", "Servicio de mesa"], "address": {"name": "Carrier Jesús Nazareno nº4, 02002 Albacete España", "link": "https://maps.google.com/maps?saddr=&daddr=Carrier+Jes%C3%BAs+Nazareno+n%C2%BA4%2C+02002+Albacete+Espa%C3%B1a@38.991016,-1.853847"}, "webpage": "http://www.gruposaona.com/restaurante/saona-albacete/", "phone": "+34 967 13 57 40", "price": {"lower": 6.0, "upper": 18.0}, "email": "reservas@gruposaona.com", "Atmósfera": 4.0}}}