{"restaurant": {"ta_link": "https://www.tripadvisor.es/Restaurant_Review-g187486-d19656753-Reviews-VIPS_Smart_CC_Imaginalia-Albacete_Province_of_Albacete_Castile_La_Mancha.html", "name": "VIPS Smart CC Imaginalia", "data": {"claimed": true, "schedule": {"dom": ["12:30", "23:30"], "lun": ["12:30", "23:30"], "mar": ["12:30", "23:30"], "mié": ["12:30", "23:30"], "jue": ["12:30", "23:30"], "vie": ["12:30", "12:00"], "sáb": ["12:30", "12:00"]}, "score_overall": 2.5, "ranking": 305, "travellers_choice": false, "Comida": 3.5, "Servicio": 3.5, "Calidad/precio": 3.5, "type": ["Española"], "special_diets": ["Opciones sin gluten"], "meals": ["Comidas", "Cenas"], "advantages": ["Reservas"], "address": {"name": "Av. de la Ilustración, 51, 02005 Albacete España", "link": "https://maps.google.com/maps?saddr=&daddr=Av.+de+la+Ilustraci%C3%B3n%2C+51%2C+02005+Albacete+Espa%C3%B1a@39.007763,-1.879533"}, "webpage": "http://www.vips.es/vipsmart", "phone": "+34 967 75 09 00", "price": {"lower": 8.0, "upper": 15.0}, "email": "lahiguericaalbacete@gmail.com", "Atmósfera": 4.0}}}