{"restaurant": {"ta_link": "https://www.tripadvisor.es/Restaurant_Review-g187486-d5794956-Reviews-Taperia_Cuartero-Albacete_Province_of_Albacete_Castile_La_Mancha.html", "name": "Tapería Cuartero", "data": {"claimed": false, "schedule": null, "score_overall": 4.0, "ranking": 69, "travellers_choice": false, "Comida": 4.0, "Servicio": 4.0, "Calidad/precio": 4.5, "type": ["Española"], "special_diets": ["Opciones vegetarianas"], "meals": ["Comidas", "Cenas"], "advantages": ["Reservas", "Capacidad", "Sirve alcohol", "Servicio de mesa"], "address": {"name": "Calle De Gracia, 12, 02005 Albacete España", "link": "https://maps.google.com/maps?saddr=&daddr=Calle+De+Gracia%2C+12%2C+02005+Albacete+Espa%C3%B1a@39.00054,-1.86334"}, "webpage": "http://www.restauranteentreamigos.es/", "phone": "+34 967 50 95 02", "price": {"lower": 15.0, "upper": 30.0}, "email": "elsalteno@elsalteno.es", "Atmósfera": 3.5}}}