{"restaurant": {"ta_link": "https://www.tripadvisor.es/Restaurant_Review-g15232907-d15258867-Reviews-Restaurante_Hostal_Los_Gabrieles-Fuente_Higuera_Albacete_Province_of_Albacete_.html", "name": "Los Gabrieles", "data": {"claimed": true, "schedule": {"dom": ["06:00", "12:00"], "lun": ["06:00", "12:00"], "mar": ["06:00", "12:00"], "mié": ["06:00", "12:00"], "jue": ["06:00", "12:00"], "vie": ["06:00", "12:00"], "sáb": ["06:00", "12:00"]}, "score_overall": 3.5, "ranking": 2, "travellers_choice": false, "Comida": 4.0, "Servicio": 4.0, "Calidad/precio": 4.5, "type": ["Española"], "special_diets": ["Opciones veganas", "Opciones vegetarianas"], "meals": ["Desayuno", "Comidas", "Cenas"], "advantages": ["Reservas", "Capacidad", "Acceso para discapacitados", "Servicio de mesa"], "address": {"name": "Autovia A 31 URBANIZACIÓN EL TRIGAL, 02006 Albacete España", "link": "https://maps.google.com/maps?saddr=&daddr=Autovia+A+31+URBANIZACI%C3%93N+EL+TRIGAL%2C+02006+Albacete+Espa%C3%B1a@38.98325,-1.892737"}, "webpage": "http://www.losgabrieles.com/", "phone": "+34 967 21 51 00", "price": {"lower": 4.0, "upper": 10.0}, "email": "losgabrieles@losgabrieles.com", "Atmósfera": 4.0}}}