{"restaurant": {"ta_link": "https://www.tripadvisor.es/Restaurant_Review-g187486-d985923-Reviews-Restaurante_Albarderos-Albacete_Province_of_Albacete_Castile_La_Mancha.html", "name": "Restaurante Albarderos", "data": {"claimed": true, "schedule": {"lun": ["09:00", "17:00"], "mar": ["09:00", "17:00"], "mié": ["09:00", "17:00"], "jue": ["09:00", "17:00"], "vie": ["09:00", "17:00"], "sáb": ["09:00", "17:00"]}, "score_overall": 4.0, "ranking": 14, "travellers_choice": false, "Comida": 4.0, "Servicio": 4.0, "Calidad/precio": 3.5, "type": ["Bar", "Café", "Española", "Pub", "Comedor", "Saludable"], "special_diets": ["Opciones veganas", "Opciones vegetarianas"], "meals": ["Desayuno", "Comidas", "Brunch", "Bebidas"], "advantages": ["Para llevar", "Reservas", "Capacidad", "Televisión", "Tronas disponibles", "Acceso para discapacitados", "Sirve alcohol", "Bar completo", "Pagos digitales", "Wifi gratuito", "Acepta tarjetas de crédito"], "address": {"name": "Calle Segovia 45, 02002 Albacete España", "link": "https://maps.google.com/maps?saddr=&daddr=Calle+Segovia+45%2C+02002+Albacete+Espa%C3%B1a@38.98483,-1.84833"}, "webpage": "http://www.healthyhunters.es/", "phone": "+34 967 60 38 28", "price": {"lower": 9.0, "upper": 19.0}, "email": "navarrosimonjaime@gmail.com", "Atmósfera": 4.0}}}