{"restaurant": {"ta_link": "https://www.tripadvisor.es/Restaurant_Review-g187486-d8726763-Reviews-Cafe_Bar_Janet-Albacete_Province_of_Albacete_Castile_La_Mancha.html", "name": "Calidad/precio", "data": {"claimed": true, "schedule": {"dom": ["08:30", "12:00"], "lun": ["06:00", "12:00"], "mar": ["06:00", "12:00"], "mié": ["06:00", "12:00"], "jue": ["06:00", "12:00"], "vie": ["06:00", "12:00"], "sáb": ["06:00", "12:00"]}, "score_overall": 3.0, "ranking": 19, "travellers_choice": false, "Comida": 3.0, "Servicio": 4.0, "Calidad/precio": 3.5, "type": ["Española", "Bar", "Café", "Mediterránea", "Pub"], "special_diets": ["Opciones sin gluten"], "meals": ["Abierto hasta tarde", "Bebidas", "Desayuno", "Comidas", "Cenas", "Brunch"], "advantages": ["Servicio de mesa", "Reservas"], "address": {"name": "Calle Albarderos 14, 02004 Albacete España", "link": "https://maps.google.com/maps?saddr=&daddr=Calle+Albarderos+14%2C+02004+Albacete+Espa%C3%B1a@38.99509,-1.85927"}, "webpage": "http://www.restaurantesoho.com/", "phone": "+34 967 24 18 95", "price": {"lower": 9.0, "upper": 28.0}, "email": "gestion@cafebarjanet.es", "Atmósfera": 4.0}}}