{"restaurant": {"ta_link": "https://www.tripadvisor.es/Restaurant_Review-g187486-d3475536-Reviews-Cuerda-Albacete_Province_of_Albacete_Castile_La_Mancha.html", "name": "Atmósfera", "data": {"claimed": true, "schedule": null, "score_overall": 4.5, "ranking": 9, "travellers_choice": false, "Comida": 4.5, "Servicio": 4.0, "Calidad/precio": 4.0, "type": ["Mediterránea", "Española"], "special_diets": ["Opciones vegetarianas", "Opciones sin gluten"], "meals": ["Comidas", "Cenas", "Abierto hasta tarde"], "advantages": ["Reservas", "Terraza exterior", "Capacidad", "Acceso para discapacitados", "Sirve alcohol", "Bar completo", "Wifi gratuito", "Servicio de mesa", "Tronas disponibles"], "address": {"name": "Calle Gracia 8, 02005 Albacete España", "link": "https://maps.google.com/maps?saddr=&daddr=Calle+Gracia+8%2C+02005+Albacete+Espa%C3%B1a@39.0009,-1.863104"}, "webpage": "http://www.restaurantecuerda.com/", "phone": "+34 967 21 54 90", "price": {"lower": 12.0, "upper": 60.0}, "email": "info@asadorconcepcion.com", "Atmósfera": 4.0}}}