{"restaurant": {"ta_link": "https://www.tripadvisor.es/Restaurant_Review-g187486-d10310614-Reviews-Antiquary-Albacete_Province_of_Albacete_Castile_La_Mancha.html", "name": "Antiquary", "data": {"claimed": false, "schedule": null, "score_overall": 3.0, "ranking": 216, "travellers_choice": false, "Comida": 3.0, "Servicio": 4.0, "Calidad/precio": 3.5, "type": ["Española"], "special_diets": ["Opciones sin gluten"], "meals": ["Abierto hasta tarde", "Bebidas", "Desayuno", "Comidas", "Cenas", "Brunch"], "advantages": ["Servicio de mesa", "Reservas"], "address": {"name": "Calle Carnicerias s/n, 02001 Albacete España", "link": "https://maps.google.com/maps?saddr=&daddr=Calle+Carnicerias+s%2Fn%2C+02001+Albacete+Espa%C3%B1a@38.98692,-1.85347"}, "webpage": "http://www.restaurantesoho.com/", "phone": "+34 967 22 42 19", "price": {"lower": 9.0, "upper": 28.0}, "email": "gestion@cafebarjanet.es", "Atmósfera": 4.0}}}