{"restaurant": {"ta_link": "https://www.tripadvisor.es/Restaurant_Review-g187486-d999071-Reviews-La_Jaula-Albacete_Province_of_Albacete_Castile_La_Mancha.html", "name": "Calidad/precio", "data": {"claimed": false, "schedule": null, "score_overall": 3.5, "ranking": 5, "travellers_choice": false, "Comida": 3.5, "Servicio": 3.5, "Calidad/precio": 4.0, "type": ["Española", "Restaurante de carne", "Barbacoa"], "special_diets": ["Opciones sin gluten"], "meals": ["Comidas"], "advantages": ["Servicio de mesa", "Capacidad", "Acceso para discapacitados"], "address": {"name": "Jaen, 02006 Albacete España", "link": "https://maps.google.com/maps?saddr=&daddr=Jaen%2C+02006+Albacete+Espa%C3%B1a@38.98859,-1.88268"}, "webpage": "https://www.facebook.com/cafecentralalbacete/", "phone": "+34 967 22 78 33", "price": {"lower": 25.0, "upper": 60.0}, "email": "neerupahwa89@yahoo.com", "Atmósfera": 3.5}}}