{"restaurant": {"ta_link": "https://www.tripadvisor.es/Restaurant_Review-g187486-d8581515-Reviews-Cafeteria_La_Guagua-Albacete_Province_of_Albacete_Castile_La_Mancha.html", "name": "Calidad/precio", "data": {"claimed": true, "schedule": {"dom": ["11:30", "01:30"], "lun": ["08:00", "01:30"], "mar": ["08:00", "01:30"], "jue": ["08:00", "01:30"], "vie": ["08:00", "01:30"], "sáb": ["08:30", "01:30"]}, "score_overall": 4.0, "ranking": 43, "travellers_choice": false, "Comida": 4.0, "Servicio": 4.0, "Calidad/precio": 4.0, "type": ["Mediterránea", "Española"], "special_diets": ["Opciones vegetarianas", "Opciones veganas"], "meals": ["Desayuno", "Comidas", "Cenas"], "advantages": ["Para llevar", "Reservas", "Capacidad", "Acceso para discapacitados", "Sirve alcohol", "Bar completo", "Vino y cerveza", "Acepta Mastercard", "Acepta Visa", "Pagos digitales", "Wifi gratuito", "Televisión", "Tronas disponibles", "Servicio de mesa"], "address": {"name": "Calle Arquitecto Vandelvira 70, 02004 Albacete España", "link": "https://maps.google.com/maps?saddr=&daddr=Calle+Arquitecto+Vandelvira+70%2C+02004+Albacete+Espa%C3%B1a@38.99011,-1.865833"}, "webpage": "http://www.facebook.com/Cafeter%C3%ADa-La-Guagua-1572303809686238/", "phone": "+34 967 22 59 68", "price": {"lower": 5.0, "upper": 20.0}, "email": "info@cervezalanena.com", "Atmósfera": 5.0}}}