{"restaurant": {"ta_link": "https://www.tripadvisor.es/Restaurant_Review-g187486-d12049203-Reviews-Taperia_Esencia_Cafe-Albacete_Province_of_Albacete_Castile_La_Mancha.html", "name": "Tapería Esencia Café", "data": {"claimed": false, "schedule": {"lun": ["07:00", "23:45"], "mar": ["07:00", "23:45"], "mié": ["07:00", "23:45"], "jue": ["07:00", "23:45"], "vie": ["07:00", "23:45"], "sáb": ["09:00", "23:45"]}, "score_overall": 4.0, "ranking": 176, "travellers_choice": false, "Comida": 3.5, "Servicio": 3.5, "Calidad/precio": 3.5, "type": ["Española"], "special_diets": ["Opciones vegetarianas", "Opciones veganas"], "meals": ["Desayuno", "Comidas", "Cenas"], "advantages": ["Para llevar", "Acceso para discapacitados", "Capacidad"], "address": {"name": "Calle Bruselas, 9, 02005 Albacete España", "link": "https://maps.google.com/maps?saddr=&daddr=Calle+Bruselas%2C+9%2C+02005+Albacete+Espa%C3%B1a@39.00655,-1.866393"}, "webpage": "https://www.facebook.com/Esenciataperiacafe/", "phone": "+34 967 60 36 12", "price": {"lower": 4.0, "upper": 25.0}, "email": "Brut_59@hotmail.com", "Atmósfera": 4.0}}}