{"restaurant": {"ta_link": "https://www.tripadvisor.es/Restaurant_Review-g187486-d12976418-Reviews-Merendero_San_Gines-Albacete_Province_of_Albacete_Castile_La_Mancha.html", "name": "Calidad/precio", "data": {"claimed": false, "schedule": null, "score_overall": 4.5, "ranking": 64, "travellers_choice": false, "Comida": 3.5, "Servicio": 4.0, "Calidad/precio": 4.0, "type": ["Española"], "special_diets": ["Opciones veganas"], "meals": ["Comidas", "Cenas"], "advantages": ["Reservas", "Capacidad", "Servicio de mesa", "Acceso para discapacitados"], "address": {"name": "Sector 9, 02006 Albacete España", "link": "https://maps.google.com/maps?saddr=&daddr=Sector+9%2C+02006+Albacete+Espa%C3%B1a@38.98763,-1.90667"}, "webpage": "http://www.restaurantehornodelacruz.es/", "phone": "+34 630 76 28 69", "price": {"lower": 8.0, "upper": 30.0}, "email": "eventos@casinorestauranteab.es", "Atmósfera": 3.5}}}