{"restaurant": {"ta_link": "https://www.tripadvisor.es/Restaurant_Review-g187486-d20943594-Reviews-La_Martena_Canas_y_Tapas-Albacete_Province_of_Albacete_Castile_La_Mancha.html", "name": "La Marteña Cañas y Tapas", "data": {"claimed": true, "schedule": {"dom": ["10:00", "23:00"], "mar": ["10:00", "23:00"], "mié": ["10:00", "23:00"], "jue": ["10:00", "23:00"], "vie": ["10:00", "23:00"], "sáb": ["10:00", "23:00"]}, "score_overall": 3.0, "ranking": 224, "travellers_choice": false, "Comida": 3.5, "Servicio": 3.0, "Calidad/precio": 3.0, "type": ["Española", "Mediterránea"], "special_diets": ["Opciones sin gluten"], "meals": ["Desayuno", "Comidas", "Cenas"], "advantages": ["Reservas", "Capacidad", "Sirve alcohol", "Acepta tarjetas de crédito", "Servicio de mesa"], "address": {"name": "Calle Baños 1, 02004 Albacete España", "link": "https://maps.google.com/maps?saddr=&daddr=Calle+Ba%C3%B1os+1%2C+02004+Albacete+Espa%C3%B1a@38.99464,-1.86023"}, "webpage": "http://www.theblackhouseburger.es/", "phone": "+34 692 42 83 34", "price": {"lower": 4.0, "upper": 8.0}, "email": "LAMARTENIA2019@GMAIL.COM", "Atmósfera": 4.0}}}