{"restaurant": {"ta_link": "https://www.tripadvisor.es/Restaurant_Review-g187486-d4137960-Reviews-Parador_de_Albacete-Albacete_Province_of_Albacete_Castile_La_Mancha.html", "name": "Atmósfera", "data": {"claimed": true, "schedule": {"dom": ["13:30", "16:00"], "lun": ["13:30", "16:00", "20:30", "23:00"], "mar": ["13:30", "16:00", "20:30", "23:00"], "mié": ["13:30", "16:00", "20:30", "23:00"], "jue": ["13:30", "16:00", "20:30", "23:00"], "vie": ["13:30", "16:00"], "sáb": ["13:30", "16:00"]}, "score_overall": 3.5, "ranking": 1, "travellers_choice": false, "Comida": 3.5, "Servicio": 3.5, "Calidad/precio": 3.0, "type": ["Internacional", "Española", "Mediterránea", "Europea", "Comedor"], "special_diets": ["Opciones vegetarianas"], "meals": ["Comidas", "Cenas", "Bebidas", "Desayuno"], "advantages": ["Reservas", "Capacidad", "Aparcamiento disponible", "Acceso para discapacitados", "Sirve alcohol", "Servicio de mesa", "Parking gratis/reducido con validación de ticket", "Bar completo"], "address": {"name": "Cn 301 Km 251., 02008 Albacete España", "link": "https://maps.google.com/maps?saddr=&daddr=Cn+301+Km+251.%2C+02008+Albacete+Espa%C3%B1a@38.962795,-1.822867"}, "webpage": "http://www.parador.es/es/parador-de-albacete/restaurante", "phone": "+34 967 01 00 50", "price": {"lower": 31.0, "upper": 45.0}, "email": "albacete@parador.es", "Atmósfera": 5.0}}}