{"restaurant": {"ta_link": "https://www.tripadvisor.es/Restaurant_Review-g187486-d5870557-Reviews-Cerveceria_Santa_Marta-Albacete_Province_of_Albacete_Castile_La_Mancha.html", "name": "Calidad/precio", "data": {"claimed": true, "schedule": {"dom": ["10:30", "16:00", "20:00", "12:00"], "lun": ["10:00", "16:00", "20:00", "12:00"], "mar": ["10:00", "16:00", "20:00", "12:00"], "mié": ["10:00", "16:00", "20:00", "12:00"], "jue": ["10:00", "16:00", "20:00", "12:00"], "vie": ["10:00", "16:00", "20:00", "12:00"], "sáb": ["10:30", "16:00", "20:00", "12:00"]}, "score_overall": 2.5, "ranking": 234, "travellers_choice": false, "Comida": 3.0, "Servicio": 3.0, "Calidad/precio": 3.0, "type": ["Mediterránea", "Española"], "special_diets": ["Opciones vegetarianas"], "meals": ["Comidas"], "advantages": ["Capacidad", "Sirve alcohol", "Servicio de mesa", "Reservas"], "address": {"name": "Plaza San Felipe Neri 2, 02002 Albacete España", "link": "https://maps.google.com/maps?saddr=&daddr=Plaza+San+Felipe+Neri+2%2C+02002+Albacete+Espa%C3%B1a@38.98535,-1.85663"}, "webpage": "https://www.facebook.com/Taperia-La-Balanza-108963880545684/", "phone": "+34 967 66 71 14", "price": {"lower": 3.0, "upper": 8.0}, "email": "muhemmedrizwan@yahoo.com", "Atmósfera": 3.5}}}