{"restaurant": {"ta_link": "https://www.tripadvisor.es/Restaurant_Review-g187486-d5870179-Reviews-Restaurante_El_Badil-Albacete_Province_of_Albacete_Castile_La_Mancha.html", "name": "Calidad/precio", "data": {"claimed": true, "schedule": {"dom": ["08:00", "01:30"], "lun": ["07:00", "12:30"], "mar": ["07:00", "12:30"], "mié": ["07:00", "12:30"], "jue": ["07:00", "12:30"], "vie": ["07:00", "12:30"], "sáb": ["08:00", "01:30"]}, "score_overall": 4.0, "ranking": 70, "travellers_choice": false, "Comida": 4.0, "Servicio": 4.5, "Calidad/precio": 4.5, "type": ["Española", "Bar", "Mediterránea", "Pub"], "special_diets": ["Opciones vegetarianas"], "meals": ["Comidas", "Cenas", "Desayuno", "Brunch"], "advantages": ["Capacidad", "Acceso para discapacitados", "Servicio de mesa", "Reservas", "Terraza exterior"], "address": {"name": "Paseo de Circunvalación 115, 02003 Albacete España", "link": "https://maps.google.com/maps?saddr=&daddr=Paseo+de+Circunvalaci%C3%B3n+115%2C+02003+Albacete+Espa%C3%B1a@38.98484,-1.86239"}, "webpage": "http://www.elbadil.es/", "phone": "+34 967 04 96 43", "price": {"lower": 8.0, "upper": 15.0}, "email": "elsalteno@elsalteno.es", "Atmósfera": 3.5}}}