{"restaurant": {"ta_link": "https://www.tripadvisor.es/Restaurant_Review-g187486-d17756652-Reviews-Restaurante_Jimena-Albacete_Province_of_Albacete_Castile_La_Mancha.html", "name": "Calidad/precio", "data": {"claimed": true, "schedule": {"dom": ["12:00", "18:00"], "lun": ["12:00", "18:00"], "mar": ["12:00", "12:00"], "mié": ["12:00", "12:00"], "jue": ["12:00", "12:00"], "vie": ["12:00", "12:00"], "sáb": ["12:00", "12:00"]}, "score_overall": 4.5, "ranking": 5, "travellers_choice": true, "Comida": 4.0, "Servicio": 4.5, "Calidad/precio": 3.5, "type": ["Mediterránea", "Española", "Saludable", "Fusión", "Pub restaurante"], "special_diets": ["Opciones sin gluten"], "meals": ["Comidas", "Cenas"], "advantages": ["Para llevar", "Reservas", "Terraza exterior", "Capacidad", "Acceso para discapacitados", "Sirve alcohol", "Bar completo", "Wifi gratuito", "Acepta tarjetas de crédito", "Servicio de mesa", "Vino y cerveza", "Tarjetas de regalo disponibles"], "address": {"name": "Calle Mayor Nº 63, 02002 Albacete España", "link": "https://maps.google.com/maps?saddr=&daddr=Calle+Mayor+N%C2%BA+63%2C+02002+Albacete+Espa%C3%B1a@38.99286,-1.85321"}, "webpage": "http://www.gcandela.com/", "phone": "+34 967 09 88 10", "price": {"lower": 15.0, "upper": 60.0}, "email": "operaciones@gcandela.com", "Atmósfera": 4.5}}}