{"restaurant": {"ta_link": "https://www.tripadvisor.es/Restaurant_Review-g187486-d11826856-Reviews-Le_Petit_Comite-Albacete_Province_of_Albacete_Castile_La_Mancha.html", "name": "Servicio", "data": {"claimed": true, "schedule": {"lun": ["08:30", "23:45"], "mar": ["08:30", "23:45"], "mié": ["08:30", "23:45"], "jue": ["08:30", "23:45"], "vie": ["08:30", "23:45"], "sáb": ["08:30", "23:45"]}, "score_overall": 4.5, "ranking": 5, "travellers_choice": false, "Comida": 4.0, "Servicio": 4.5, "Calidad/precio": 4.0, "type": ["Mediterránea", "Comedor"], "special_diets": ["Opciones vegetarianas", "Opciones veganas"], "meals": ["Desayuno", "Comidas", "Cenas"], "advantages": ["Reservas", "Servicio de mesa", "Acceso para discapacitados"], "address": {"name": "Calle Doctor Bonilla, 14, 02003 Albacete España", "link": "https://maps.google.com/maps?saddr=&daddr=Calle+Doctor+Bonilla%2C+14%2C+02003+Albacete+Espa%C3%B1a@38.988174,-1.859857"}, "webpage": "http://www.balneariodebenito.es/", "phone": "+34 661 50 27 46", "price": {"lower": 4.0, "upper": 20.0}, "email": "info@balneariodebenito.es", "Atmósfera": 4.0}}}