{"restaurant": {"ta_link": "https://www.tripadvisor.es/Restaurant_Review-g187486-d8121218-Reviews-Taperia_El_Barrio_de_Montse-Albacete_Province_of_Albacete_Castile_La_Mancha.html", "name": "Calidad/precio", "data": {"claimed": false, "schedule": {"dom": ["11:00", "18:00"], "mar": ["11:00", "18:00", "20:30", "12:00"], "mié": ["11:00", "18:00", "20:30", "12:00"], "jue": ["11:00", "18:00", "20:30", "12:00"], "vie": ["11:00", "18:00", "20:30", "12:00"], "sáb": ["11:00", "18:00", "20:30", "12:00"]}, "score_overall": 3.5, "ranking": 112, "travellers_choice": false, "Comida": 3.5, "Servicio": 3.5, "Calidad/precio": 3.5, "type": ["Española"], "special_diets": ["Opciones vegetarianas", "Opciones veganas"], "meals": ["Comidas", "Cenas"], "advantages": ["Reservas", "Capacidad", "Acceso para discapacitados", "Sirve alcohol", "Servicio de mesa"], "address": {"name": "Avenida Isabel La Catolica 17 El Barrio Hosteleros S.L, 02005 Albacete España", "link": "https://maps.google.com/maps?saddr=&daddr=Avenida+Isabel+La+Catolica+17+El+Barrio+Hosteleros+S.L%2C+02005+Albacete+Espa%C3%B1a@38.998726,-1.859744"}, "webpage": "http://web.facebook.com/taperiaelbarrio.albacete/?_rdc=1&_rdr", "phone": "+34 967 60 03 26", "price": {"lower": 10.0, "upper": 30.0}, "email": "nievesreolid69@hotmeil.com", "Atmósfera": 4.0}}}