{"restaurant": {"ta_link": "https://www.tripadvisor.es/Restaurant_Review-g187486-d19382607-Reviews-Mamma_Mia-Albacete_Province_of_Albacete_Castile_La_Mancha.html", "name": "Mamma Mia", "data": {"claimed": false, "schedule": null, "score_overall": 3.5, "ranking": 11, "travellers_choice": false, "Comida": 3.5, "Servicio": 3.0, "Calidad/precio": 3.0, "type": ["Italiana"], "special_diets": ["Opciones vegetarianas", "Opciones veganas"], "meals": ["Desayuno", "Comidas", "Cenas"], "advantages": ["Para llevar", "Reservas", "Capacidad", "Sirve alcohol", "Servicio de mesa", "A domicilio"], "address": {"name": "Calle Dionisio Guardiola 31, 02003 Albacete España", "link": "https://maps.google.com/maps?saddr=&daddr=Calle+Dionisio+Guardiola+31%2C+02003+Albacete+Espa%C3%B1a@38.99197,-1.85779"}, "webpage": "https://www.facebook.com/mamamiaalbacete/", "phone": "+34 967 10 91 92", "price": {"lower": 11.0, "upper": 18.0}, "email": "mammamia@mamma-mia.es", "Atmósfera": 4.0}}}