{"restaurant": {"ta_link": "https://www.tripadvisor.es/Restaurant_Review-g187486-d8827481-Reviews-Bella_Burguesa-Albacete_Province_of_Albacete_Castile_La_Mancha.html", "name": "Calidad/precio", "data": {"claimed": true, "schedule": {"dom": ["20:00", "12:00"], "lun": ["20:00", "12:00"], "mar": ["20:00", "12:00"], "mié": ["20:00", "12:00"], "jue": ["20:00", "12:00"], "vie": ["20:00", "12:00"], "sáb": ["20:00", "12:00"]}, "score_overall": 3.5, "ranking": 2, "travellers_choice": false, "Comida": 3.5, "Servicio": 3.5, "Calidad/precio": 3.5, "type": ["Americana", "Comida rápida"], "special_diets": ["Opciones vegetarianas", "Opciones veganas"], "meals": ["Cenas"], "advantages": ["A domicilio", "Para llevar", "Capacidad", "Televisión", "Bar completo", "Acepta American Express", "Acepta Mastercard", "Acepta Visa", "Wifi gratuito", "Reservas", "Terraza exterior", "Sirve alcohol", "Servicio de mesa"], "address": {"name": "Calle Caldereros, 6, 02001 Albacete España", "link": "https://maps.google.com/maps?saddr=&daddr=Calle+Caldereros%2C+6%2C+02001+Albacete+Espa%C3%B1a@38.99358,-1.85274"}, "webpage": "http://www.facebook.com/Bella-Burguesa-419954884843024/", "phone": "+34 967 67 51 34", "price": {"lower": 4.0, "upper": 9.0}, "email": "bella-burguesa@outlook.es", "Atmósfera": 4.0}}}