{"restaurant": {"ta_link": "https://www.tripadvisor.es/Restaurant_Review-g187486-d2708733-Reviews-El_Alambique-Albacete_Province_of_Albacete_Castile_La_Mancha.html", "name": "Atmósfera", "data": {"claimed": true, "schedule": {"dom": ["12:00", "12:00"], "lun": ["12:00", "12:00"], "mar": ["12:00", "12:00"], "mié": ["12:00", "12:00"], "jue": ["12:00", "12:00"], "vie": ["12:00", "12:00"], "sáb": ["12:00", "12:00"]}, "score_overall": 4.0, "ranking": 14, "travellers_choice": false, "Comida": 4.5, "Servicio": 3.5, "Calidad/precio": 4.0, "type": ["Mediterránea", "Española"], "special_diets": ["Opciones vegetarianas", "Opciones veganas", "Opciones sin gluten"], "meals": ["Comidas", "Cenas", "Brunch", "Abierto hasta tarde"], "advantages": ["Reservas", "Terraza exterior", "Capacidad", "Tronas disponibles", "Acceso para discapacitados", "Sirve alcohol", "Bar completo", "Acepta tarjetas de crédito", "Servicio de mesa"], "address": {"name": "Callejón San José S/N, 02002 Albacete España", "link": "https://maps.google.com/maps?saddr=&daddr=Callej%C3%B3n+San+Jos%C3%A9+S%2FN%2C+02002+Albacete+Espa%C3%B1a@38.992714,-1.854111"}, "webpage": "http://www.facebook.com/elalambiquecerveceria/", "phone": "+34 625 95 64 56", "price": {"lower": 17.0, "upper": 75.0}, "email": "reservas@nuestrobar.es", "Atmósfera": 4.0}}}