{"restaurant": {"ta_link": "https://www.tripadvisor.es/Restaurant_Review-g187486-d15024191-Reviews-Batiburrillo-Albacete_Province_of_Albacete_Castile_La_Mancha.html", "name": "Batiburrillo", "data": {"claimed": true, "schedule": {"dom": ["08:00", "16:00"], "lun": ["08:00", "16:00", "19:30", "12:00"], "mar": ["08:00", "16:00", "19:30", "12:00"], "jue": ["08:00", "16:00", "19:30", "12:00"], "vie": ["08:00", "16:00", "19:30", "12:00"], "sáb": ["08:00", "16:00", "19:30", "12:00"]}, "score_overall": 3.5, "ranking": 121, "travellers_choice": false, "Comida": 3.5, "Servicio": 3.5, "Calidad/precio": 3.0, "type": ["Española", "Mediterránea"], "special_diets": ["Opciones vegetarianas"], "meals": ["Desayuno", "Comidas", "Cenas", "Brunch", "Abierto hasta tarde", "Bebidas"], "advantages": ["Reservas", "Servicio de mesa", "Para llevar", "Terraza exterior", "Aparcamiento disponible", "Aparcamiento en la calle", "Estacionamiento gratuito en la calle", "Televisión", "Acceso para discapacitados", "Sirve alcohol", "Bar completo", "Vino y cerveza", "Acepta tarjetas de crédito"], "address": {"name": "Avenida de la Guardia Civil 8B Aguas Nuevas, 02049 Albacete España", "link": "https://maps.google.com/maps?saddr=&daddr=Avenida+de+la+Guardia+Civil+8B+Aguas+Nuevas%2C+02049+Albacete+Espa%C3%B1a@38.916134,-1.918689"}, "webpage": "http://www.batiburrillobar.es/", "phone": "+34 967 27 39 27", "price": {"lower": 3.0, "upper": 25.0}, "email": "info@batiburrillobar.es", "Atmósfera": 4.0}}}