{"restaurant": {"ta_link": "https://www.tripadvisor.es/Restaurant_Review-g187486-d6840656-Reviews-Arroceria_vinoteca_labodeguilla_del_maquinilla-Albacete_Province_of_Albacete_Cast.html", "name": "Calidad/precio", "data": {"claimed": false, "schedule": {"dom": ["10:00", "16:00", "19:00", "12:00"], "lun": ["11:00", "16:00"], "mar": ["11:00", "16:00"], "jue": ["10:00", "16:00", "19:00", "12:00"], "vie": ["10:00", "16:00", "19:00", "12:00"], "sáb": ["10:00", "16:00", "19:00", "12:00"]}, "score_overall": 3.5, "ranking": 57, "travellers_choice": false, "Comida": 4.0, "Servicio": 4.0, "Calidad/precio": 3.5, "type": ["Española", "Mediterránea"], "special_diets": ["Opciones vegetarianas"], "meals": ["Comidas", "Cenas"], "advantages": ["Reservas", "Acceso para discapacitados", "Servicio de mesa", "Capacidad", "Sirve alcohol", "Bar completo"], "address": {"name": "Calle de la Feria,137 Albacete, 02004 Albacete España", "link": "https://maps.google.com/maps?saddr=&daddr=Calle+de+la+Feria%2C137+Albacete%2C+02004+Albacete+Espa%C3%B1a@38.995975,-1.868919"}, "webpage": "http://labodeguilladelmaquinilla.com/", "phone": "+34 967 04 91 09", "price": {"lower": 8.0, "upper": 30.0}, "email": "elcornerab@hotmail.com", "Atmósfera": 4.0}}}