{"restaurant": {"ta_link": "https://www.tripadvisor.es/Restaurant_Review-g187486-d11813258-Reviews-Pasteleria_Roldan-Albacete_Province_of_Albacete_Castile_La_Mancha.html", "name": "Pastelería Roldán", "data": {"claimed": false, "schedule": null, "score_overall": 1.5, "ranking": 349, "travellers_choice": false, "Comida": 2.0, "Servicio": 2.0, "Calidad/precio": 2.5, "type": ["Española"], "special_diets": ["Opciones vegetarianas"], "meals": ["Brunch"], "advantages": ["Acceso para discapacitados"], "address": {"name": "Avenida de Espana 4, 02002 Albacete España", "link": "https://maps.google.com/maps?saddr=&daddr=Avenida+de+Espana+4%2C+02002+Albacete+Espa%C3%B1a@38.98635,-1.85441"}, "webpage": "http://www.dominospizza.es/?utm_medium=organic&utm_source=directorios&utm_campaign=dp_gen_gmb_directorios&utm_content=sitio_web", "phone": "+34 967 60 91 06", "price": {"lower": 3.0, "upper": 8.0}, "email": "ventalasperdices@hotmail.com", "Atmósfera": 3.5}}}