{"restaurant": {"ta_link": "https://www.tripadvisor.es/Restaurant_Review-g187486-d14132915-Reviews-La_Taberna_Del_Topo-Albacete_Province_of_Albacete_Castile_La_Mancha.html", "name": "La Taberna Del Topo", "data": {"claimed": false, "schedule": null, "score_overall": 4.5, "ranking": 67, "travellers_choice": false, "Comida": 3.5, "Servicio": 3.5, "Calidad/precio": 3.5, "type": ["Española", "Mediterránea"], "special_diets": ["Opciones veganas"], "meals": ["Cenas"], "advantages": ["Capacidad", "Servicio de mesa", "Reservas"], "address": {"name": "Calle del Arquitecto Vandelvira 29, 02003 Albacete España", "link": "https://maps.google.com/maps?saddr=&daddr=Calle+del+Arquitecto+Vandelvira+29%2C+02003+Albacete+Espa%C3%B1a@38.9876,-1.86226"}, "webpage": "http://www.restauranteentreamigos.es/", "phone": "+34 967 60 18 19", "price": {"lower": 15.0, "upper": 30.0}, "email": "elsalteno@elsalteno.es", "Atmósfera": 3.5}}}