{"restaurant": {"ta_link": "https://www.tripadvisor.es/Restaurant_Review-g187486-d15051804-Reviews-Naiboa-Albacete_Province_of_Albacete_Castile_La_Mancha.html", "name": "Naiboa", "data": {"claimed": false, "schedule": null, "score_overall": 4.5, "ranking": 157, "travellers_choice": false, "Comida": 3.5, "Servicio": 4.0, "Calidad/precio": 3.0, "type": ["Española"], "special_diets": ["Opciones veganas", "Opciones vegetarianas"], "meals": ["Desayuno", "Brunch"], "advantages": ["Capacidad", "Acceso para discapacitados", "Servicio de mesa", "Reservas", "Sirve alcohol"], "address": {"name": "Avenida del Arquitecto Julio Carriler 59, 02004 Albacete España", "link": "https://maps.google.com/maps?saddr=&daddr=Avenida+del+Arquitecto+Julio+Carriler+59%2C+02004+Albacete+Espa%C3%B1a@38.9954,-1.86993"}, "webpage": "https://www.facebook.com/Naiboa-Caferter%C3%ADa-Cervecer%C3%ADa-177432135679275/", "phone": "+34 967 60 71 65", "price": {"lower": 10.0, "upper": 30.0}, "email": "info@restaurantequijotealbacete.com", "Atmósfera": 4.0}}}