{"restaurant": {"ta_link": "https://www.tripadvisor.es/Restaurant_Review-g187486-d15758547-Reviews-Taperia_Cerveceria_La_Gomera-Albacete_Province_of_Albacete_Castile_La_Mancha.html", "name": "Taperia Cerveceria La Gomera", "data": {"claimed": false, "schedule": null, "score_overall": 3.0, "ranking": 285, "travellers_choice": false, "Comida": 3.0, "Servicio": 4.0, "Calidad/precio": 4.0, "type": ["Mediterránea", "Española"], "special_diets": ["Opciones vegetarianas"], "meals": ["Comidas", "Cenas"], "advantages": ["Reservas", "Capacidad", "Servicio de mesa"], "address": {"name": "C/Almansa nº9, 02008 Albacete España", "link": "https://maps.google.com/maps?saddr=&daddr=C%2FAlmansa+n%C2%BA9%2C+02008+Albacete+Espa%C3%B1a@38.984795,-1.844529"}, "webpage": "http://es-es.facebook.com/merendero.huertodelruisenor/", "phone": "+34 967 03 08 86", "price": {"lower": 3.0, "upper": 10.0}, "email": "info@panariapanaderias.es", "Atmósfera": 4.0}}}