{"restaurant": {"ta_link": "https://www.tripadvisor.es/Restaurant_Review-g187486-d3163737-Reviews-LA_TAPERIA-Albacete_Province_of_Albacete_Castile_La_Mancha.html", "name": "Atmósfera", "data": {"claimed": true, "schedule": {"dom": ["12:00", "01:30"], "lun": ["08:30", "23:59"], "mar": ["12:00", "01:30", "08:30", "23:59"], "mié": ["12:00", "01:30", "08:30", "23:59"], "jue": ["12:00", "01:30", "08:30", "23:59"], "vie": ["12:00", "01:30", "08:30", "23:59"], "sáb": ["12:00", "01:30", "08:30", "23:59"]}, "score_overall": 3.5, "ranking": 44, "travellers_choice": false, "Comida": 4.0, "Servicio": 4.0, "Calidad/precio": 3.5, "type": ["Mediterránea", "Española"], "special_diets": ["Opciones vegetarianas", "Opciones sin gluten", "Opciones veganas"], "meals": ["Comidas", "Cenas"], "advantages": ["Reservas", "Capacidad", "Acceso para discapacitados", "Sirve alcohol", "Bar completo", "Servicio de mesa"], "address": {"name": "Calle Gaona, 9 BAJO, 02001 Albacete España", "link": "https://maps.google.com/maps?saddr=&daddr=Calle+Gaona%2C+9+BAJO%2C+02001+Albacete+Espa%C3%B1a@38.99413,-1.85349"}, "webpage": "http://www.lataperia.com/", "phone": "+34 967 21 69 66", "price": {"lower": 5.0, "upper": 20.0}, "email": "lataperia@lataperia.com", "Atmósfera": 3.5}}}