{"restaurant": {"ta_link": "https://www.tripadvisor.es/Restaurant_Review-g187486-d7253757-Reviews-Le_Premiere-Albacete_Province_of_Albacete_Castile_La_Mancha.html", "name": "Calidad/precio", "data": {"claimed": true, "schedule": {"dom": ["08:00", "06:00"], "lun": ["08:00", "06:00"], "mar": ["08:00", "06:00"], "mié": ["08:00", "06:00"], "jue": ["08:00", "06:00"], "vie": ["08:00", "06:00"], "sáb": ["08:00", "06:00"]}, "score_overall": 4.0, "ranking": 29, "travellers_choice": false, "Comida": 3.5, "Servicio": 4.0, "Calidad/precio": 3.5, "type": ["Mediterránea", "Española"], "special_diets": ["Opciones vegetarianas", "Opciones veganas", "Opciones sin gluten"], "meals": ["Desayuno", "Comidas", "Cenas", "Brunch"], "advantages": ["Para llevar", "Reservas", "Terraza exterior", "Capacidad", "Aparcamiento en la calle", "Televisión", "Tronas disponibles", "Acceso para discapacitados", "Sirve alcohol", "Bar completo", "Wifi gratuito", "Acepta tarjetas de crédito", "Servicio de mesa"], "address": {"name": "Avenida Espana 71 Avenida España 71, 02008 Albacete España", "link": "https://maps.google.com/maps?saddr=&daddr=Avenida+Espana+71+Avenida+Espa%C3%B1a+71%2C+02008+Albacete+Espa%C3%B1a@38.978645,-1.852571"}, "webpage": "http://www.lepremierealbacete.es/", "phone": "+34 967 67 30 53", "price": {"lower": 12.0, "upper": 25.0}, "email": "lepremieree@hotmail.com", "Atmósfera": 4.0}}}