{"restaurant": {"ta_link": "https://www.tripadvisor.es/Restaurant_Review-g187486-d985913-Reviews-Restaurante_Marisqueria_Nova-Albacete_Province_of_Albacete_Castile_La_Mancha.html", "name": "Calidad/precio", "data": {"claimed": false, "schedule": {"dom": ["09:30", "17:00", "20:00", "23:59"], "lun": ["09:30", "17:00", "20:00", "23:59"], "mar": ["09:30", "17:00", "20:00", "23:59"], "mié": ["09:30", "17:00", "20:00", "23:59"], "jue": ["09:30", "17:00", "20:00", "23:59"], "vie": ["09:30", "17:00", "20:00", "23:59"], "sáb": ["09:30", "17:00", "20:00", "23:59"]}, "score_overall": 3.0, "ranking": 7, "travellers_choice": false, "Comida": 3.5, "Servicio": 3.5, "Calidad/precio": 3.0, "type": ["Marisco", "Mediterránea", "Española"], "special_diets": ["Opciones vegetarianas"], "meals": ["Comidas", "Cenas"], "advantages": ["Para llevar", "Reservas", "Capacidad", "Sirve alcohol", "Bar completo", "Acepta tarjetas de crédito", "Servicio de mesa", "Acceso para discapacitados"], "address": {"name": "C/Collado Piña 43, 02003 Albacete España", "link": "https://maps.google.com/maps?saddr=&daddr=C%2FCollado+Pi%C3%B1a+43%2C+02003+Albacete+Espa%C3%B1a@38.99066,-1.86063"}, "webpage": "https://www.marisquerianova.com/", "phone": "+34 967 22 83 64", "price": {"lower": 3.0, "upper": 10.0}, "email": "nova_antoniogil@hotmail.es", "Atmósfera": 4.0}}}