{"restaurant": {"ta_link": "https://www.tripadvisor.es/Restaurant_Review-g187486-d11938465-Reviews-The_Tapa_Negra_Gastrotaperia-Albacete_Province_of_Albacete_Castile_La_Mancha.html", "name": "Calidad/precio", "data": {"claimed": true, "schedule": {"dom": ["11:00", "12:00"], "lun": ["08:00", "12:00"], "mar": ["08:00", "12:00"], "mié": ["08:00", "12:00"], "jue": ["08:00", "12:00"], "vie": ["08:00", "12:00"], "sáb": ["11:00", "12:00"]}, "score_overall": 4.5, "ranking": 19, "travellers_choice": false, "Comida": 4.5, "Servicio": 4.5, "Calidad/precio": 4.5, "type": ["Internacional", "Mediterránea", "Española"], "special_diets": ["Opciones vegetarianas", "Opciones veganas", "Opciones sin gluten"], "meals": ["Desayuno", "Comidas", "Cenas", "Brunch", "Abierto hasta tarde", "Bebidas"], "advantages": ["Reservas", "Capacidad", "Acceso para discapacitados", "Sirve alcohol", "Bar completo", "Vino y cerveza", "Acepta Visa", "Wifi gratuito", "Acepta tarjetas de crédito", "Servicio de mesa", "Televisión", "Tronas disponibles"], "address": {"name": "Calle Martinez Villena 15 Bajo, 02001 Albacete España", "link": "https://maps.google.com/maps?saddr=&daddr=Calle+Martinez+Villena+15+Bajo%2C+02001+Albacete+Espa%C3%B1a@38.99545,-1.854796"}, "webpage": "http://www.facebook.com/kingtchener/", "phone": "+34 967 70 24 97", "price": {"lower": 10.0, "upper": 25.0}, "email": "Juanvila9@gmail.com", "Atmósfera": 4.5}}}