{"restaurant": {"ta_link": "https://www.tripadvisor.es/Restaurant_Review-g187486-d12525779-Reviews-Dolce_Pecatto_Albacete-Albacete_Province_of_Albacete_Castile_La_Mancha.html", "name": "Dolce Pecatto Albacete", "data": {"claimed": true, "schedule": null, "score_overall": 4.0, "ranking": 170, "travellers_choice": false, "Comida": 4.5, "Servicio": 4.5, "Calidad/precio": 4.5, "type": ["Española"], "special_diets": ["Opciones vegetarianas", "Opciones veganas"], "meals": ["Desayuno", "Comidas", "Cenas"], "advantages": ["Reservas", "Capacidad", "Acceso para discapacitados", "Servicio de mesa"], "address": {"name": "Calle El Cura 1, 02001 Albacete España", "link": "https://maps.google.com/maps?saddr=&daddr=Calle+El+Cura+1%2C+02001+Albacete+Espa%C3%B1a@38.99577,-1.857073"}, "webpage": "http://www.laboticahomecafe.es/", "phone": "+34 676 18 59 50", "price": {"lower": 10.0, "upper": 30.0}, "email": "guijamurciarest@gmail.com", "Atmósfera": 4.0}}}