{"restaurant": {"ta_link": "https://www.tripadvisor.es/Restaurant_Review-g187486-d13128503-Reviews-Halcon_Milenario_Gastrobar-Albacete_Province_of_Albacete_Castile_La_Mancha.html", "name": "Calidad/precio", "data": {"claimed": true, "schedule": null, "score_overall": 3.5, "ranking": 114, "travellers_choice": false, "Comida": 3.5, "Servicio": 3.5, "Calidad/precio": 3.5, "type": ["Española", "Comida rápida"], "special_diets": ["Opciones sin gluten"], "meals": ["Comidas", "Brunch", "Cenas"], "advantages": ["Capacidad", "Acceso para discapacitados", "Reservas", "Servicio de mesa"], "address": {"name": "Calle Octavio Cuartero 62, 02004 Albacete España", "link": "https://maps.google.com/maps?saddr=&daddr=Calle+Octavio+Cuartero+62%2C+02004+Albacete+Espa%C3%B1a@38.99284,-1.86185"}, "webpage": "https://www.facebook.com/Halc%C3%B3n-milenario-gastro-bar-172053856695884/", "phone": "+34 967 60 12 89", "price": {"lower": 25.0, "upper": 60.0}, "email": "elrocin2@gmail.com", "Atmósfera": 3.5}}}