{"restaurant": {"ta_link": "https://www.tripadvisor.es/Restaurant_Review-g187486-d7283478-Reviews-Cafe_Bar_Star_Joker-Albacete_Province_of_Albacete_Castile_La_Mancha.html", "name": "Cafe Bar Star Joker", "data": {"claimed": false, "schedule": null, "score_overall": 1.0, "ranking": 220, "travellers_choice": false, "Comida": 3.5, "Servicio": 3.5, "Calidad/precio": 3.5, "type": ["Española"], "special_diets": ["Opciones sin gluten"], "meals": ["Comidas", "Cenas"], "advantages": ["Reservas"], "address": {"name": "Calle Joaquin Quijada 21, 02004 Albacete España", "link": "https://maps.google.com/maps?saddr=&daddr=Calle+Joaquin+Quijada+21%2C+02004+Albacete+Espa%C3%B1a@38.99501,-1.86421"}, "webpage": "http://www.vips.es/vipsmart", "phone": "+34 967 67 04 75", "price": {"lower": 8.0, "upper": 15.0}, "email": "lahiguericaalbacete@gmail.com", "Atmósfera": 4.0}}}