{"restaurant": {"ta_link": "https://www.tripadvisor.es/Restaurant_Review-g187486-d7607619-Reviews-VIPS_Albacete-Albacete_Province_of_Albacete_Castile_La_Mancha.html", "name": "Calidad/precio", "data": {"claimed": true, "schedule": {"dom": ["13:00", "23:00"], "lun": ["13:00", "16:30", "19:00", "23:00"], "mar": ["13:00", "16:30", "19:00", "23:00"], "mié": ["13:00", "16:30", "19:00", "23:00"], "jue": ["13:00", "16:30", "19:00", "23:00"], "vie": ["13:00", "23:00"], "sáb": ["13:00", "23:00"]}, "score_overall": 3.0, "ranking": 11, "travellers_choice": false, "Comida": 3.5, "Servicio": 3.5, "Calidad/precio": 3.0, "type": ["Internacional", "Mediterránea"], "special_diets": ["Opciones sin gluten"], "meals": ["Comidas", "Cenas"], "advantages": ["Para llevar", "Terraza exterior", "Acceso para discapacitados", "Acepta American Express", "Acepta Mastercard", "Acepta Visa", "Wifi gratuito", "Capacidad", "Acepta tarjetas de crédito", "Servicio de mesa", "A domicilio", "Reservas", "Sirve alcohol"], "address": {"name": "Calle Tejares, 3, 02002 Albacete España", "link": "https://maps.google.com/maps?saddr=&daddr=Calle+Tejares%2C+3%2C+02002+Albacete+Espa%C3%B1a@38.992023,-1.853777"}, "webpage": "http://www.vips.es/restaurantes/vips-albacete?utm_source=directorios&utm_medium=organic&utm_campaign=estatica_directorios&utm_content=sitio_web", "phone": "+34 967 26 68 12", "price": {"lower": 8.0, "upper": 15.0}, "email": "gestion@cafebarjanet.es", "Atmósfera": 4.0}}}