{"restaurant": {"ta_link": "https://www.tripadvisor.es/Restaurant_Review-g187486-d7355735-Reviews-Restaurante_Cervantes-Albacete_Province_of_Albacete_Castile_La_Mancha.html", "name": "Calidad/precio", "data": {"claimed": false, "schedule": null, "score_overall": 4.0, "ranking": 38, "travellers_choice": false, "Comida": 4.0, "Servicio": 3.5, "Calidad/precio": 4.0, "type": ["Mediterránea", "Española"], "special_diets": ["Opciones vegetarianas"], "meals": ["Comidas", "Cenas"], "advantages": ["Reservas", "Acceso para discapacitados", "Sirve alcohol", "Servicio de mesa", "Para llevar", "Capacidad"], "address": {"name": "Plaza Periodista Antonio Andujar 7, 02005 Albacete España", "link": "https://maps.google.com/maps?saddr=&daddr=Plaza+Periodista+Antonio+Andujar+7%2C+02005+Albacete+Espa%C3%B1a@38.99617,-1.85977"}, "webpage": "https://www.instagram.com/explore/tags/cencibel/?hl=en", "phone": "+34 967 67 06 08", "price": {"lower": 20.0, "upper": 50.0}, "email": "gunkan.rrhh@gmail.com", "Atmósfera": 4.0}}}