{"restaurant": {"ta_link": "https://www.tripadvisor.es/Restaurant_Review-g187486-d10247188-Reviews-Los_cuentos-Albacete_Province_of_Albacete_Castile_La_Mancha.html", "name": "Calidad/precio", "data": {"claimed": false, "schedule": null, "score_overall": 3.0, "ranking": 294, "travellers_choice": false, "Comida": 3.5, "Servicio": 3.0, "Calidad/precio": 3.5, "type": ["Española"], "special_diets": ["Opciones sin gluten"], "meals": ["Comidas", "Cenas"], "advantages": ["Reservas", "Capacidad", "Acceso para discapacitados", "Sirve alcohol", "Bar completo", "Acepta tarjetas de crédito", "Servicio de mesa"], "address": {"name": "Parque de los cuentos, 02005 Albacete España", "link": "https://maps.google.com/maps?saddr=&daddr=Parque+de+los+cuentos%2C+02005+Albacete+Espa%C3%B1a@39.0056,-1.875492"}, "webpage": "http://www.restaurantesoho.com/", "phone": "+34 967 61 63 61", "price": {"lower": 3.0, "upper": 25.0}, "email": "mesonellomo@mesonellomo.com", "Atmósfera": 4.0}}}