{"restaurant": {"ta_link": "https://www.tripadvisor.es/Restaurant_Review-g187486-d5795230-Reviews-Bar_El_Aguila_Virgen_del_Pilar-Albacete_Province_of_Albacete_Castile_La_Mancha.html", "name": "Calidad/precio", "data": {"claimed": false, "schedule": null, "score_overall": 3.0, "ranking": 227, "travellers_choice": false, "Comida": 4.0, "Servicio": 3.5, "Calidad/precio": 4.0, "type": ["Española", "Barbacoa"], "special_diets": ["Opciones sin gluten"], "meals": ["Cenas"], "advantages": ["Acceso para discapacitados", "Reservas", "Capacidad", "Sirve alcohol", "Servicio de mesa"], "address": {"name": "Virgen Del Pilar, 14 Las cañicas- ALBACETE, 02006 Albacete España", "link": "https://maps.google.com/maps?saddr=&daddr=Virgen+Del+Pilar%2C+14+Las+ca%C3%B1icas-+ALBACETE%2C+02006+Albacete+Espa%C3%B1a@39.00338,-1.86707"}, "webpage": "http://www.telepizza.es/", "phone": "+34 967 21 00 17", "price": {"lower": 6.0, "upper": 12.0}, "email": "dong.albacenter@gmail.com", "Atmósfera": 4.0}}}