{"restaurant": {"ta_link": "https://www.tripadvisor.es/Restaurant_Review-g187486-d985906-Reviews-Alvarez_Restaurante-Albacete_Province_of_Albacete_Castile_La_Mancha.html", "name": "Atmósfera", "data": {"claimed": true, "schedule": {"dom": ["07:00", "12:00"], "lun": ["07:00", "12:00"], "mar": ["07:00", "12:00"], "mié": ["07:00", "12:00"], "jue": ["07:00", "12:00"], "vie": ["07:00", "12:00"], "sáb": ["07:00", "12:00"]}, "score_overall": 3.5, "ranking": 81, "travellers_choice": false, "Comida": 4.0, "Servicio": 4.0, "Calidad/precio": 3.5, "type": ["Mediterránea", "Española", "Restaurante de carne", "Bar", "Comedor", "Saludable"], "special_diets": ["Opciones sin gluten"], "meals": ["Comidas", "Cenas", "Abierto hasta tarde", "Bebidas"], "advantages": ["Reservas", "Capacidad", "Servicio de mesa", "Terraza exterior", "Restaurante privado", "Aparcamiento disponible", "Aparcamiento en la calle", "Televisión", "Tronas disponibles", "Acceso para discapacitados", "Sirve alcohol", "Bar completo", "Vino y cerveza", "Wifi gratuito", "Acepta tarjetas de crédito"], "address": {"name": "Calle Carmen, 42, 02005 Albacete España", "link": "https://maps.google.com/maps?saddr=&daddr=Calle+Carmen%2C+42%2C+02005+Albacete+Espa%C3%B1a@38.99946,-1.855214"}, "webpage": "http://www.alvarezrestaurante.es/", "phone": "+34 967 21 82 69", "price": {"lower": 11.0, "upper": 43.0}, "email": "alvarezrestaurante@gmail.com", "Atmósfera": 3.5}}}