{"restaurant": {"ta_link": "https://www.tripadvisor.es/Restaurant_Review-g187486-d6436951-Reviews-Chaflan_de_la_Tapa-Albacete_Province_of_Albacete_Castile_La_Mancha.html", "name": "Atmósfera", "data": {"claimed": false, "schedule": null, "score_overall": 4.0, "ranking": 26, "travellers_choice": false, "Comida": 4.0, "Servicio": 4.0, "Calidad/precio": 4.0, "type": ["Marisco", "Mediterránea", "Española"], "special_diets": ["Opciones sin gluten", "Opciones vegetarianas"], "meals": ["Comidas", "Cenas"], "advantages": ["Reservas", "Capacidad", "Acceso para discapacitados", "Sirve alcohol", "Bar completo", "Servicio de mesa"], "address": {"name": "Plaza de Jesus de Medinaceli 3, 02003 Albacete España", "link": "https://maps.google.com/maps?saddr=&daddr=Plaza+de+Jesus+de+Medinaceli+3%2C+02003+Albacete+Espa%C3%B1a@38.989033,-1.86108"}, "webpage": "https://www.facebook.com/chaflandelatapa", "phone": "+34 967 66 42 23", "price": {"lower": 10.0, "upper": 40.0}, "email": "Juanvila9@gmail.com", "Atmósfera": 3.5}}}