{"restaurant": {"ta_link": "https://www.tripadvisor.es/Restaurant_Review-g187486-d6590991-Reviews-Irlandes_St_Patrick_s_Albacete-Albacete_Province_of_Albacete_Castile_La_Mancha.html", "name": "Calidad/precio", "data": {"claimed": true, "schedule": {"dom": ["09:00", "02:30"], "lun": ["08:00", "02:30"], "mar": ["08:00", "02:30"], "mié": ["08:00", "02:30"], "jue": ["08:00", "02:30"], "vie": ["08:00", "04:00"], "sáb": ["08:00", "04:00"]}, "score_overall": 3.5, "ranking": 5, "travellers_choice": false, "Comida": 3.5, "Servicio": 3.5, "Calidad/precio": 3.5, "type": ["Irlandesa", "Pub con cerveza artesanal", "Española", "Pub restaurante"], "special_diets": ["Opciones veganas", "Opciones vegetarianas"], "meals": ["Brunch", "Comidas", "Bebidas"], "advantages": ["Capacidad", "Acceso para discapacitados", "Sirve alcohol", "Servicio de mesa"], "address": {"name": "Pl. Periodista Antonio Andujar, 1, 02005 Albacete España", "link": "https://maps.google.com/maps?saddr=&daddr=Pl.+Periodista+Antonio+Andujar%2C+1%2C+02005+Albacete+Espa%C3%B1a@38.99636,-1.85839"}, "webpage": "http://www.facebook.com/StPatricksAB?ref=ts&fref=ts", "phone": "+34 967 61 97 22", "price": {"lower": 4.0, "upper": 10.0}, "email": "stpatricksab@gmail.com", "Atmósfera": 4.0}}}