{"restaurant": {"ta_link": "https://www.tripadvisor.es/Restaurant_Review-g187486-d23976320-Reviews-Cencibel-Albacete_Province_of_Albacete_Castile_La_Mancha.html", "name": "Cencibel", "data": {"claimed": true, "schedule": {"mar": ["12:30", "17:00", "19:30", "12:00"], "mié": ["12:30", "17:00"], "jue": ["12:30", "17:00"], "vie": ["12:30", "23:00"], "sáb": ["12:30", "23:00"]}, "score_overall": 4.5, "ranking": 36, "travellers_choice": false, "Comida": 4.0, "Servicio": 4.0, "Calidad/precio": 3.5, "type": ["Mediterránea"], "special_diets": ["Opciones vegetarianas"], "meals": ["Cenas", "Comidas"], "advantages": ["Reservas", "Servicio de mesa", "Capacidad"], "address": {"name": "Calle Mayor, nº 55, 02001 Albacete España", "link": "https://maps.google.com/maps?saddr=&daddr=Calle+Mayor%2C+n%C2%BA+55%2C+02001+Albacete+Espa%C3%B1a@38.993004,-1.853764"}, "webpage": "https://www.instagram.com/explore/tags/cencibel/?hl=en", "phone": "+34 967 13 09 87", "price": {"lower": 20.0, "upper": 50.0}, "email": "gunkan.rrhh@gmail.com", "Atmósfera": 4.0}}}