{"restaurant": {"ta_link": "https://www.tripadvisor.es/Restaurant_Review-g187486-d999049-Reviews-Freiduria_El_Pescaito-Albacete_Province_of_Albacete_Castile_La_Mancha.html", "name": "Freiduria El Pescaito", "data": {"claimed": false, "schedule": null, "score_overall": 1.5, "ranking": 241, "travellers_choice": false, "Comida": 2.5, "Servicio": 1.5, "Calidad/precio": 1.5, "type": ["Española"], "special_diets": ["Opciones vegetarianas"], "meals": ["Cenas"], "advantages": ["Reservas", "Servicio de mesa"], "address": {"name": "Carretera Valencia 56, 02008 Albacete España", "link": "https://maps.google.com/maps?saddr=&daddr=Carretera+Valencia+56%2C+02008+Albacete+Espa%C3%B1a@38.98614,-1.84405"}, "webpage": "https://www.facebook.com/Tasca-Cristina-821223214639904/", "phone": "+34 967 21 24 70", "price": {"lower": 3.0, "upper": 8.0}, "email": "ventalasperdices@hotmail.com", "Atmósfera": 3.5}}}