{"restaurant": {"ta_link": "https://www.tripadvisor.es/Restaurant_Review-g187486-d17461309-Reviews-La_Pausa-Albacete_Province_of_Albacete_Castile_La_Mancha.html", "name": "La Pausa", "data": {"claimed": false, "schedule": null, "score_overall": 5.0, "ranking": 8, "travellers_choice": false, "Comida": 3.5, "Servicio": 4.0, "Calidad/precio": 3.5, "type": ["Española", "Mediterránea", "Saludable"], "special_diets": ["Opciones vegetarianas", "Opciones veganas", "Opciones sin gluten"], "meals": ["Comidas", "Desayuno", "Cenas"], "advantages": ["Reservas", "Servicio de mesa", "Capacidad"], "address": {"name": "calle Gregorio Arcos N3, 02005 Albacete España", "link": "https://maps.google.com/maps?saddr=&daddr=calle+Gregorio+Arcos+N3%2C+02005+Albacete+Espa%C3%B1a@39.01505,-1.87997"}, "webpage": "https://www.facebook.com/pausabaralbacete/", "phone": "+34 634 44 70 34", "price": {"lower": 12.0, "upper": 25.0}, "email": "lepremieree@hotmail.com", "Atmósfera": 4.0}}}