{"restaurant": {"ta_link": "https://www.tripadvisor.es/Restaurant_Review-g187486-d13985959-Reviews-The_Way-Albacete_Province_of_Albacete_Castile_La_Mancha.html", "name": "The Way", "data": {"claimed": false, "schedule": null, "score_overall": 1.0, "ranking": 34, "travellers_choice": false, "Comida": 3.5, "Servicio": 3.0, "Calidad/precio": 3.0, "type": ["Bar", "Café", "Comida rápida", "Europea", "Española", "Pub", "Centroeuropea"], "special_diets": ["Opciones sin gluten"], "meals": ["Comidas", "Cenas"], "advantages": ["Reservas", "Capacidad", "Sirve alcohol", "Acepta tarjetas de crédito", "Servicio de mesa"], "address": {"name": "Zapateros, 28, Albacete España", "link": "https://maps.google.com/maps?saddr=&daddr=Zapateros%2C+28%2C+Albacete+Espa%C3%B1a@38.996613,-1.858097"}, "webpage": "https://www.facebook.com/thewaycafebaralbacete/", "phone": "+34 620 38 05 69", "price": {"lower": 6.0, "upper": 12.0}, "email": "dong.albacenter@gmail.com", "Atmósfera": 4.0}}}