{"restaurant": {"ta_link": "https://www.tripadvisor.es/Restaurant_Review-g187486-d10622201-Reviews-La_Andaluza-Albacete_Province_of_Albacete_Castile_La_Mancha.html", "name": "La Andaluza Albacete", "data": {"claimed": true, "schedule": {"dom": ["08:00", "12:00"], "mar": ["08:00", "12:00"], "mié": ["08:00", "12:00"], "jue": ["08:00", "12:00"], "vie": ["08:00", "12:00"], "sáb": ["08:00", "12:00"]}, "score_overall": 5.0, "ranking": 107, "travellers_choice": false, "Comida": 3.5, "Servicio": 3.5, "Calidad/precio": 3.0, "type": ["Española"], "special_diets": ["Opciones vegetarianas"], "meals": ["Bebidas", "Desayuno", "Comidas", "Cenas"], "advantages": ["Para llevar", "Terraza exterior", "Capacidad", "Televisión", "Tronas disponibles", "Acceso para discapacitados", "Sirve alcohol", "Bar completo", "Acepta Mastercard", "Acepta Visa", "Wifi gratuito", "Reservas", "Acepta tarjetas de crédito"], "address": {"name": "Plaza Jesus de Medinaceli 3, 02003 Albacete España", "link": "https://maps.google.com/maps?saddr=&daddr=Plaza+Jesus+de+Medinaceli+3%2C+02003+Albacete+Espa%C3%B1a@38.98934,-1.860993"}, "webpage": "http://www.facebook.com/Laandaluzaalbacete/", "phone": "+34 967 61 80 88", "price": {"lower": 25.0, "upper": 60.0}, "email": "ALBACETE@LAANDALUZA.COM", "Atmósfera": 3.5}}}