{"restaurant": {"ta_link": "https://www.tripadvisor.es/Restaurant_Review-g187486-d4699946-Reviews-La_Parrilla-Albacete_Province_of_Albacete_Castile_La_Mancha.html", "name": "Calidad/precio", "data": {"claimed": true, "schedule": {"dom": ["09:30", "17:00"], "lun": ["09:30", "17:00"], "mar": ["09:30", "17:00"], "mié": ["09:30", "17:00"], "jue": ["09:30", "17:00"], "vie": ["09:30", "17:30", "20:00", "12:30"], "sáb": ["09:30", "17:30", "20:00", "12:30"]}, "score_overall": 4.0, "ranking": 9, "travellers_choice": false, "Comida": 4.0, "Servicio": 4.0, "Calidad/precio": 4.0, "type": ["Barbacoa", "Española", "Restaurante de carne", "Mediterránea"], "special_diets": ["Opciones vegetarianas"], "meals": ["Comidas", "Brunch", "Cenas"], "advantages": ["Acceso para discapacitados", "Sirve alcohol", "Servicio de mesa", "Reservas", "Capacidad"], "address": {"name": "Carretera Barrax, KM 2, 02005 Albacete España", "link": "https://maps.google.com/maps?saddr=&daddr=Carretera+Barrax%2C+KM+2%2C+02005+Albacete+Espa%C3%B1a@38.997223,-1.888035"}, "webpage": "http://www.facebook.com/La-Parrilla-276340739090637/", "phone": "+34 967 50 11 44", "price": {"lower": 25.0, "upper": 60.0}, "email": "elrocin2@gmail.com", "Atmósfera": 3.5}}}