{"restaurant": {"ta_link": "https://www.tripadvisor.es/Restaurant_Review-g187486-d5587788-Reviews-Bendix-Albacete_Province_of_Albacete_Castile_La_Mancha.html", "name": "Servicio", "data": {"claimed": false, "schedule": null, "score_overall": 4.0, "ranking": 144, "travellers_choice": false, "Comida": 3.5, "Servicio": 4.0, "Calidad/precio": 4.0, "type": ["Mediterránea", "Española", "Bar"], "special_diets": ["Opciones sin gluten"], "meals": ["Desayuno"], "advantages": ["Reservas", "Capacidad", "Acceso para discapacitados", "Servicio de mesa"], "address": {"name": "Avenida Cronista Mateos y Sotos 26, 02005 Albacete España", "link": "https://maps.google.com/maps?saddr=&daddr=Avenida+Cronista+Mateos+y+Sotos+26%2C+02005+Albacete+Espa%C3%B1a@39.00429,-1.86186"}, "webpage": "https://www.facebook.com/cafecentralalbacete/", "phone": "+34 967 03 69 28", "price": {"lower": 25.0, "upper": 60.0}, "email": "neerupahwa89@yahoo.com", "Atmósfera": 3.5}}}