{"restaurant": {"ta_link": "https://www.tripadvisor.es/Restaurant_Review-g187486-d5790697-Reviews-Taberna_del_Volapie_Albacete-Albacete_Province_of_Albacete_Castile_La_Mancha.html", "name": "Calidad/precio", "data": {"claimed": true, "schedule": null, "score_overall": 3.5, "ranking": 79, "travellers_choice": false, "Comida": 3.5, "Servicio": 3.5, "Calidad/precio": 3.5, "type": ["Española", "Mediterránea"], "special_diets": ["Opciones vegetarianas", "Opciones veganas"], "meals": ["Comidas", "Cenas", "Brunch"], "advantages": ["Capacidad", "Acceso para discapacitados", "Sirve alcohol", "Servicio de mesa"], "address": {"name": "Gaona, 3 Esq. Concepción, 02002 Albacete España", "link": "https://maps.google.com/maps?saddr=&daddr=Gaona%2C+3+Esq.+Concepci%C3%B3n%2C+02002+Albacete+Espa%C3%B1a@38.993603,-1.853853"}, "webpage": "http://www.tabernadelvolapie.com/", "phone": "+34 967 24 18 86", "price": {"lower": 10.0, "upper": 30.0}, "email": "restaurantelafalla@gmail.com", "Atmósfera": 4.0}}}