{"restaurant": {"ta_link": "https://www.tripadvisor.es/Restaurant_Review-g15232907-d15029858-Reviews-Bar_Casa_Juan-Fuente_Higuera_Albacete_Province_of_Albacete_Castile_La_Mancha.html", "name": "Bar Casa Juan", "data": {"claimed": false, "schedule": null, "score_overall": 4.5, "ranking": 1, "travellers_choice": false, "Comida": 3.5, "Servicio": 3.5, "Calidad/precio": 3.0, "type": ["Restaurante de carne", "Barbacoa", "Española"], "special_diets": ["Opciones vegetarianas"], "meals": ["Comidas"], "advantages": ["Reservas"], "address": {"name": "02449 Albacete España", "link": "https://maps.google.com/maps?saddr=&daddr=02449+Albacete+Espa%C3%B1a@38.49603,-2.245929"}, "webpage": "http://www.donpolloalbacete.com/", "phone": "+34 967 43 32 00", "price": {"lower": 5.0, "upper": 25.0}, "email": "eudlf1983@hotmail.com", "Atmósfera": 3.5}}}