{"restaurant": {"ta_link": "https://www.tripadvisor.es/Restaurant_Review-g187486-d7717592-Reviews-Don_Asado-Albacete_Province_of_Albacete_Castile_La_Mancha.html", "name": "Calidad/precio", "data": {"claimed": false, "schedule": null, "score_overall": 4.5, "ranking": 85, "travellers_choice": false, "Comida": 4.0, "Servicio": 4.0, "Calidad/precio": 4.5, "type": ["Española"], "special_diets": ["Opciones veganas"], "meals": ["Comidas", "Cenas"], "advantages": ["Reservas", "Acceso para discapacitados", "Servicio de mesa"], "address": {"name": "Calle Miguel Servet 8, 02006 Albacete España", "link": "https://maps.google.com/maps?saddr=&daddr=Calle+Miguel+Servet+8%2C+02006+Albacete+Espa%C3%B1a@38.99779,-1.87349"}, "webpage": "http://escuelahosteleriaelsembrador.org/", "phone": "+34 967 50 84 54", "price": {"lower": 13.0, "upper": 24.0}, "email": "sala@escuelahosteleriaelsembrador.org", "Atmósfera": 3.5}}}