{"restaurant": {"ta_link": "https://www.tripadvisor.es/Restaurant_Review-g187486-d12852324-Reviews-Los_Gabrieles-Albacete_Province_of_Albacete_Castile_La_Mancha.html", "name": "Los Gabrieles", "data": {"claimed": false, "schedule": null, "score_overall": 3.5, "ranking": 241, "travellers_choice": false, "Comida": 3.5, "Servicio": 3.5, "Calidad/precio": 3.0, "type": ["Restaurante de carne", "Café", "Comida rápida", "Asador", "Española"], "special_diets": ["Opciones vegetarianas", "Opciones veganas"], "meals": ["Desayuno"], "advantages": ["Reservas", "Acceso para discapacitados"], "address": {"name": "Urbanización el Trigal, A-31, Km 65, 02007 Albacete España", "link": "https://maps.google.com/maps?saddr=&daddr=Urbanizaci%C3%B3n+el+Trigal%2C+A-31%2C+Km+65%2C+02007+Albacete+Espa%C3%B1a@39.060318,-1.934296"}, "webpage": "http://www.losgabrieles.com/", "phone": "+34 967 21 51 00", "price": {"lower": 4.0, "upper": 20.0}, "email": "informacion@hotelflorida.es", "Atmósfera": 4.0}}}