{"restaurant": {"ta_link": "https://www.tripadvisor.es/Restaurant_Review-g187486-d8363259-Reviews-El_Despacho_De_Cerveza_Mahou_SanMiguel-Albacete_Province_of_Albacete_Castile_La_M.html", "name": "Calidad/precio", "data": {"claimed": false, "schedule": {"dom": ["12:00", "23:59"], "lun": ["12:00", "23:59"], "mar": ["12:00", "23:59"], "mié": ["12:00", "23:59"], "jue": ["12:00", "23:59"], "vie": ["12:00", "23:59"], "sáb": ["12:00", "23:59"]}, "score_overall": 3.0, "ranking": 20, "travellers_choice": false, "Comida": 4.0, "Servicio": 4.0, "Calidad/precio": 4.0, "type": ["Bar", "Española", "Pub"], "special_diets": ["Opciones vegetarianas"], "meals": ["Cenas", "Desayuno", "Comidas"], "advantages": ["Capacidad", "Servicio de mesa", "Reservas"], "address": {"name": "Calle Mayor, 12001 Albacete España", "link": "https://maps.google.com/maps?saddr=&daddr=Calle+Mayor%2C+12001+Albacete+Espa%C3%B1a@38.99302,-1.853876"}, "webpage": "https://www.facebook.com/El-Despacho-de-cerveza-Mahou-San-Miguel-591317341025191/", "phone": "+34 642 30 25 10", "price": {"lower": 6.0, "upper": 20.0}, "email": "dong.imaginalia@gmail.com", "Atmósfera": 4.0}}}