{"restaurant": {"ta_link": "https://www.tripadvisor.es/Restaurant_Review-g187486-d9561201-Reviews-La_Esquina-Albacete_Province_of_Albacete_Castile_La_Mancha.html", "name": "La Esquina", "data": {"claimed": false, "schedule": null, "score_overall": 3.5, "ranking": 208, "travellers_choice": false, "Comida": 4.5, "Servicio": 4.0, "Calidad/precio": 4.5, "type": ["Española"], "special_diets": ["Opciones vegetarianas", "Opciones veganas"], "meals": ["Desayuno", "Comidas", "Cenas"], "advantages": ["Acceso para discapacitados", "Servicio de mesa", "Reservas", "Terraza exterior", "Capacidad"], "address": {"name": "Avenida de Espana 71, 02008 Albacete España", "link": "https://maps.google.com/maps?saddr=&daddr=Avenida+de+Espana+71%2C+02008+Albacete+Espa%C3%B1a@38.97956,-1.85296"}, "webpage": "http://www.facebook.com/pages/CAFE-BAR-LAS-BUGANVILLAS/279376648772642", "phone": "+34 967 22 67 23", "price": {"lower": 9.0, "upper": 19.0}, "email": "lasbuganvillas@gmail.com", "Atmósfera": 4.0}}}