{"restaurant": {"ta_link": "https://www.tripadvisor.es/Restaurant_Review-g187486-d14076639-Reviews-Casa_aurora-Albacete_Province_of_Albacete_Castile_La_Mancha.html", "name": "Casa aurora", "data": {"claimed": true, "schedule": null, "score_overall": 5.0, "ranking": 180, "travellers_choice": false, "Comida": 3.5, "Servicio": 3.5, "Calidad/precio": 3.5, "type": ["Española"], "special_diets": ["Opciones vegetarianas", "Opciones veganas"], "meals": ["Abierto hasta tarde", "Bebidas", "Comidas", "Cenas"], "advantages": ["Reservas", "Restaurante privado", "Parking gratis/reducido con validación de ticket", "Acceso para discapacitados", "Sirve alcohol", "Acepta tarjetas de crédito"], "address": {"name": "Carretera las Penas km 2,600 Al lado de la gasolinera la pulgosa, 02006 Albacete España", "link": "https://maps.google.com/maps?saddr=&daddr=Carretera+las+Penas+km+2%2C600+Al+lado+de+la+gasolinera+la+pulgosa%2C+02006+Albacete+Espa%C3%B1a@38.964176,-1.875972"}, "webpage": "http://www.facebook.com/AlAlbaWhiskyAndBourbon/", "phone": "+34 666 66 66 66", "price": {"lower": 4.0, "upper": 20.0}, "email": "Casaaurorarestaurant@gmail.com", "Atmósfera": 4.0}}}