{"restaurant": {"ta_link": "https://www.tripadvisor.es/Restaurant_Review-g187486-d9745057-Reviews-Cafeteria_Bar_Leo-Albacete_Province_of_Albacete_Castile_La_Mancha.html", "name": "Calidad/precio", "data": {"claimed": false, "schedule": null, "score_overall": 3.5, "ranking": 119, "travellers_choice": false, "Comida": 3.5, "Servicio": 3.5, "Calidad/precio": 3.5, "type": ["Española", "Mediterránea"], "special_diets": ["Opciones sin gluten"], "meals": ["Desayuno", "Cenas"], "advantages": ["Sirve alcohol", "Servicio de mesa", "Reservas", "Capacidad", "Acceso para discapacitados"], "address": {"name": "Calle Alcalde Conangla 4, 02001 Albacete España", "link": "https://maps.google.com/maps?saddr=&daddr=Calle+Alcalde+Conangla+4%2C+02001+Albacete+Espa%C3%B1a@38.996143,-1.851944"}, "webpage": "https://www.facebook.com/cafecentralalbacete/", "phone": "+34 967 21 97 50", "price": {"lower": 25.0, "upper": 60.0}, "email": "neerupahwa89@yahoo.com", "Atmósfera": 3.5}}}