{"restaurant": {"ta_link": "https://www.tripadvisor.es/Restaurant_Review-g187486-d8433857-Reviews-CAPRICHO-Albacete_Province_of_Albacete_Castile_La_Mancha.html", "name": "Calidad/precio", "data": {"claimed": true, "schedule": {"dom": ["09:00", "16:30"], "mar": ["09:00", "16:30", "20:00", "12:00"], "mié": ["09:00", "16:30", "20:00", "12:00"], "jue": ["09:00", "16:30", "20:00", "12:00"], "vie": ["09:00", "16:30", "20:00", "12:00"], "sáb": ["09:00", "16:30", "20:00", "12:00"]}, "score_overall": 4.0, "ranking": 74, "travellers_choice": false, "Comida": 4.0, "Servicio": 3.5, "Calidad/precio": 3.5, "type": ["Mediterránea", "Española"], "special_diets": ["Opciones veganas"], "meals": ["Desayuno", "Comidas", "Cenas", "Brunch"], "advantages": ["Acepta Visa", "Reservas", "Capacidad", "Aparcamiento disponible", "Aparcamiento en la calle", "Estacionamiento gratuito en la calle", "Televisión", "Acceso para discapacitados", "Sirve alcohol", "Acepta Mastercard", "Wifi gratuito", "Acepta tarjetas de crédito", "Servicio de mesa", "Tronas disponibles"], "address": {"name": "Avenida Doctor Francisco Gaspar Huelves 1 AVDA. DCTOR FRANCISCO GASPAR HUELVES CON ESQUINA CALLE BORRAJAS., 02008 Albacete España", "link": "https://maps.google.com/maps?saddr=&daddr=Avenida+Doctor+Francisco+Gaspar+Huelves+1+AVDA.+DCTOR+FRANCISCO+GASPAR+HUELVES+CON+ESQUINA+CALLE+BORRAJAS.%2C+02008+Albacete+Espa%C3%B1a@38.98302,-1.842043"}, "webpage": "http://escuelahosteleriaelsembrador.org/", "phone": "+34 967 27 88 53", "price": {"lower": 13.0, "upper": 24.0}, "email": "sala@escuelahosteleriaelsembrador.org", "Atmósfera": 3.5}}}