{"restaurant": {"ta_link": "https://www.tripadvisor.es/Restaurant_Review-g187486-d23658782-Reviews-Cerveceria_Tierra-Albacete_Province_of_Albacete_Castile_La_Mancha.html", "name": "Cervecería Tierra", "data": {"claimed": true, "schedule": {"dom": ["12:30", "19:00"], "mar": ["12:30", "12:00"], "mié": ["12:30", "12:00"], "jue": ["12:30", "12:00"], "vie": ["12:30", "12:00"], "sáb": ["12:30", "12:00"]}, "score_overall": 4.0, "ranking": 141, "travellers_choice": false, "Comida": 4.0, "Servicio": 3.5, "Calidad/precio": 3.5, "type": ["Española", "Bar", "Café", "Mediterránea", "Pub", "Pub restaurante", "Restaurantes de cerveza"], "special_diets": ["Opciones vegetarianas", "Opciones veganas"], "meals": ["Comidas", "Cenas", "Abierto hasta tarde", "Bebidas"], "advantages": ["Reservas", "Acceso para discapacitados", "Sirve alcohol", "Vino y cerveza", "Wifi gratuito", "Acepta tarjetas de crédito", "Servicio de mesa", "Restaurantes de no fumadores"], "address": {"name": "Calle Gaona 16, 02001 Albacete España", "link": "https://maps.google.com/maps?saddr=&daddr=Calle+Gaona+16%2C+02001+Albacete+Espa%C3%B1a@38.993843,-1.853457"}, "webpage": "https://www.instagram.com/tierracervezasycopas/?igshid=YmMyMTA2M2Y=", "phone": "+34 669 62 64 34", "price": {"lower": 4.0, "upper": 9.0}, "email": "teteriakhushualbacete@gmail.com", "Atmósfera": 4.0}}}