{"restaurant": {"ta_link": "https://www.tripadvisor.es/Restaurant_Review-g187486-d999076-Reviews-Limonero-Albacete_Province_of_Albacete_Castile_La_Mancha.html", "name": "Calidad/precio", "data": {"claimed": false, "schedule": null, "score_overall": 4.0, "ranking": 59, "travellers_choice": false, "Comida": 3.5, "Servicio": 3.5, "Calidad/precio": 3.5, "type": ["Mediterránea", "Española"], "special_diets": ["Opciones veganas"], "meals": ["Comidas", "Cenas"], "advantages": ["Reservas", "Capacidad", "Sirve alcohol", "Servicio de mesa", "Acceso para discapacitados"], "address": {"name": "Calle Hermanos Falco 35, 02008 Albacete España", "link": "https://maps.google.com/maps?saddr=&daddr=Calle+Hermanos+Falco+35%2C+02008+Albacete+Espa%C3%B1a@38.98609,-1.848"}, "webpage": "https://www.facebook.com/Restaurante-Los-Martinez-1398749047036078/", "phone": "+34 967 24 48 14", "price": {"lower": 15.0, "upper": 30.0}, "email": "elsalteno@elsalteno.es", "Atmósfera": 3.5}}}