{"restaurant": {"ta_link": "https://www.tripadvisor.es/Restaurant_Review-g187486-d13962254-Reviews-Cafe_Bar_Oca_II-Albacete_Province_of_Albacete_Castile_La_Mancha.html", "name": "Café Bar Oca II", "data": {"claimed": false, "schedule": null, "score_overall": 4.0, "ranking": 149, "travellers_choice": false, "Comida": 3.5, "Servicio": 3.5, "Calidad/precio": 3.5, "type": ["Española"], "special_diets": ["Opciones vegetarianas", "Opciones veganas"], "meals": ["Abierto hasta tarde", "Bebidas", "Comidas", "Cenas"], "advantages": ["Reservas"], "address": {"name": "Calle de San Antonio 22, 02001 Albacete España", "link": "https://maps.google.com/maps?saddr=&daddr=Calle+de+San+Antonio+22%2C+02001+Albacete+Espa%C3%B1a@38.99701,-1.85392"}, "webpage": "http://www.dondesiempre.com/", "phone": "+34 967 52 23 40", "price": {"lower": 4.0, "upper": 20.0}, "email": "Casaaurorarestaurant@gmail.com", "Atmósfera": 4.0}}}