{"restaurant": {"ta_link": "https://www.tripadvisor.es/Restaurant_Review-g187486-d16732849-Reviews-La_Escuela_de_Hosteleria_El_Sembrador-Albacete_Province_of_Albacete_Castile_La_M.html", "name": "Calidad/precio", "data": {"claimed": true, "schedule": {"lun": ["13:30", "16:30"], "mar": ["13:30", "16:30"], "mié": ["13:30", "16:30"], "jue": ["13:30", "16:30"], "vie": ["13:30", "16:30", "20:00", "12:00"], "sáb": ["13:30", "16:30", "20:00", "12:00"]}, "score_overall": 4.0, "ranking": 96, "travellers_choice": false, "Comida": 4.5, "Servicio": 4.0, "Calidad/precio": 4.0, "type": ["Española", "Mediterránea"], "special_diets": ["Opciones vegetarianas"], "meals": ["Comidas", "Cenas"], "advantages": ["Reservas", "Capacidad", "Servicio de mesa", "Tronas disponibles", "Acceso para discapacitados", "Sirve alcohol", "Vino y cerveza", "Wifi gratuito", "Acepta tarjetas de crédito"], "address": {"name": "Calle de Sancho Panza 10, 02006 Albacete España", "link": "https://maps.google.com/maps?saddr=&daddr=Calle+de+Sancho+Panza+10%2C+02006+Albacete+Espa%C3%B1a@38.98147,-1.85506"}, "webpage": "http://escuelahosteleriaelsembrador.org/", "phone": "+34 655 53 23 95", "price": {"lower": 5.0, "upper": 25.0}, "email": "sala@escuelahosteleriaelsembrador.org", "Atmósfera": 3.5}}}