{"restaurant": {"ta_link": "https://www.tripadvisor.es/Restaurant_Review-g187486-d8500677-Reviews-La_Andaluza_Low_Cost-Albacete_Province_of_Albacete_Castile_La_Mancha.html", "name": "Calidad/precio", "data": {"claimed": false, "schedule": null, "score_overall": 3.5, "ranking": 164, "travellers_choice": false, "Comida": 3.5, "Servicio": 3.5, "Calidad/precio": 4.0, "type": ["Española"], "special_diets": ["Opciones veganas", "Opciones vegetarianas"], "meals": ["Desayuno", "Comidas", "Brunch", "Bebidas"], "advantages": ["Acceso para discapacitados"], "address": {"name": "Calle Calderon de La Barca 7 Incrocio Calle Tejares, 02002 Albacete España", "link": "https://maps.google.com/maps?saddr=&daddr=Calle+Calderon+de+La+Barca+7+Incrocio+Calle+Tejares%2C+02002+Albacete+Espa%C3%B1a@38.98904,-1.85396"}, "webpage": "http://www.laandaluzalowcost.com/franquicia-restaurante-albacete/", "phone": "+34 967 60 38 28", "price": {"lower": 9.0, "upper": 19.0}, "email": "navarrosimonjaime@gmail.com", "Atmósfera": 4.0}}}