{"restaurant": {"ta_link": "https://www.tripadvisor.es/Restaurant_Review-g187486-d21256107-Reviews-Borgonesse-Albacete_Province_of_Albacete_Castile_La_Mancha.html", "name": "Borgonesse", "data": {"claimed": false, "schedule": null, "score_overall": 2.5, "ranking": 32, "travellers_choice": false, "Comida": 3.0, "Servicio": 3.0, "Calidad/precio": 3.0, "type": ["Café"], "special_diets": ["Opciones sin gluten"], "meals": ["Cenas"], "advantages": ["Capacidad", "Playa", "Admite perros"], "address": {"name": "Calle Zapateros, 02001 Albacete España", "link": "https://maps.google.com/maps?saddr=&daddr=Calle+Zapateros%2C+02001+Albacete+Espa%C3%B1a@38.99532,-1.85761"}, "webpage": "https://es-la.facebook.com/cafegastrobarlemonde/", "phone": "+34 632 25 13 63", "price": {"lower": 8.0, "upper": 15.0}, "email": "info@aderezoalbacete.es", "Atmósfera": 4.0}}}