{"restaurant": {"ta_link": "https://www.tripadvisor.es/Restaurant_Review-g187486-d7384327-Reviews-Shangri_la-Albacete_Province_of_Albacete_Castile_La_Mancha.html", "name": "Shangri la", "data": {"claimed": false, "schedule": null, "score_overall": 4.0, "ranking": 116, "travellers_choice": false, "Comida": 4.0, "Servicio": 4.0, "Calidad/precio": 3.5, "type": ["Mediterránea"], "special_diets": ["Opciones vegetarianas"], "meals": ["Cenas", "Desayuno", "Comidas"], "advantages": ["Para llevar", "Servicio de mesa", "A domicilio", "Capacidad"], "address": {"name": "Calle de Jesus Nazareno 7, 02002 Albacete España", "link": "https://maps.google.com/maps?saddr=&daddr=Calle+de+Jesus+Nazareno+7%2C+02002+Albacete+Espa%C3%B1a@38.991096,-1.853514"}, "webpage": "https://www.facebook.com/El-Despacho-de-cerveza-Mahou-San-Miguel-591317341025191/", "phone": "+34 967 21 84 05", "price": {"lower": 6.0, "upper": 20.0}, "email": "dong.imaginalia@gmail.com", "Atmósfera": 4.0}}}