{"restaurant": {"ta_link": "https://www.tripadvisor.es/Restaurant_Review-g187486-d11923194-Reviews-Keiji_by_Joel-Albacete_Province_of_Albacete_Castile_La_Mancha.html", "name": "Calidad/precio", "data": {"claimed": false, "schedule": null, "score_overall": 4.0, "ranking": 1, "travellers_choice": true, "Comida": 4.5, "Servicio": 4.5, "Calidad/precio": 4.0, "type": ["Japonesa", "Sushi", "Asiática", "Peruana"], "special_diets": ["Opciones vegetarianas"], "meals": ["Desayuno", "Comidas", "Cenas", "Brunch"], "advantages": ["A domicilio", "Para llevar", "Reservas", "Sirve alcohol", "Bar completo", "Servicio de mesa"], "address": {"name": "Calle de la Cruz 1, 02001 Albacete España", "link": "https://maps.google.com/maps?saddr=&daddr=Calle+de+la+Cruz+1%2C+02001+Albacete+Espa%C3%B1a@38.994007,-1.851633"}, "webpage": "http://www.facebook.com/keijibyjoel/", "phone": "+34 967 60 62 29", "price": {"lower": 20.0, "upper": 50.0}, "email": "posadapenarrubia@hotmail.es", "Atmósfera": 3.5}}}