{"restaurant": {"ta_link": "https://www.tripadvisor.es/Restaurant_Review-g187486-d20201716-Reviews-Taberna_pepa_la_cordobesa-Albacete_Province_of_Albacete_Castile_La_Mancha.html", "name": "Taberna pepa la cordobesa", "data": {"claimed": true, "schedule": null, "score_overall": 5.0, "ranking": 215, "travellers_choice": false, "Comida": 4.5, "Servicio": 4.5, "Calidad/precio": 4.5, "type": ["Española"], "special_diets": ["Opciones vegetarianas", "Opciones veganas"], "meals": ["Desayuno", "Comidas", "Cenas"], "advantages": ["Reservas", "Capacidad", "Acceso para discapacitados", "Servicio de mesa"], "address": {"name": "Calle Don Guillermo Esquina con Calle Herreros, Albacete España", "link": "https://maps.google.com/maps?saddr=&daddr=Calle+Don+Guillermo+Esquina+con+Calle+Herreros%2C+Albacete+Espa%C3%B1a"}, "webpage": "http://www.laboticahomecafe.es/", "phone": "+34 638 23 60 43", "price": {"lower": 12.0, "upper": 100.0}, "email": "guijamurciarest@gmail.com", "Atmósfera": 4.0}}}