{"restaurant": {"ta_link": "https://www.tripadvisor.es/Restaurant_Review-g187486-d10672784-Reviews-Restaurante_Venta_Cancarix_Sl-Albacete_Province_of_Albacete_Castile_La_Mancha.html", "name": "Restaurante Venta Cancarix Sl", "data": {"claimed": false, "schedule": null, "score_overall": 3.5, "ranking": 174, "travellers_choice": false, "Comida": 4.5, "Servicio": 4.5, "Calidad/precio": 4.5, "type": ["Española"], "special_diets": ["Opciones vegetarianas", "Opciones veganas"], "meals": ["Desayuno", "Cenas"], "advantages": ["Servicio de mesa", "Reservas", "Capacidad"], "address": {"name": "Carretera De Madrid-Cartagena A-30, Salida 75, 02499 Albacete España", "link": "https://maps.google.com/maps?saddr=&daddr=Carretera+De+Madrid-Cartagena+A-30%2C+Salida+75%2C+02499+Albacete+Espa%C3%B1a@39.02646,-1.89288"}, "webpage": "https://churreriasanagustin.negocio.site/", "phone": "+34 967 32 28 50", "price": {"lower": 12.0, "upper": 100.0}, "email": "juanamanecechurreri@gmail.com", "Atmósfera": 4.0}}}