{"restaurant": {"ta_link": "https://www.tripadvisor.es/Restaurant_Review-g187486-d15026814-Reviews-Bar_Taperia_Princesa-Albacete_Province_of_Albacete_Castile_La_Mancha.html", "name": "Bar Tapería Princesa", "data": {"claimed": false, "schedule": null, "score_overall": 3.0, "ranking": 201, "travellers_choice": false, "Comida": 3.5, "Servicio": 3.5, "Calidad/precio": 3.5, "type": ["Española"], "special_diets": ["Opciones vegetarianas"], "meals": ["Desayuno", "Comidas", "Cenas"], "advantages": ["Reservas"], "address": {"name": "Calle del Arquitecto Vandelvira 81, 02004 Albacete España", "link": "https://maps.google.com/maps?saddr=&daddr=Calle+del+Arquitecto+Vandelvira+81%2C+02004+Albacete+Espa%C3%B1a@38.991104,-1.866632"}, "webpage": "https://www.facebook.com/Bar-Taper%C3%ADa-Princesa-798999796847757/", "phone": "+34 967 61 04 08", "price": {"lower": 2.0, "upper": 15.0}, "email": "Pizzasricoli@gmail.com", "Atmósfera": 4.0}}}