{"restaurant": {"ta_link": "https://www.tripadvisor.es/Restaurant_Review-g187486-d11719935-Reviews-Hispano_Cafe_Bar-Albacete_Province_of_Albacete_Castile_La_Mancha.html", "name": "Hispano Cafe Bar", "data": {"claimed": false, "schedule": null, "score_overall": 3.0, "ranking": 115, "travellers_choice": false, "Comida": 3.5, "Servicio": 3.5, "Calidad/precio": 4.0, "type": ["Americana", "Española", "Mediterránea"], "special_diets": ["Opciones vegetarianas"], "meals": ["Desayuno", "Comidas", "Cenas"], "advantages": ["Servicio de mesa", "Reservas", "Capacidad", "Acceso para discapacitados"], "address": {"name": "Avenida de Espana 45, 02002 Albacete España", "link": "https://maps.google.com/maps?saddr=&daddr=Avenida+de+Espana+45%2C+02002+Albacete+Espa%C3%B1a@38.98406,-1.85359"}, "webpage": "https://www.facebook.com/HispanoCafeBar/", "phone": "+34 967 60 54 40", "price": {"lower": 6.0, "upper": 20.0}, "email": "dong.imaginalia@gmail.com", "Atmósfera": 4.0}}}