{"restaurant": {"ta_link": "https://www.tripadvisor.es/Restaurant_Review-g187486-d7734448-Reviews-Cafe_Chamonix-Albacete_Province_of_Albacete_Castile_La_Mancha.html", "name": "Café Chamonix", "data": {"claimed": false, "schedule": null, "score_overall": 4.0, "ranking": 122, "travellers_choice": false, "Comida": 4.5, "Servicio": 4.5, "Calidad/precio": 4.5, "type": ["Española", "Café"], "special_diets": ["Opciones sin gluten"], "meals": ["Desayuno", "Comidas", "Cenas", "Brunch"], "advantages": ["Reservas", "Capacidad", "Acceso para discapacitados", "Sirve alcohol", "Servicio de mesa", "Wifi gratuito", "Acepta tarjetas de crédito", "Estilo familiar"], "address": {"name": "Avenida Espana 20, 02002 Albacete España", "link": "https://maps.google.com/maps?saddr=&daddr=Avenida+Espana+20%2C+02002+Albacete+Espa%C3%B1a@38.98419,-1.85402"}, "webpage": "http://www.facebook.com/Ventepaka-315532782117017/", "phone": "+34 967 60 79 37", "price": {"lower": 25.0, "upper": 60.0}, "email": "j.a.gonzalez.1@live.com", "Atmósfera": 3.5}}}