{"restaurant": {"ta_link": "https://www.tripadvisor.es/Restaurant_Review-g187486-d7214712-Reviews-Restaurante_Los_Molinos-Albacete_Province_of_Albacete_Castile_La_Mancha.html", "name": "Calidad/precio", "data": {"claimed": true, "schedule": {"dom": ["12:00", "17:00"], "mar": ["12:00", "16:00"], "mié": ["12:00", "16:00", "20:00", "12:00"], "jue": ["12:00", "18:00", "20:00", "12:00"], "vie": ["12:00", "18:00", "20:00", "12:00"], "sáb": ["12:00", "18:00", "20:00", "12:00"]}, "score_overall": 4.0, "ranking": 2, "travellers_choice": false, "Comida": 3.5, "Servicio": 3.5, "Calidad/precio": 3.0, "type": ["Mediterránea", "Española", "Contemporánea"], "special_diets": ["Opciones vegetarianas"], "meals": ["Comidas", "Cenas"], "advantages": ["Reservas", "Capacidad", "Televisión", "Sirve alcohol", "Bar completo", "Acepta American Express", "Acepta Mastercard", "Acepta Visa", "Wifi gratuito", "Acepta tarjetas de crédito", "Servicio de mesa", "Para llevar", "Tronas disponibles"], "address": {"name": "Calle del Marques de Villores 16, 02003 Albacete España", "link": "https://maps.google.com/maps?saddr=&daddr=Calle+del+Marques+de+Villores+16%2C+02003+Albacete+Espa%C3%B1a@38.991776,-1.857252"}, "webpage": "http://www.restaurantelosmolinos.es/", "phone": "+34 967 23 14 52", "price": {"lower": 14.0, "upper": 50.0}, "email": "reservas@rincongallego.es", "Atmósfera": 3.5}}}