{"restaurant": {"ta_link": "https://www.tripadvisor.es/Restaurant_Review-g187486-d6370144-Reviews-Casa_Juan-Albacete_Province_of_Albacete_Castile_La_Mancha.html", "name": "Calidad/precio", "data": {"claimed": false, "schedule": null, "score_overall": 4.0, "ranking": 91, "travellers_choice": false, "Comida": 4.5, "Servicio": 4.0, "Calidad/precio": 4.5, "type": ["Española"], "special_diets": ["Opciones veganas"], "meals": ["Cenas"], "advantages": ["Servicio de mesa", "Capacidad"], "address": {"name": "Calle Nueva, 30, Albacete España", "link": "https://maps.google.com/maps?saddr=&daddr=Calle+Nueva%2C+30%2C+Albacete+Espa%C3%B1a@38.86805,-1.92483"}, "webpage": "http://www.taperiajoseluis.com/", "phone": "+34 967 19 30 79", "price": {"lower": 10.0, "upper": 30.0}, "email": "albacete@monumentalrestaurant.com", "Atmósfera": 3.5}}}