{"restaurant": {"ta_link": "https://www.tripadvisor.es/Restaurant_Review-g187486-d13073999-Reviews-Faustinos-Albacete_Province_of_Albacete_Castile_La_Mancha.html", "name": "Faustinos", "data": {"claimed": false, "schedule": null, "score_overall": 4.0, "ranking": 11, "travellers_choice": false, "Comida": 3.5, "Servicio": 3.5, "Calidad/precio": 4.0, "type": ["Bar", "Café", "Española", "Comedor", "Mediterránea"], "special_diets": ["Opciones sin gluten"], "meals": ["Comidas"], "advantages": ["Reservas"], "address": {"name": "Calle de Pablo Medina 12, 02005 Albacete España", "link": "https://maps.google.com/maps?saddr=&daddr=Calle+de+Pablo+Medina+12%2C+02005+Albacete+Espa%C3%B1a@38.99695,-1.85522"}, "webpage": "https://www.facebook.com/cafecentralalbacete/", "phone": "+34 967 21 89 21", "price": {"lower": 25.0, "upper": 60.0}, "email": "neerupahwa89@yahoo.com", "Atmósfera": 3.5}}}