{"restaurant": {"ta_link": "https://www.tripadvisor.es/Restaurant_Review-g187486-d8719953-Reviews-La_Luna-Albacete_Province_of_Albacete_Castile_La_Mancha.html", "name": "La Luna", "data": {"claimed": false, "schedule": {"dom": ["12:30", "01:30"], "lun": ["12:30", "01:30"], "mar": ["12:30", "01:30"], "mié": ["12:30", "01:30"], "jue": ["12:30", "01:30"], "vie": ["12:30", "02:30"], "sáb": ["12:30", "02:30"]}, "score_overall": 4.0, "ranking": 118, "travellers_choice": false, "Comida": 3.5, "Servicio": 3.0, "Calidad/precio": 3.0, "type": ["Mediterránea", "Española"], "special_diets": ["Opciones vegetarianas", "Opciones veganas"], "meals": ["Comidas", "Cenas"], "advantages": ["Reservas", "Capacidad", "Acceso para discapacitados", "Sirve alcohol", "Servicio de mesa"], "address": {"name": "Calle Concepción 30, 02002 Albacete España", "link": "https://maps.google.com/maps?saddr=&daddr=Calle+Concepci%C3%B3n+30%2C+02002+Albacete+Espa%C3%B1a@38.99365,-1.85406"}, "webpage": "http://www.facebook.com/LaLunaAlbacete/", "phone": "+34 967 04 73 49", "price": {"lower": 10.0, "upper": 30.0}, "email": "restaurantelafalla@gmail.com", "Atmósfera": 4.0}}}