{"restaurant": {"ta_link": "https://www.tripadvisor.es/Restaurant_Review-g187486-d8058527-Reviews-La_Mediterranea-Albacete_Province_of_Albacete_Castile_La_Mancha.html", "name": "Calidad/precio", "data": {"claimed": false, "schedule": null, "score_overall": 4.5, "ranking": 31, "travellers_choice": false, "Comida": 4.5, "Servicio": 4.5, "Calidad/precio": 4.5, "type": ["Marroquí", "Mediterránea", "De Oriente Medio"], "special_diets": ["Opciones vegetarianas", "Opciones veganas"], "meals": ["Desayuno", "Comidas", "Cenas"], "advantages": ["Para llevar", "Reservas", "Acceso para discapacitados", "Servicio de mesa", "Capacidad"], "address": {"name": "Calle Feria 6, 02005 Albacete España", "link": "https://maps.google.com/maps?saddr=&daddr=Calle+Feria+6%2C+02005+Albacete+Espa%C3%B1a@38.99582,-1.85861"}, "webpage": "http://www.lamediterranea1.blogspot.in/", "phone": "+34 967 61 49 62", "price": {"lower": 10.0, "upper": 40.0}, "email": "pastelerialamediterranea@gmail.com", "Atmósfera": 4.0}}}