{"restaurant": {"ta_link": "https://www.tripadvisor.es/Restaurant_Review-g187486-d985926-Reviews-Restaurante_La_Alacena-Albacete_Province_of_Albacete_Castile_La_Mancha.html", "name": "Servicio", "data": {"claimed": true, "schedule": {"dom": ["08:00", "12:00"], "lun": ["07:00", "12:00"], "mar": ["07:00", "12:00"], "mié": ["07:00", "12:00"], "jue": ["07:00", "12:00"], "vie": ["07:00", "12:00"], "sáb": ["08:00", "12:00"]}, "score_overall": 4.0, "ranking": 110, "travellers_choice": false, "Comida": 4.0, "Servicio": 4.0, "Calidad/precio": 3.5, "type": ["Española"], "special_diets": ["Opciones vegetarianas", "Opciones veganas"], "meals": ["Desayuno", "Comidas", "Cenas"], "advantages": ["Reservas", "Acceso para discapacitados", "Para llevar", "Capacidad", "Servicio de mesa"], "address": {"name": "Calle LAUREL, 5, 02008 Albacete España", "link": "https://maps.google.com/maps?saddr=&daddr=Calle+LAUREL%2C+5%2C+02008+Albacete+Espa%C3%B1a@38.985546,-1.845378"}, "webpage": "https://restaurantelaalacena.negocio.site/", "phone": "+34 967 24 49 69", "price": {"lower": 10.0, "upper": 30.0}, "email": "laalacenaalbacete@gmail.com", "Atmósfera": 4.0}}}