{"restaurant": {"ta_link": "https://www.tripadvisor.es/Restaurant_Review-g187486-d13486025-Reviews-Wok_Express-Albacete_Province_of_Albacete_Castile_La_Mancha.html", "name": "Wok Express", "data": {"claimed": false, "schedule": null, "score_overall": 3.0, "ranking": 8, "travellers_choice": false, "Comida": 3.5, "Servicio": 3.5, "Calidad/precio": 3.0, "type": ["Asiática"], "special_diets": ["Opciones vegetarianas"], "meals": ["Desayuno", "Comidas", "Cenas", "Brunch", "Abierto hasta tarde", "Bebidas"], "advantages": ["Reservas", "Servicio de mesa", "Para llevar", "Terraza exterior", "Aparcamiento disponible", "Aparcamiento en la calle", "Estacionamiento gratuito en la calle", "Televisión", "Acceso para discapacitados", "Sirve alcohol", "Bar completo", "Vino y cerveza", "Acepta tarjetas de crédito"], "address": {"name": "Calle Gaona 5, 02001 Albacete España", "link": "https://maps.google.com/maps?saddr=&daddr=Calle+Gaona+5%2C+02001+Albacete+Espa%C3%B1a@38.99374,-1.85375"}, "webpage": "http://www.batiburrillobar.es/", "phone": "+34 967 27 39 27", "price": {"lower": 3.0, "upper": 25.0}, "email": "info@batiburrillobar.es", "Atmósfera": 4.0}}}