{"restaurant": {"ta_link": "https://www.tripadvisor.es/Restaurant_Review-g187486-d1443972-Reviews-Restaurante_Venta_Las_Perdices-Albacete_Province_of_Albacete_Castile_La_Mancha.html", "name": "Calidad/precio", "data": {"claimed": false, "schedule": {"dom": ["06:00", "23:59"], "lun": ["06:00", "23:59"], "mar": ["06:00", "23:59"], "mié": ["06:00", "23:59"], "jue": ["06:00", "23:59"], "vie": ["06:00", "23:59"], "sáb": ["06:00", "23:59"]}, "score_overall": 2.0, "ranking": 235, "travellers_choice": false, "Comida": 3.0, "Servicio": 3.0, "Calidad/precio": 3.0, "type": ["Española"], "special_diets": ["Opciones vegetarianas"], "meals": ["Desayuno", "Cenas"], "advantages": ["Capacidad", "Acceso para discapacitados"], "address": {"name": "Carretera de Jaén km 345, 02006 Albacete España", "link": "https://maps.google.com/maps?saddr=&daddr=Carretera+de+Ja%C3%A9n+km+345%2C+02006+Albacete+Espa%C3%B1a@38.995815,-1.873586"}, "webpage": "http://www.ventalasperdices.com/", "phone": "+34 967 58 00 92", "price": {"lower": 3.0, "upper": 8.0}, "email": "ventalasperdices@hotmail.com", "Atmósfera": 3.5}}}