{"restaurant": {"ta_link": "https://www.tripadvisor.es/Restaurant_Review-g187486-d10130586-Reviews-Vadepizza_Albacete-Albacete_Province_of_Albacete_Castile_La_Mancha.html", "name": "Vadepizza", "data": {"claimed": false, "schedule": {"dom": ["13:00", "16:30", "19:00", "12:30"], "lun": ["13:00", "15:30", "19:00", "23:30"], "mar": ["13:00", "15:30", "19:00", "23:30"], "mié": ["13:00", "15:30", "19:00", "23:30"], "jue": ["13:00", "15:30", "19:00", "23:30"], "vie": ["13:00", "15:30", "19:00", "23:30"], "sáb": ["13:00", "16:30", "19:00", "12:30"]}, "score_overall": 2.5, "ranking": 13, "travellers_choice": false, "Comida": 4.0, "Servicio": 3.5, "Calidad/precio": 4.0, "type": ["Pizza", "Italiana"], "special_diets": ["Opciones sin gluten"], "meals": ["Comidas", "Cenas"], "advantages": ["Acceso para discapacitados", "Reservas", "Capacidad", "Sirve alcohol", "Servicio de mesa"], "address": {"name": "Calle Arquitecto Vandelvira, 4, 02003 Albacete España", "link": "https://maps.google.com/maps?saddr=&daddr=Calle+Arquitecto+Vandelvira%2C+4%2C+02003+Albacete+Espa%C3%B1a@38.98676,-1.85955"}, "webpage": "http://www.vadepizzaalbacete.com/", "phone": "+34 967 11 17 00", "price": {"lower": 6.0, "upper": 12.0}, "email": "vadepizzaab@gmail.com", "Atmósfera": 4.0}}}