{"restaurant": {"ta_link": "https://www.tripadvisor.es/Restaurant_Review-g187486-d16830003-Reviews-Pollos_Asados_Honrubia-Albacete_Province_of_Albacete_Castile_La_Mancha.html", "name": "Pollos Asados Honrubia", "data": {"claimed": false, "schedule": {"dom": ["10:30", "15:30"], "lun": ["10:30", "15:30"], "mar": ["10:30", "15:30"], "mié": ["10:30", "15:30"], "jue": ["10:30", "15:30"], "vie": ["10:30", "15:30"], "sáb": ["10:30", "15:30"]}, "score_overall": 5.0, "ranking": 229, "travellers_choice": false, "Comida": 3.5, "Servicio": 3.5, "Calidad/precio": 3.5, "type": ["Española"], "special_diets": ["Opciones vegetarianas", "Opciones veganas"], "meals": ["Comidas"], "advantages": ["Para llevar", "Acceso para discapacitados", "Capacidad"], "address": {"name": "Calle de María Marín, 38 BAJO, 02003 Albacete España", "link": "https://maps.google.com/maps?saddr=&daddr=Calle+de+Mar%C3%ADa+Mar%C3%ADn%2C+38+BAJO%2C+02003+Albacete+Espa%C3%B1a@38.989464,-1.862786"}, "webpage": "http://pollosasadoshonrubia.es/", "phone": "+34 967 22 98 32", "price": {"lower": 15.0, "upper": 30.0}, "email": "polloshonrubia@gmail.com", "Atmósfera": 4.0}}}