{"restaurant": {"ta_link": "https://www.tripadvisor.es/Restaurant_Review-g187486-d8124626-Reviews-Taperia_de_Jose_Luis-Albacete_Province_of_Albacete_Castile_La_Mancha.html", "name": "Calidad/precio", "data": {"claimed": false, "schedule": null, "score_overall": 3.5, "ranking": 90, "travellers_choice": false, "Comida": 4.0, "Servicio": 3.5, "Calidad/precio": 3.5, "type": ["Española"], "special_diets": ["Opciones veganas"], "meals": ["Cenas", "Comidas"], "advantages": ["Reservas", "Capacidad", "Acceso para discapacitados", "Sirve alcohol", "Servicio de mesa"], "address": {"name": "Calle Cura 5, 02001 Albacete España", "link": "https://maps.google.com/maps?saddr=&daddr=Calle+Cura+5%2C+02001+Albacete+Espa%C3%B1a@38.99548,-1.85699"}, "webpage": "http://www.taperiajoseluis.com/", "phone": "+34 967 19 30 79", "price": {"lower": 10.0, "upper": 30.0}, "email": "albacete@monumentalrestaurant.com", "Atmósfera": 3.5}}}