{"restaurant": {"ta_link": "https://www.tripadvisor.es/Restaurant_Review-g187486-d10675604-Reviews-Rincon_de_Chicharro-Albacete_Province_of_Albacete_Castile_La_Mancha.html", "name": "Calidad/precio", "data": {"claimed": false, "schedule": null, "score_overall": 3.5, "ranking": 85, "travellers_choice": false, "Comida": 3.5, "Servicio": 3.5, "Calidad/precio": 3.0, "type": ["Mediterránea", "Española"], "special_diets": ["Opciones vegetarianas"], "meals": ["Desayuno"], "advantages": ["Reservas", "Capacidad", "Acceso para discapacitados", "Servicio de mesa", "Sirve alcohol"], "address": {"name": "Avenida del Arquitecto Julio Carriler 9, 02005 Albacete España", "link": "https://maps.google.com/maps?saddr=&daddr=Avenida+del+Arquitecto+Julio+Carriler+9%2C+02005+Albacete+Espa%C3%B1a@38.999428,-1.862866"}, "webpage": "http://www.facebook.com/rincondechicharro/", "phone": "+34 600 65 12 88", "price": {"lower": 25.0, "upper": 60.0}, "email": "sonyarodenas@gmail.com", "Atmósfera": 3.5}}}