{"restaurant": {"ta_link": "https://www.tripadvisor.es/Restaurant_Review-g187486-d11444128-Reviews-La_Tentacion_Bar-Albacete_Province_of_Albacete_Castile_La_Mancha.html", "name": "Calidad/precio", "data": {"claimed": false, "schedule": null, "score_overall": 4.0, "ranking": 89, "travellers_choice": false, "Comida": 3.5, "Servicio": 3.5, "Calidad/precio": 3.5, "type": ["Española"], "special_diets": ["Opciones veganas"], "meals": ["Cenas"], "advantages": ["Reservas", "Capacidad", "Acceso para discapacitados"], "address": {"name": "Calle Hermanos Grimm 5, 02005 Albacete España", "link": "https://maps.google.com/maps?saddr=&daddr=Calle+Hermanos+Grimm+5%2C+02005+Albacete+Espa%C3%B1a@39.005814,-1.87571"}, "webpage": "https://www.facebook.com/latentacionbarab/", "phone": "+34 678 08 49 37", "price": {"lower": 10.0, "upper": 30.0}, "email": "albacete@monumentalrestaurant.com", "Atmósfera": 3.5}}}