{"restaurant": {"ta_link": "https://www.tripadvisor.es/Restaurant_Review-g187486-d5487039-Reviews-Telepizza-Albacete_Province_of_Albacete_Castile_La_Mancha.html", "name": "Telepizza", "data": {"claimed": false, "schedule": null, "score_overall": 1.5, "ranking": 11, "travellers_choice": false, "Comida": 3.0, "Servicio": 3.0, "Calidad/precio": 3.5, "type": ["Pizza"], "special_diets": ["Opciones sin gluten"], "meals": ["Comidas", "Cenas"], "advantages": ["A domicilio", "Para llevar", "Capacidad", "Acceso para discapacitados", "Sirve alcohol", "Servicio de mesa"], "address": {"name": "ISABEL LA CATOLICA 28 - 30, 02005 Albacete España", "link": "https://maps.google.com/maps?saddr=&daddr=ISABEL+LA+CATOLICA+28+-+30%2C+02005+Albacete+Espa%C3%B1a@38.99888,-1.8595"}, "webpage": "http://www.telepizza.es/", "phone": "+34 967 52 26 30", "price": {"lower": 6.0, "upper": 12.0}, "email": "dong.albacenter@gmail.com", "Atmósfera": 4.0}}}