{"restaurant": {"ta_link": "https://www.tripadvisor.es/Restaurant_Review-g187486-d12494000-Reviews-Huerto_del_Ruisenor-Albacete_Province_of_Albacete_Castile_La_Mancha.html", "name": "Calidad/precio", "data": {"claimed": false, "schedule": {"dom": ["10:30", "02:00"], "lun": ["10:30", "02:00"], "mar": ["10:30", "02:00"], "mié": ["10:30", "02:00"], "jue": ["10:30", "02:00"], "vie": ["10:30", "02:00"], "sáb": ["10:30", "02:00"]}, "score_overall": 3.0, "ranking": 206, "travellers_choice": false, "Comida": 3.0, "Servicio": 4.0, "Calidad/precio": 4.0, "type": ["Española"], "special_diets": ["Opciones vegetarianas"], "meals": ["Comidas", "Cenas"], "advantages": ["Capacidad", "Acceso para discapacitados", "Servicio de mesa"], "address": {"name": "Paseo Feria, 02005 Albacete España", "link": "https://maps.google.com/maps?saddr=&daddr=Paseo+Feria%2C+02005+Albacete+Espa%C3%B1a@38.996815,-1.865229"}, "webpage": "http://es-es.facebook.com/merendero.huertodelruisenor/", "phone": "+34 967 50 71 98", "price": {"lower": 3.0, "upper": 10.0}, "email": "info@panariapanaderias.es", "Atmósfera": 4.0}}}