{"restaurant": {"ta_link": "https://www.tripadvisor.es/Restaurant_Review-g187486-d12303115-Reviews-La_Casita_Roldan-Albacete_Province_of_Albacete_Castile_La_Mancha.html", "name": "Servicio", "data": {"claimed": false, "schedule": {"dom": ["09:00", "23:45"], "mar": ["09:00", "23:45"], "mié": ["09:00", "23:45"], "jue": ["09:00", "23:45"], "vie": ["09:00", "23:45"], "sáb": ["09:00", "23:45"]}, "score_overall": 3.5, "ranking": 99, "travellers_choice": false, "Comida": 3.5, "Servicio": 4.0, "Calidad/precio": 3.5, "type": ["Española", "Mediterránea"], "special_diets": ["Opciones vegetarianas", "Opciones veganas"], "meals": ["Desayuno", "Comidas", "Cenas"], "advantages": ["Servicio de mesa", "Reservas", "Capacidad", "Acceso para discapacitados"], "address": {"name": "Carretera de Alicante-Valencia, km 1, 02008 Albacete España", "link": "https://maps.google.com/maps?saddr=&daddr=Carretera+de+Alicante-Valencia%2C+km+1%2C+02008+Albacete+Espa%C3%B1a@38.98926,-1.8484"}, "webpage": "http://pizzeria-angela.webnode.es/", "phone": "+34 967 24 33 76", "price": {"lower": 5.0, "upper": 9.0}, "email": "flecha198038@gmail.com", "Atmósfera": 4.0}}}