{"restaurant": {"ta_link": "https://www.tripadvisor.es/Restaurant_Review-g187486-d12059364-Reviews-Ali_Baba_y_Sus_40_Sabores-Albacete_Province_of_Albacete_Castile_La_Mancha.html", "name": "Ali Baba y Sus 40 Sabores", "data": {"symbol": null, "claimed": false, "schedule": null, "score_overall": 4.5, "ranking": 212, "travellers_choice": false, "score_food": null, "score_service": null, "score_price_quality": null, "score_atmosphere": null, "price": null, "type": null, "special_diets": null, "meals": null, "advantages": null, "address": {"name": "Calle Hermanos Jimenez 3, 02004 Albacete España", "link": "https://maps.google.com/maps?saddr=&daddr=Calle+Hermanos+Jimenez+3%2C+02004+Albacete+Espa%C3%B1a@38.996,-1.86737"}, "webpage": "http://www.alibabaysus40saboresalbacete.com/", "email": null, "phone": null}}}