{"restaurant": {"ta_link": "https://www.tripadvisor.es/Restaurant_Review-g187486-d23711453-Reviews-Angel_Huertas_Ortiz-Albacete_Province_of_Albacete_Castile_La_Mancha.html", "name": "ANGEL HUERTAS ORTIZ", "data": {"symbol": null, "claimed": false, "schedule": null, "score_overall": null, "ranking": null, "travellers_choice": false, "score_food": null, "score_service": null, "score_price_quality": null, "score_atmosphere": null, "price": null, "type": null, "special_diets": null, "meals": null, "advantages": null, "address": {"name": "Calle ORENSE, 24, 02005 Albacete España", "link": "https://maps.google.com/maps?saddr=&daddr=Calle+ORENSE%2C+24%2C+02005+Albacete+Espa%C3%B1a@38.999874,-1.86761"}, "webpage": null, "email": "dopitotaso@hotmail.es", "phone": "+34 670 62 50 30"}}}