{"restaurant": {"ta_link": "https://www.tripadvisor.es/Restaurant_Review-g187486-d10310614-Reviews-Antiquary-Albacete_Province_of_Albacete_Castile_La_Mancha.html", "name": "Antiquary", "data": {"symbol": null, "claimed": false, "schedule": null, "score_overall": 3.0, "ranking": 195, "travellers_choice": false, "score_food": 3.5, "score_service": 3.0, "score_price_quality": 3.5, "price": {"lower": 9.0, "upper": 28.0}, "type": ["Española"], "special_diets": ["Opciones sin gluten"], "meals": ["Abierto hasta tarde", "Bebidas", "Desayuno", "Comidas", "Cenas", "Brunch"], "advantages": ["Reservas", "Capacidad", "Acceso para discapacitados", "Sirve alcohol", "Bar completo", "Servicio de mesa"], "address": {"name": "Calle Carnicerias s/n, 02001 Albacete España", "link": "https://maps.google.com/maps?saddr=&daddr=Calle+Carnicerias+s%2Fn%2C+02001+Albacete+Espa%C3%B1a@38.98692,-1.85347"}, "webpage": "http://www.restaurantesoho.com/", "email": "gestion@cafebarjanet.es", "phone": "+34 967 22 42 19", "score_atmosphere": 4.0}}}