{"restaurant": {"ta_link": "https://www.tripadvisor.es/Restaurant_Review-g187486-d13129832-Reviews-Antiguo_Labrador-Albacete_Province_of_Albacete_Castile_La_Mancha.html", "name": "Antiguo Labrador", "data": {"symbol": "€€ - €€€", "claimed": true, "schedule": {"dom": ["07:15", "18:00"], "lun": ["07:15", "17:30"], "mar": ["07:15", "17:30"], "mié": ["07:15", "17:30"], "jue": ["07:15", "17:30"], "vie": ["07:15", "17:30", "19:30", "00:00"], "sáb": ["07:15", "00:00"]}, "score_overall": 3.5, "ranking": 119, "travellers_choice": false, "score_food": 3.0, "score_service": 3.0, "score_price_quality": 3.5, "price": {"lower": 4.0, "upper": 20.0}, "type": ["Española"], "special_diets": ["Opciones sin gluten"], "meals": ["Desayuno", "Comidas", "Cenas"], "advantages": ["Reservas"], "address": {"name": "Calle Las Madrigueras 6, 02049 Albacete España", "link": "https://maps.google.com/maps?saddr=&daddr=Calle+Las+Madrigueras+6%2C+02049+Albacete+Espa%C3%B1a@38.919548,-1.920181"}, "webpage": "http://www.antiguolabrador.com/", "email": "restaurante.antiguolabrador@gmail.com", "phone": "+34 967 27 33 55", "score_atmosphere": 4.0}}}