{"restaurant": {"ta_link": "https://www.tripadvisor.es/Restaurant_Review-g187486-d8764708-Reviews-Arazana-Albacete_Province_of_Albacete_Castile_La_Mancha.html", "name": "Arazana Restaurante", "data": {"symbol": "€€ - €€€", "claimed": false, "schedule": {"lun": ["09:00", "17:00"], "mar": ["09:00", "17:00", "20:30", "00:00"], "mié": ["09:00", "17:00", "20:30", "00:00"], "jue": ["09:00", "17:00", "20:30", "00:00"], "vie": ["09:00", "17:30", "20:30", "01:30"], "sáb": ["09:00", "17:30", "20:30", "01:30"]}, "score_overall": 3.5, "ranking": 135, "travellers_choice": false, "score_food": 3.5, "score_service": 4.0, "score_price_quality": 3.5, "price": {"lower": 4.0, "upper": 9.0}, "type": ["Mediterránea", "Española"], "special_diets": ["Opciones veganas"], "meals": ["Desayuno", "Comidas", "Cenas"], "advantages": ["Reservas", "Capacidad", "Acceso para discapacitados", "Sirve alcohol", "Servicio de mesa"], "address": {"name": "Avenida ISABEL LA CATOLICA, 1 BAJO A, 02005 Albacete España", "link": "https://maps.google.com/maps?saddr=&daddr=Avenida+ISABEL+LA+CATOLICA%2C+1+BAJO+A%2C+02005+Albacete+Espa%C3%B1a@38.997322,-1.857331"}, "webpage": "http://www.restaurantearazana.es/", "email": "sonivero@icoud.com", "phone": "+34 967 60 69 98", "score_atmosphere": 4.0}}}