{"restaurant": {"ta_link": "https://www.tripadvisor.es/Restaurant_Review-g187486-d23628062-Reviews-Area_De_Servicio_EL_Tolmo_S_L-Albacete_Province_of_Albacete_Castile_La_Mancha.html", "name": "Area De Servicio EL Tolmo S.L", "data": {"symbol": null, "claimed": false, "schedule": null, "score_overall": null, "ranking": null, "travellers_choice": false, "score_food": null, "score_service": null, "score_price_quality": null, "score_atmosphere": null, "price": null, "type": null, "special_diets": null, "meals": null, "advantages": null, "address": {"name": "Calle MESONES, 13 3º B, 02400 Albacete España", "link": "https://maps.google.com/maps?saddr=&daddr=Calle+MESONES%2C+13+3%C2%BA+B%2C+02400+Albacete+Espa%C3%B1a@38.51132,-1.700683"}, "webpage": "http://ventapascual.es/", "email": "javimartinezhellin@gmail.com", "phone": "+34 667 68 02 94"}}}