{"restaurant": {"ta_link": "https://www.tripadvisor.es/Restaurant_Review-g187486-d6840656-Reviews-Arroceria_vinoteca_labodeguilla_del_maquinilla-Albacete_Province_of_Albacete_Cast.html", "name": "Arroceria vinoteca labodeguilla del maquinilla", "data": {"symbol": "€€ - €€€", "claimed": false, "schedule": {"dom": ["10:00", "16:00", "19:00", "00:00"], "lun": ["11:00", "16:00"], "mar": ["11:00", "16:00"], "jue": ["10:00", "16:00", "19:00", "00:00"], "vie": ["10:00", "16:00", "19:00", "00:00"], "sáb": ["10:00", "16:00", "19:00", "00:00"]}, "score_overall": 3.5, "ranking": 52, "travellers_choice": false, "score_food": 4.0, "score_service": 4.0, "score_price_quality": 4.0, "price": {"lower": 10.0, "upper": 15.0}, "type": ["Española"], "special_diets": ["Opciones vegetarianas"], "meals": ["Comidas", "Cenas"], "advantages": ["Reservas", "Acceso para discapacitados", "Servicio de mesa", "Capacidad", "Sirve alcohol"], "address": {"name": "Calle de la Feria,137 Albacete, 02004 Albacete España", "link": "https://maps.google.com/maps?saddr=&daddr=Calle+de+la+Feria%2C137+Albacete%2C+02004+Albacete+Espa%C3%B1a@38.995975,-1.868919"}, "webpage": "http://labodeguilladelmaquinilla.com/", "email": "filo@elfilodelanavaja.com", "phone": "+34 967 04 91 09", "score_atmosphere": 4.5}}}