{"restaurant": {"ta_link": "https://www.tripadvisor.es/Restaurant_Review-g187486-d7717237-Reviews-Asador_Feria-Albacete_Province_of_Albacete_Castile_La_Mancha.html", "name": "Asador Feria", "data": {"symbol": null, "claimed": false, "schedule": null, "score_overall": 3.5, "ranking": 180, "travellers_choice": false, "score_food": 4.0, "score_service": 4.0, "score_price_quality": 4.0, "price": {"lower": 10.0, "upper": 30.0}, "type": ["Española"], "special_diets": ["Opciones vegetarianas", "Opciones veganas"], "meals": ["Desayuno", "Comidas", "Cenas", "Abierto hasta tarde", "Bebidas"], "advantages": ["Para llevar", "Reservas", "Acepta tarjetas de crédito"], "address": {"name": "Calle Feria 127, 02004 Albacete España", "link": "https://maps.google.com/maps?saddr=&daddr=Calle+Feria+127%2C+02004+Albacete+Espa%C3%B1a@38.996204,-1.867901"}, "webpage": "http://www.laboticahomecafe.es/", "email": "info@laboticahomecafe.es", "phone": "+34 967 21 84 05", "score_atmosphere": 4.0}}}