{"restaurant": {"ta_link": "https://www.tripadvisor.es/Restaurant_Review-g187486-d2471280-Reviews-Azabache-Albacete_Province_of_Albacete_Castile_La_Mancha.html", "name": "Azabache", "data": {"symbol": "€€ - €€€", "claimed": true, "schedule": null, "score_overall": 4.0, "ranking": 17, "travellers_choice": false, "score_food": 4.0, "score_service": 4.5, "score_price_quality": 3.5, "price": {"lower": 14.0, "upper": 24.0}, "type": ["Mediterránea", "Española", "Saludable"], "special_diets": ["Opciones vegetarianas", "Opciones sin gluten"], "meals": ["Comidas", "Cenas"], "advantages": ["A domicilio", "Para llevar", "Reservas", "Capacidad", "Acceso para discapacitados", "Sirve alcohol", "Bar completo", "Servicio de mesa"], "address": {"name": "Calle Iris 42, 02005 Albacete España", "link": "https://maps.google.com/maps?saddr=&daddr=Calle+Iris+42%2C+02005+Albacete+Espa%C3%B1a@38.997894,-1.857621"}, "webpage": "http://www.azabachealbacete.com/", "email": "restauranteoleana@gmail.com", "phone": "+34 967 19 10 60", "score_atmosphere": 4.5}}}