{"restaurant": {"ta_link": "https://www.tripadvisor.es/Restaurant_Review-g187486-d25285306-Reviews-Bar_Avion_1-Albacete_Province_of_Albacete_Castile_La_Mancha.html", "name": "Bar Avión 1", "data": {"symbol": null, "claimed": false, "schedule": null, "score_overall": null, "ranking": null, "travellers_choice": false, "score_food": 2.5, "score_service": 1.5, "score_price_quality": 1.5, "price": {"lower": 3.0, "upper": 10.0}, "type": ["Española"], "special_diets": ["Opciones vegetarianas"], "meals": ["Cenas"], "advantages": ["Aparcamiento disponible", "Vino y cerveza", "Acepta tarjetas de crédito", "Servicio de mesa"], "address": {"name": "Calle Albarderos, 16 16, 02004 Albacete España", "link": "https://maps.google.com/maps?saddr=&daddr=Calle+Albarderos%2C+16+16%2C+02004+Albacete+Espa%C3%B1a@38.9952,-1.859462"}, "webpage": "http://baravion.es/", "email": "baravion@gmail.com", "phone": "+34 673 29 46 63", "score_atmosphere": 3.5}}}