{"restaurant": {"ta_link": "https://www.tripadvisor.es/Restaurant_Review-g15232907-d15029858-Reviews-Bar_Casa_Juan-Fuente_Higuera_Albacete_Province_of_Albacete_Castile_La_Mancha.html", "name": "Bar Casa Juan", "data": {"symbol": "€€ - €€€", "claimed": false, "schedule": null, "score_overall": 4.5, "ranking": 1, "travellers_choice": false, "score_food": 4.0, "score_service": 4.5, "score_price_quality": 4.5, "price": {"lower": 5.0, "upper": 25.0}, "type": ["Restaurante de carne"], "special_diets": ["Opciones vegetarianas"], "meals": ["Comidas", "Desayuno", "Cenas", "Brunch"], "advantages": ["Reservas"], "address": {"name": "02449 Albacete España", "link": "https://maps.google.com/maps?saddr=&daddr=02449+Albacete+Espa%C3%B1a@38.49603,-2.245929"}, "webpage": "http://www.elbadil.es/", "email": "eudlf1983@hotmail.com", "phone": "+34 967 43 32 00", "score_atmosphere": 4.0}}}