{"restaurant": {"ta_link": "https://www.tripadvisor.es/Restaurant_Review-g187486-d5587788-Reviews-Bendix-Albacete_Province_of_Albacete_Castile_La_Mancha.html", "name": "Bendix", "data": {"symbol": "€", "claimed": false, "schedule": null, "score_overall": 4.0, "ranking": 117, "travellers_choice": false, "score_food": 3.5, "score_service": 4.0, "score_price_quality": 3.5, "price": {"lower": 11.0, "upper": 41.0}, "type": ["Mediterránea", "Española", "Bar"], "special_diets": ["Opciones vegetarianas"], "meals": ["Desayuno"], "advantages": ["Reservas", "Capacidad", "Acceso para discapacitados", "Servicio de mesa"], "address": {"name": "Avenida Cronista Mateos y Sotos 26, 02005 Albacete España", "link": "https://maps.google.com/maps?saddr=&daddr=Avenida+Cronista+Mateos+y+Sotos+26%2C+02005+Albacete+Espa%C3%B1a@39.00429,-1.86186"}, "webpage": "http://agrutinte.es/", "email": "lutobimo0@gmail.com", "phone": "+34 967 03 69 28", "score_atmosphere": 4.0}}}