{"restaurant": {"ta_link": "https://www.tripadvisor.es/Restaurant_Review-g187486-d3678486-Reviews-Bocateria-Albacete_Province_of_Albacete_Castile_La_Mancha.html", "name": "Bocateria", "data": {"symbol": "€", "claimed": true, "schedule": {"dom": ["13:30", "23:00"], "lun": ["09:30", "23:00"], "mar": ["09:30", "23:00"], "mié": ["09:30", "23:00"], "jue": ["09:30", "23:00"], "vie": ["09:30", "23:00"], "sáb": ["09:30", "20:00"]}, "score_overall": 4.0, "ranking": 6, "travellers_choice": false, "score_food": 4.0, "score_service": 3.5, "score_price_quality": 3.5, "price": {"lower": 4.0, "upper": 9.0}, "type": ["Española", "Comida rápida"], "special_diets": ["Opciones vegetarianas", "Opciones veganas"], "meals": ["Desayuno", "Comidas", "Cenas", "Brunch", "Bebidas"], "advantages": ["Para llevar", "Terraza exterior", "Aparcamiento en la calle", "Estacionamiento gratuito en la calle", "Acepta American Express", "Acepta Mastercard", "Acepta Visa", "Acepta tarjetas de crédito", "Estilo familiar"], "address": {"name": "Autovia A31 salida 65 Urbanizacion el Trigall, 02006 Albacete España", "link": "https://maps.google.com/maps?saddr=&daddr=Autovia+A31+salida+65+Urbanizacion+el+Trigall%2C+02006+Albacete+Espa%C3%B1a@39.059887,-1.933611"}, "webpage": "http://bocateria-rapido-barato.negocio.site/", "email": "arecarslu@hotmail.com", "phone": "+34 633 92 15 63", "score_atmosphere": 4.0}}}