{"restaurant": {"ta_link": "https://www.tripadvisor.es/Restaurant_Review-g187486-d999057-Reviews-Bombo-Albacete_Province_of_Albacete_Castile_La_Mancha.html", "name": "Bombo", "data": {"symbol": null, "claimed": false, "schedule": null, "score_overall": null, "ranking": null, "travellers_choice": false, "score_food": null, "score_service": null, "score_price_quality": null, "score_atmosphere": null, "price": null, "type": null, "special_diets": null, "meals": null, "advantages": null, "address": {"name": "Calle, 02006 Albacete España", "link": "https://maps.google.com/maps?saddr=&daddr=Calle%2C+02006+Albacete+Espa%C3%B1a@38.99304,-1.85643"}, "webpage": null, "email": null, "phone": "+34 967 24 00 80"}}}