{"restaurant": {"ta_link": "https://www.tripadvisor.es/Restaurant_Review-g187486-d999058-Reviews-Burguer_King-Albacete_Province_of_Albacete_Castile_La_Mancha.html", "name": "Burguer King", "data": {"symbol": "€", "claimed": false, "schedule": null, "score_overall": 2.5, "ranking": 18, "travellers_choice": false, "score_food": 2.0, "score_service": 2.0, "score_price_quality": 2.5, "score_atmosphere": null, "price": {"lower": 3.0, "upper": 15.0}, "type": ["Americana", "Comida rápida"], "special_diets": ["Opciones vegetarianas"], "meals": ["Desayuno", "Cenas"], "advantages": ["Para llevar", "Acceso para discapacitados"], "address": {"name": "Calle Tejares 11, 02002 Albacete España", "link": "https://maps.google.com/maps?saddr=&daddr=Calle+Tejares+11%2C+02002+Albacete+Espa%C3%B1a@38.99147,-1.85375"}, "webpage": null, "email": null, "phone": "+34 967 19 31 49"}}}