{"restaurant": {"ta_link": "https://www.tripadvisor.es/Restaurant_Review-g187486-d8462940-Reviews-Burger_King-Albacete_Province_of_Albacete_Castile_La_Mancha.html", "name": "Burger King", "data": {"symbol": null, "claimed": false, "schedule": null, "score_overall": 2.0, "ranking": 11, "travellers_choice": false, "score_food": 3.0, "score_service": 3.0, "score_price_quality": 3.0, "price": {"lower": 3.0, "upper": 15.0}, "type": ["Americana"], "special_diets": ["Opciones vegetarianas"], "meals": ["Comidas", "Cenas"], "advantages": ["Acceso para discapacitados"], "address": {"name": "Autovia A31 Salida 65, Albacete España", "link": "https://maps.google.com/maps?saddr=&daddr=Autovia+A31+Salida+65%2C+Albacete+Espa%C3%B1a@38.9912,-1.84774"}, "webpage": "http://www.burgerking.es/", "email": "ventalasperdices@hotmail.com", "phone": "+34 967 75 06 78", "score_atmosphere": 3.5}}}