{"restaurant": {"ta_link": "https://www.tripadvisor.es/Restaurant_Review-g187486-d12266152-Reviews-Cafe_Lounge_Cache-Albacete_Province_of_Albacete_Castile_La_Mancha.html", "name": "Cafe Lounge Caché", "data": {"symbol": null, "claimed": false, "schedule": null, "score_overall": 4.0, "ranking": 147, "travellers_choice": false, "score_food": 3.5, "score_service": 3.5, "score_price_quality": 4.0, "price": {"lower": 25.0, "upper": 60.0}, "type": ["Café", "Comida rápida", "Mediterránea", "Española", "Pub", "Pub restaurante"], "special_diets": ["Opciones sin gluten"], "meals": ["Desayuno"], "advantages": ["Servicio de mesa", "Acceso para discapacitados"], "address": {"name": "Paseo la Cuba No 25 junto a Fabrica de Harinas Fontecha y Cano, 02005 Albacete España", "link": "https://maps.google.com/maps?saddr=&daddr=Paseo+la+Cuba+No+25+junto+a+Fabrica+de+Harinas+Fontecha+y+Cano%2C+02005+Albacete+Espa%C3%B1a@39.00222,-1.85719"}, "webpage": "http://www.hotelsanantonio.es/", "email": "cafeteriazayra@hotmail.com", "phone": "+34 672 37 97 05", "score_atmosphere": 4.0}}}