{"restaurant": {"ta_link": "https://www.tripadvisor.es/Restaurant_Review-g187486-d21009159-Reviews-Cafe_Bar_Jara-Albacete_Province_of_Albacete_Castile_La_Mancha.html", "name": "Café Bar Jara", "data": {"symbol": null, "claimed": false, "schedule": null, "score_overall": null, "ranking": null, "travellers_choice": false, "score_food": 2.5, "score_service": 1.5, "score_price_quality": 1.5, "price": {"lower": 10.0, "upper": 50.0}, "type": ["Bar", "Mediterránea", "Española", "Pub", "Bares para comer"], "special_diets": ["Opciones vegetarianas"], "meals": ["Desayuno", "Comidas", "Cenas"], "advantages": ["Reservas", "Terraza exterior", "Sirve alcohol", "Vino y cerveza", "Wifi gratuito", "Servicio de mesa", "Estilo familiar", "Restaurantes de no fumadores"], "address": {"name": "Calle de Vicente Aleixandre 6, 02001 Albacete España", "link": "https://maps.google.com/maps?saddr=&daddr=Calle+de+Vicente+Aleixandre+6%2C+02001+Albacete+Espa%C3%B1a@38.998775,-1.851376"}, "webpage": "http://www.panificadoramartinezalbacete.es/", "email": "info@panificadoramartinezalbacete.es", "phone": "+34 967 22 12 53", "score_atmosphere": 3.5}}}