{"restaurant": {"ta_link": "https://www.tripadvisor.es/Restaurant_Review-g187486-d20164414-Reviews-Cafeteria_Taperia_Sublime-Albacete_Province_of_Albacete_Castile_La_Mancha.html", "name": "Cafeteria Taperia Sublime", "data": {"symbol": "€€ - €€€", "claimed": true, "schedule": {"dom": ["09:00", "00:30"], "lun": ["09:00", "18:00"], "mar": ["09:00", "00:00"], "mié": ["09:00", "00:00"], "jue": ["09:00", "00:00"], "vie": ["09:00", "02:30"], "sáb": ["09:00", "02:30"]}, "score_overall": 4.5, "ranking": 6, "travellers_choice": true, "score_food": 4.5, "score_service": 4.5, "score_price_quality": 4.5, "price": {"lower": 10.0, "upper": 40.0}, "type": ["Mediterránea", "Española", "Saludable", "Barbacoa", "Bares para comer"], "special_diets": ["Opciones vegetarianas", "Opciones sin gluten", "Opciones veganas"], "meals": ["Desayuno", "Comidas", "Cenas"], "advantages": ["Reservas", "Acepta tarjetas de crédito", "Servicio de mesa", "Capacidad", "Sirve alcohol"], "address": {"name": "Calle Talabarteros 4, 02005 Albacete España", "link": "https://maps.google.com/maps?saddr=&daddr=Calle+Talabarteros+4%2C+02005+Albacete+Espa%C3%B1a@39.00444,-1.81809"}, "webpage": "http://www.facebook.com/taperiasublime", "email": "rosaio@goikogrill.com", "phone": "+34 663 01 94 02", "score_atmosphere": 3.5}}}