{"restaurant": {"ta_link": "https://www.tripadvisor.es/Restaurant_Review-g187486-d12616457-Reviews-Cafeteria_Energy-Albacete_Province_of_Albacete_Castile_La_Mancha.html", "name": "Cafeteria Energy", "data": {"symbol": "€", "claimed": false, "schedule": null, "score_overall": 5.0, "ranking": 118, "travellers_choice": false, "score_food": 4.0, "score_service": 4.0, "score_price_quality": 3.5, "price": {"lower": 5.0, "upper": 12.0}, "type": ["Española"], "special_diets": ["Opciones sin gluten"], "meals": ["Cenas", "Comidas"], "advantages": ["Reservas", "Capacidad", "Sirve alcohol", "Servicio de mesa", "Acceso para discapacitados"], "address": {"name": "Paseo de Circunvalacion 103, 02003 Albacete España", "link": "https://maps.google.com/maps?saddr=&daddr=Paseo+de+Circunvalacion+103%2C+02003+Albacete+Espa%C3%B1a@38.9857,-1.86476"}, "webpage": "http://gimnasioenergyalbacete.es/", "email": "social@gimnasioenergyalbacete.es", "phone": "+34 967 67 30 10", "score_atmosphere": 4.0}}}