{"restaurant": {"ta_link": "https://www.tripadvisor.es/Restaurant_Review-g187486-d13004604-Reviews-Cafeteria_Altozano-Albacete_Province_of_Albacete_Castile_La_Mancha.html", "name": "Cafeteria Altozano", "data": {"symbol": null, "claimed": false, "schedule": null, "score_overall": 2.5, "ranking": 280, "travellers_choice": false, "score_food": null, "score_service": null, "score_price_quality": null, "score_atmosphere": null, "price": null, "type": null, "special_diets": null, "meals": null, "advantages": null, "address": {"name": "Plaza del Altozano 5, 02001 Albacete España", "link": "https://maps.google.com/maps?saddr=&daddr=Plaza+del+Altozano+5%2C+02001+Albacete+Espa%C3%B1a@38.994892,-1.85418"}, "webpage": null, "email": null, "phone": "+34 967 21 60 63"}}}