{"restaurant": {"ta_link": "https://www.tripadvisor.es/Restaurant_Review-g187486-d7734448-Reviews-Cafe_Chamonix-Albacete_Province_of_Albacete_Castile_La_Mancha.html", "name": "Café Chamonix", "data": {"symbol": "€", "claimed": false, "schedule": null, "score_overall": 4.0, "ranking": 11, "travellers_choice": false, "score_food": 4.5, "score_service": 4.5, "score_price_quality": 4.5, "price": {"lower": 25.0, "upper": 60.0}, "type": ["Española", "Café"], "special_diets": ["Opciones sin gluten"], "meals": ["Abierto hasta tarde", "Bebidas", "Desayuno", "Comidas", "Cenas"], "advantages": ["Reservas", "Capacidad", "Acceso para discapacitados", "Servicio de mesa"], "address": {"name": "Avenida Espana 20, 02002 Albacete España", "link": "https://maps.google.com/maps?saddr=&daddr=Avenida+Espana+20%2C+02002+Albacete+Espa%C3%B1a@38.98419,-1.85402"}, "webpage": "https://website--139062287643052808995-restaurant.negocio.site/", "email": "cafeteriazayra@hotmail.com", "phone": "+34 967 60 79 37", "score_atmosphere": 4.0}}}