{"restaurant": {"ta_link": "https://www.tripadvisor.es/Restaurant_Review-g187486-d8726825-Reviews-Cafeteria_JJ-Albacete_Province_of_Albacete_Castile_La_Mancha.html", "name": "Cafeteria JJ", "data": {"symbol": "€", "claimed": false, "schedule": null, "score_overall": 3.5, "ranking": 88, "travellers_choice": false, "score_food": 3.5, "score_service": 3.0, "score_price_quality": 3.0, "price": {"lower": 11.0, "upper": 41.0}, "type": ["Mediterránea", "Española"], "special_diets": ["Opciones sin gluten"], "meals": ["Desayuno"], "advantages": ["Reservas", "Capacidad", "Acceso para discapacitados", "Sirve alcohol", "Servicio de mesa"], "address": {"name": "Calle San Agustin 12, 02001 Albacete España", "link": "https://maps.google.com/maps?saddr=&daddr=Calle+San+Agustin+12%2C+02001+Albacete+Espa%C3%B1a@38.994205,-1.852303"}, "webpage": "http://www.tabernadelvolapie.com/", "email": "restaurantelafalla@gmail.com", "phone": "+34 967 21 37 42", "score_atmosphere": 3.5}}}