{"restaurant": {"ta_link": "https://www.tripadvisor.es/Restaurant_Review-g187486-d4782515-Reviews-Caldereros-Albacete_Province_of_Albacete_Castile_La_Mancha.html", "name": "Caldereros", "data": {"symbol": "€€ - €€€", "claimed": true, "schedule": {"lun": ["12:00", "00:00"], "mar": ["12:00", "00:00"], "mié": ["12:00", "00:00"], "jue": ["12:00", "00:00"], "vie": ["12:00", "00:00"], "sáb": ["09:00", "00:00"]}, "score_overall": 4.5, "ranking": 15, "travellers_choice": true, "score_food": 4.5, "score_service": 4.5, "score_price_quality": 3.5, "price": {"lower": 17.0, "upper": 75.0}, "type": ["Mediterránea", "Española"], "special_diets": ["Opciones vegetarianas", "Opciones sin gluten"], "meals": ["Comidas", "Cenas", "Abierto hasta tarde", "Bebidas"], "advantages": ["Reservas", "Terraza exterior", "Capacidad", "Acceso para discapacitados", "Sirve alcohol", "Servicio de mesa", "Tronas disponibles", "Bar completo"], "address": {"name": "Caldereros Calle Caldereros Numero 13, 02002 Albacete España", "link": "https://maps.google.com/maps?saddr=&daddr=Caldereros+Calle+Caldereros+Numero+13%2C+02002+Albacete+Espa%C3%B1a@38.99409,-1.852667"}, "webpage": "http://caldereros.es/", "email": "cerveceria@caldereros.es", "phone": "+34 967 61 02 17", "score_atmosphere": 3.5}}}