{"restaurant": {"ta_link": "https://www.tripadvisor.es/Restaurant_Review-g187486-d10915767-Reviews-Carlotto_Burguer-Albacete_Province_of_Albacete_Castile_La_Mancha.html", "name": "Carlotto Burguer", "data": {"symbol": null, "claimed": false, "schedule": null, "score_overall": 4.0, "ranking": 106, "travellers_choice": false, "score_food": 4.0, "score_service": 4.0, "score_price_quality": 3.5, "price": {"lower": 11.0, "upper": 41.0}, "type": ["Mediterránea", "Española", "Restaurante de carne", "Bar", "Comedor", "Saludable"], "special_diets": ["Opciones sin gluten"], "meals": ["Comidas"], "advantages": ["Para llevar", "Capacidad", "A domicilio", "Servicio de mesa"], "address": {"name": "Calle Benavente 6, 02006 Albacete España", "link": "https://maps.google.com/maps?saddr=&daddr=Calle+Benavente+6%2C+02006+Albacete+Espa%C3%B1a@38.99767,-1.8719"}, "webpage": "http://www.alvarezrestaurante.es/", "email": "alvarezrestaurante@gmail.com", "phone": "+34 967 26 69 69", "score_atmosphere": 3.5}}}