{"restaurant": {"ta_link": "https://www.tripadvisor.es/Restaurant_Review-g187486-d6370144-Reviews-Casa_Juan-Albacete_Province_of_Albacete_Castile_La_Mancha.html", "name": "Casa Juan", "data": {"symbol": "€", "claimed": false, "schedule": null, "score_overall": 4.0, "ranking": 77, "travellers_choice": false, "score_food": 4.0, "score_service": 4.0, "score_price_quality": 4.5, "price": {"lower": 3.0, "upper": 9.0}, "type": ["Española"], "special_diets": ["Opciones vegetarianas"], "meals": ["Cenas"], "advantages": ["Servicio de mesa", "Capacidad"], "address": {"name": "Calle Nueva, 30, Albacete España", "link": "https://maps.google.com/maps?saddr=&daddr=Calle+Nueva%2C+30%2C+Albacete+Espa%C3%B1a@38.86805,-1.92483"}, "webpage": "https://rubiaytintobyhavana.negocio.site/?utm_source=gmb&utm_medium=referral", "email": "rytbyhavana@gmail.com", "phone": "+34 623 35 70 77", "score_atmosphere": 3.5}}}