{"restaurant": {"ta_link": "https://www.tripadvisor.es/Restaurant_Review-g187486-d7701378-Reviews-Casino_Primitivo-Albacete_Province_of_Albacete_Castile_La_Mancha.html", "name": "Casino Primitivo", "data": {"symbol": "€€ - €€€", "claimed": true, "schedule": {"dom": ["16:00", "20:00"], "lun": ["16:00", "20:00"], "mar": ["16:00", "20:00"], "mié": ["16:00", "20:00"], "jue": ["16:00", "20:00"], "vie": ["16:00", "20:00"], "sáb": ["16:00", "20:00"]}, "score_overall": 4.0, "ranking": 56, "travellers_choice": false, "score_food": 4.0, "score_service": 4.0, "score_price_quality": 4.0, "price": {"lower": 5.0, "upper": 25.0}, "type": ["Mediterránea", "Española"], "special_diets": ["Opciones veganas"], "meals": ["Desayuno", "Comidas", "Cenas", "Brunch"], "advantages": ["Reservas", "Restaurante privado", "Capacidad", "Acceso para discapacitados", "Sirve alcohol", "Servicio de mesa", "Televisión", "Tronas disponibles", "Vino y cerveza", "Wifi gratuito", "Estilo familiar"], "address": {"name": "Calle Tesifonte Gallego 3, 02002 Albacete España", "link": "https://maps.google.com/maps?saddr=&daddr=Calle+Tesifonte+Gallego+3%2C+02002+Albacete+Espa%C3%B1a@38.993027,-1.855135"}, "webpage": "http://www.casinorestauranteab.es/", "email": "eventos@casinorestauranteab.es", "phone": "+34 967 24 33 92", "score_atmosphere": 4.0}}}