{"restaurant": {"ta_link": "https://www.tripadvisor.es/Restaurant_Review-g187486-d23976320-Reviews-Cencibel-Albacete_Province_of_Albacete_Castile_La_Mancha.html", "name": "Cencibel", "data": {"symbol": null, "claimed": true, "schedule": {"mar": ["12:30", "17:00", "19:30", "00:00"], "mié": ["12:30", "17:00"], "jue": ["12:30", "17:00"], "vie": ["12:30", "23:00"], "sáb": ["12:30", "23:00"]}, "score_overall": 4.5, "ranking": 35, "travellers_choice": false, "score_food": 3.5, "score_service": 4.0, "score_price_quality": 3.5, "price": {"lower": 12.0, "upper": 25.0}, "type": ["Mediterránea", "Española"], "special_diets": ["Opciones vegetarianas", "Opciones veganas", "Opciones sin gluten"], "meals": ["Comidas", "Cenas"], "advantages": ["Para llevar", "Reservas", "Terraza exterior", "Capacidad", "Aparcamiento en la calle", "Televisión", "Acceso para discapacitados", "Sirve alcohol", "Bar completo", "Wifi gratuito", "Acepta tarjetas de crédito", "Servicio de mesa", "Tronas disponibles"], "address": {"name": "Calle Mayor, nº 55, 02001 Albacete España", "link": "https://maps.google.com/maps?saddr=&daddr=Calle+Mayor%2C+n%C2%BA+55%2C+02001+Albacete+Espa%C3%B1a@38.993004,-1.853764"}, "webpage": "https://www.instagram.com/explore/tags/cencibel/?hl=en", "email": "lepremieree@hotmail.com", "phone": "+34 967 13 09 87", "score_atmosphere": 4.0}}}