{"restaurant": {"ta_link": "https://www.tripadvisor.es/Restaurant_Review-g187486-d10796241-Reviews-Cerveceria_Cafeteria_Tempura-Albacete_Province_of_Albacete_Castile_La_Mancha.html", "name": "Cervecería Cafetería Tempura", "data": {"symbol": "€", "claimed": true, "schedule": {"dom": ["10:00", "14:30"], "lun": ["07:30", "23:30"], "mar": ["07:30", "23:30"], "mié": ["07:30", "23:30"], "jue": ["07:30", "23:30"], "vie": ["07:30", "00:00"], "sáb": ["08:30", "00:00"]}, "score_overall": null, "ranking": null, "travellers_choice": false, "score_food": 2.5, "score_service": 1.5, "score_price_quality": 1.5, "price": {"lower": 2.0, "upper": 5.0}, "type": ["Pub con cerveza artesanal", "Pizza", "Café", "Española", "Pub"], "special_diets": ["Opciones vegetarianas"], "meals": ["Desayuno", "Comidas", "Cenas"], "advantages": ["Reservas", "Capacidad", "Servicio de mesa"], "address": {"name": "Avenida Primero de Mayo, 16 junto al supermercado Mercadona, 02006 Albacete España", "link": "https://maps.google.com/maps?saddr=&daddr=Avenida+Primero+de+Mayo%2C+16+junto+al+supermercado+Mercadona%2C+02006+Albacete+Espa%C3%B1a@38.986454,-1.869059"}, "webpage": "http://www.dominospizza.es/?utm_medium=organic&utm_source=directorios&utm_campaign=dp_gen_gmb_directorios&utm_content=sitio_web", "email": "mdqcervezaartesana@gmail.com", "phone": "+34 967 61 91 18", "score_atmosphere": 3.5}}}