{"restaurant": {"ta_link": "https://www.tripadvisor.es/Restaurant_Review-g187486-d10158012-Reviews-Chikens_Food_Albacete-Albacete_Province_of_Albacete_Castile_La_Mancha.html", "name": "Chikens Food Albacete", "data": {"symbol": null, "claimed": false, "schedule": null, "score_overall": 2.0, "ranking": 8, "travellers_choice": false, "score_food": 4.0, "score_service": 4.5, "score_price_quality": 4.5, "price": {"lower": 6.0, "upper": 12.0}, "type": ["Americana"], "special_diets": ["Opciones sin gluten"], "meals": ["Desayuno", "Cenas"], "advantages": ["Acceso para discapacitados"], "address": {"name": "Calle Rosario 113, 02003 Albacete España", "link": "https://maps.google.com/maps?saddr=&daddr=Calle+Rosario+113%2C+02003+Albacete+Espa%C3%B1a@38.98746,-1.86093"}, "webpage": "http://www.pizzeriascarlos.es/", "email": "baravion@gmail.com", "phone": "+34 967 11 99 22", "score_atmosphere": 3.0}}}