{"restaurant": {"ta_link": "https://www.tripadvisor.es/Restaurant_Review-g187486-d23935956-Reviews-Chocolateria_Valor-Albacete_Province_of_Albacete_Castile_La_Mancha.html", "name": "Chocolatería Valor", "data": {"symbol": null, "claimed": false, "schedule": {"dom": ["16:30", "22:00"], "lun": ["16:30", "22:00"], "mar": ["16:30", "22:00"], "mié": ["16:30", "22:00"], "jue": ["16:30", "22:00"], "vie": ["16:30", "22:00"], "sáb": ["16:30", "22:00"]}, "score_overall": null, "ranking": null, "travellers_choice": false, "score_food": 2.5, "score_service": 1.5, "score_price_quality": 1.5, "price": {"lower": 6.0, "upper": 20.0}, "type": ["Española"], "special_diets": ["Opciones vegetarianas"], "meals": ["Cenas"], "advantages": ["Aparcamiento disponible", "Vino y cerveza", "Acepta tarjetas de crédito", "Servicio de mesa"], "address": {"name": "Calle De La Feria, 57, 02004 Albacete España", "link": "https://maps.google.com/maps?saddr=&daddr=Calle+De+La+Feria%2C+57%2C+02004+Albacete+Espa%C3%B1a@38.996105,-1.862715"}, "webpage": "http://www.valor.es/", "email": "marketing@taperiasanjuan.es", "phone": "+34 976 22 53 65", "score_atmosphere": 3.5}}}