{"restaurant": {"ta_link": "https://www.tripadvisor.es/Restaurant_Review-g187486-d10749067-Reviews-Churreria_Carpe-Albacete_Province_of_Albacete_Castile_La_Mancha.html", "name": "Churreria Carpe", "data": {"symbol": "€", "claimed": false, "schedule": null, "score_overall": 4.5, "ranking": 103, "travellers_choice": false, "score_food": 4.5, "score_service": 4.0, "score_price_quality": 4.5, "price": {"lower": 25.0, "upper": 60.0}, "type": ["Española"], "special_diets": ["Opciones vegetarianas"], "meals": ["Cenas", "Brunch"], "advantages": ["Servicio de mesa", "Reservas", "Acceso para discapacitados"], "address": {"name": "Avenida de Ramon y Cajal 39, 02005 Albacete España", "link": "https://maps.google.com/maps?saddr=&daddr=Avenida+de+Ramon+y+Cajal+39%2C+02005+Albacete+Espa%C3%B1a@38.99988,-1.85938"}, "webpage": "http://www.facebook.com/Laandaluzaalbacete/", "email": "Azespada@hotmail.com", "phone": "+34 967 24 63 94", "score_atmosphere": 4.0}}}