{"restaurant": {"ta_link": "https://www.tripadvisor.es/Restaurant_Review-g187486-d12681872-Reviews-Churreria_El_Pilar-Albacete_Province_of_Albacete_Castile_La_Mancha.html", "name": "Churrería El Pilar", "data": {"symbol": null, "claimed": false, "schedule": null, "score_overall": 4.5, "ranking": 128, "travellers_choice": false, "score_food": null, "score_service": null, "score_price_quality": null, "score_atmosphere": null, "price": null, "type": null, "special_diets": null, "meals": null, "advantages": null, "address": {"name": "Calle Lope de Vega 6, 02005 Albacete España", "link": "https://maps.google.com/maps?saddr=&daddr=Calle+Lope+de+Vega+6%2C+02005+Albacete+Espa%C3%B1a@38.99918,-1.86524"}, "webpage": null, "email": null, "phone": null}}}