{"restaurant": {"ta_link": "https://www.tripadvisor.es/Restaurant_Review-g187486-d3475536-Reviews-Cuerda-Albacete_Province_of_Albacete_Castile_La_Mancha.html", "name": "Cuerda", "data": {"symbol": "€€ - €€€", "claimed": true, "schedule": null, "score_overall": 4.5, "ranking": 9, "travellers_choice": false, "score_food": 4.5, "score_service": 4.0, "score_price_quality": 4.0, "price": {"lower": 12.0, "upper": 60.0}, "type": ["Mediterránea", "Española"], "special_diets": ["Opciones vegetarianas", "Opciones sin gluten"], "meals": ["Comidas", "Cenas", "Abierto hasta tarde"], "advantages": ["Reservas", "Terraza exterior", "Capacidad", "Acceso para discapacitados", "Sirve alcohol", "Bar completo", "Wifi gratuito", "Servicio de mesa", "Tronas disponibles"], "address": {"name": "Calle Gracia 8, 02005 Albacete España", "link": "https://maps.google.com/maps?saddr=&daddr=Calle+Gracia+8%2C+02005+Albacete+Espa%C3%B1a@39.0009,-1.863104"}, "webpage": "http://www.restaurantecuerda.com/", "email": "info@asadorconcepcion.com", "phone": "+34 967 21 54 90", "score_atmosphere": 4.0}}}