{"restaurant": {"ta_link": "https://www.tripadvisor.es/Restaurant_Review-g187486-d16848433-Reviews-Donde_siempre-Albacete_Province_of_Albacete_Castile_La_Mancha.html", "name": "Donde siempre", "data": {"symbol": null, "claimed": false, "schedule": null, "score_overall": 3.5, "ranking": 164, "travellers_choice": false, "score_food": 3.5, "score_service": 3.5, "score_price_quality": 3.5, "price": {"lower": 4.0, "upper": 20.0}, "type": ["Española"], "special_diets": ["Opciones vegetarianas", "Opciones veganas"], "meals": ["Comidas"], "advantages": ["Reservas", "Restaurante privado", "Parking gratis/reducido con validación de ticket", "Acceso para discapacitados", "Sirve alcohol", "Acepta tarjetas de crédito"], "address": {"name": "Avenida de Isabel la Catolica n 11, 02005 Albacete España", "link": "https://maps.google.com/maps?saddr=&daddr=Avenida+de+Isabel+la+Catolica+n+11%2C+02005+Albacete+Espa%C3%B1a@38.9984,-1.85924"}, "webpage": "http://www.dondesiempre.com/", "email": "Casaaurorarestaurant@gmail.com", "phone": "+34 666 66 66 66", "score_atmosphere": 4.0}}}