{"restaurant": {"ta_link": "https://www.tripadvisor.es/Restaurant_Review-g187486-d8036941-Reviews-El_Corte_Ingles-Albacete_Province_of_Albacete_Castile_La_Mancha.html", "name": "El Corte Ingles", "data": {"symbol": "€€ - €€€", "claimed": false, "schedule": null, "score_overall": 3.5, "ranking": 94, "travellers_choice": false, "score_food": 3.5, "score_service": 4.0, "score_price_quality": 3.0, "price": {"lower": 10.0, "upper": 30.0}, "type": ["Española", "Mediterránea"], "special_diets": ["Opciones veganas"], "meals": ["Desayuno", "Brunch"], "advantages": ["Capacidad", "Acceso para discapacitados", "Servicio de mesa", "Reservas", "Sirve alcohol"], "address": {"name": "Avenida Espana 30, 02008 Albacete España", "link": "https://maps.google.com/maps?saddr=&daddr=Avenida+Espana+30%2C+02008+Albacete+Espa%C3%B1a@38.982777,-1.854163"}, "webpage": "http://www.mercadosanjuan.es/", "email": "info@restaurantequijotealbacete.com", "phone": "+34 967 60 76 67", "score_atmosphere": 4.0}}}