{"restaurant": {"ta_link": "https://www.tripadvisor.es/Restaurant_Review-g187486-d8363259-Reviews-El_Despacho_De_Cerveza_Mahou_SanMiguel-Albacete_Province_of_Albacete_Castile_La_M.html", "name": "El Despacho De Cerveza Mahou-SanMiguel", "data": {"symbol": "€€ - €€€", "claimed": false, "schedule": {"dom": ["00:00", "23:59"], "lun": ["00:00", "23:59"], "mar": ["00:00", "23:59"], "mié": ["00:00", "23:59"], "jue": ["00:00", "23:59"], "vie": ["00:00", "23:59"], "sáb": ["00:00", "23:59"]}, "score_overall": 3.0, "ranking": 18, "travellers_choice": false, "score_food": 4.0, "score_service": 4.0, "score_price_quality": 4.0, "price": {"lower": 6.0, "upper": 20.0}, "type": ["Bar", "Española", "Pub"], "special_diets": ["Opciones vegetarianas", "Opciones veganas"], "meals": ["Cenas", "Desayuno", "Comidas"], "advantages": ["Capacidad", "Servicio de mesa", "Reservas"], "address": {"name": "Calle Mayor, 12001 Albacete España", "link": "https://maps.google.com/maps?saddr=&daddr=Calle+Mayor%2C+12001+Albacete+Espa%C3%B1a@38.99302,-1.853876"}, "webpage": "https://www.facebook.com/El-Despacho-de-cerveza-Mahou-San-Miguel-591317341025191/", "email": "dong.imaginalia@gmail.com", "phone": "+34 642 30 25 10", "score_atmosphere": 4.0}}}