{"restaurant": {"ta_link": "https://www.tripadvisor.es/Restaurant_Review-g187486-d999067-Reviews-El_Molino-Albacete_Province_of_Albacete_Castile_La_Mancha.html", "name": "El Molino", "data": {"symbol": "€€ - €€€", "claimed": false, "schedule": null, "score_overall": 3.0, "ranking": 196, "travellers_choice": false, "score_food": 3.5, "score_service": 3.5, "score_price_quality": 3.5, "price": {"lower": 8.0, "upper": 15.0}, "type": ["Café", "Española"], "special_diets": ["Opciones sin gluten"], "meals": ["Desayuno", "Comidas", "Brunch"], "advantages": ["Capacidad", "Acceso para discapacitados", "Televisión", "Sirve alcohol", "Bar completo"], "address": {"name": "Autovia a-31 Km. 65 Km. 65, 02006 Albacete España", "link": "https://maps.google.com/maps?saddr=&daddr=Autovia+a-31+Km.+65+Km.+65%2C+02006+Albacete+Espa%C3%B1a@39.060143,-1.932478"}, "webpage": "http://www.facebook.com/Mes%C3%B3n-El-Viejo-Molino-460085454115393", "email": "gestion@cafebarjanet.es", "phone": "+34 967 21 29 38", "score_atmosphere": 4.0}}}