{"restaurant": {"ta_link": "https://www.tripadvisor.es/Restaurant_Review-g187486-d13140526-Reviews-El_Melgo-Albacete_Province_of_Albacete_Castile_La_Mancha.html", "name": "El Melgo", "data": {"symbol": null, "claimed": false, "schedule": null, "score_overall": 3.5, "ranking": 191, "travellers_choice": false, "score_food": 3.0, "score_service": 4.0, "score_price_quality": 4.0, "price": {"lower": 3.0, "upper": 25.0}, "type": ["Española"], "special_diets": ["Opciones vegetarianas", "Opciones veganas"], "meals": ["Desayuno", "Comidas", "Cenas", "Brunch", "Abierto hasta tarde", "Bebidas"], "advantages": ["Reservas", "Servicio de mesa", "Para llevar", "Terraza exterior", "Aparcamiento disponible", "Aparcamiento en la calle", "Estacionamiento gratuito en la calle", "Televisión", "Acceso para discapacitados", "Sirve alcohol", "Bar completo", "Vino y cerveza", "Acepta tarjetas de crédito"], "address": {"name": "Calle Albarderos, 13, 02004 Albacete España", "link": "https://maps.google.com/maps?saddr=&daddr=Calle+Albarderos%2C+13%2C+02004+Albacete+Espa%C3%B1a@38.99462,-1.85899"}, "webpage": "http://www.batiburrillobar.es/", "email": "info@batiburrillobar.es", "phone": "+34 967 22 45 16", "score_atmosphere": 4.0}}}