{"restaurant": {"ta_link": "https://www.tripadvisor.es/Restaurant_Review-g187486-d4310822-Reviews-El_Porche-Albacete_Province_of_Albacete_Castile_La_Mancha.html", "name": "El Porche", "data": {"symbol": "€€ - €€€", "claimed": false, "schedule": null, "score_overall": 3.5, "ranking": 52, "travellers_choice": false, "score_food": 3.5, "score_service": 4.0, "score_price_quality": 3.5, "price": {"lower": 15.0, "upper": 30.0}, "type": ["Española", "Mediterránea"], "special_diets": ["Opciones vegetarianas"], "meals": ["Cenas", "Comidas"], "advantages": ["Reservas", "Capacidad", "Sirve alcohol", "Servicio de mesa", "Terraza exterior", "Bar completo"], "address": {"name": "Calle Tejares 14, 02002 Albacete España", "link": "https://maps.google.com/maps?saddr=&daddr=Calle+Tejares+14%2C+02002+Albacete+Espa%C3%B1a@38.991592,-1.853763"}, "webpage": "http://www.taperiaelporche.es/", "email": "elsalteno@elsalteno.es", "phone": "+34 967 52 26 92", "score_atmosphere": 4.0}}}