{"restaurant": {"ta_link": "https://www.tripadvisor.es/Restaurant_Review-g187486-d23187233-Reviews-El_Portal_Albacete-Albacete_Province_of_Albacete_Castile_La_Mancha.html", "name": "El Portal , Albacete", "data": {"symbol": null, "claimed": false, "schedule": null, "score_overall": 3.5, "ranking": 2, "travellers_choice": false, "score_food": 3.5, "score_service": 3.5, "score_price_quality": 3.5, "price": {"lower": 4.0, "upper": 20.0}, "type": ["Latina", "Internacional", "Española", "Contemporánea"], "special_diets": ["Opciones vegetarianas", "Opciones veganas"], "meals": ["Comidas"], "advantages": ["Reservas", "Restaurante privado", "Parking gratis/reducido con validación de ticket", "Acceso para discapacitados", "Sirve alcohol", "Acepta tarjetas de crédito"], "address": {"name": "Calle de la Feria 7a, 02004 Albacete España", "link": "https://maps.google.com/maps?saddr=&daddr=Calle+de+la+Feria+7a%2C+02004+Albacete+Espa%C3%B1a@38.99573,-1.85858"}, "webpage": "http://pollosasadoshonrubia.es/", "email": "polloshonrubia@gmail.com", "phone": "+34 967 22 98 32", "score_atmosphere": 4.0}}}