{"restaurant": {"ta_link": "https://www.tripadvisor.es/Restaurant_Review-g187486-d24363313-Reviews-El_Ruedo_De_Carmen-Albacete_Province_of_Albacete_Castile_La_Mancha.html", "name": "El Ruedo De Carmen", "data": {"symbol": null, "claimed": false, "schedule": null, "score_overall": null, "ranking": null, "travellers_choice": false, "score_food": 2.5, "score_service": 1.5, "score_price_quality": 1.5, "price": {"lower": 2.0, "upper": 5.0}, "type": ["Española"], "special_diets": ["Opciones vegetarianas"], "meals": ["Desayuno", "Comidas", "Cenas"], "advantages": ["Reservas", "Capacidad", "Servicio de mesa"], "address": {"name": "Calle Torero Manuel Jiménez Díaz Chicuelo Ii 1, 02005 Albacete España", "link": "https://maps.google.com/maps?saddr=&daddr=Calle+Torero+Manuel+Jim%C3%A9nez+D%C3%ADaz+Chicuelo+Ii+1%2C+02005+Albacete+Espa%C3%B1a@38.99435,-1.858542"}, "webpage": "http://www.dominospizza.es/?utm_medium=organic&utm_source=directorios&utm_campaign=dp_gen_gmb_directorios&utm_content=sitio_web", "email": "mdqcervezaartesana@gmail.com", "phone": "+34 967 26 68 41", "score_atmosphere": 3.5}}}