{"restaurant": {"ta_link": "https://www.tripadvisor.es/Restaurant_Review-g187486-d8429723-Reviews-Entre_Canas_y_Vinos-Albacete_Province_of_Albacete_Castile_La_Mancha.html", "name": "Entre Cañas y Vinos", "data": {"symbol": "€€ - €€€", "claimed": false, "schedule": null, "score_overall": 3.5, "ranking": 96, "travellers_choice": false, "score_food": 4.0, "score_service": 4.0, "score_price_quality": 4.0, "price": {"lower": 11.0, "upper": 41.0}, "type": ["Española", "Mediterránea"], "special_diets": ["Opciones vegetarianas"], "meals": ["Comidas", "Cenas"], "advantages": ["Reservas", "Capacidad", "Acceso para discapacitados", "Sirve alcohol", "Servicio de mesa"], "address": {"name": "Calle Tejares 4, 02002 Albacete España", "link": "https://maps.google.com/maps?saddr=&daddr=Calle+Tejares+4%2C+02002+Albacete+Espa%C3%B1a@38.99207,-1.853917"}, "webpage": "http://web.facebook.com/taperiaelbarrio.albacete/?_rdc=1&_rdr", "email": "nievesreolid69@hotmeil.com", "phone": "+34 967 67 08 60", "score_atmosphere": 4.0}}}