{"restaurant": {"ta_link": "https://www.tripadvisor.es/Restaurant_Review-g187486-d12357523-Reviews-Fabrica_Bar_Cerveza_La_Nena-Albacete_Province_of_Albacete_Castile_La_Mancha.html", "name": "Fabrica-Bar Cerveza La Nena", "data": {"symbol": "€€ - €€€", "claimed": true, "schedule": null, "score_overall": 4.0, "ranking": 37, "travellers_choice": false, "score_food": 4.0, "score_service": 4.0, "score_price_quality": 4.0, "price": {"lower": 5.0, "upper": 20.0}, "type": ["Española"], "special_diets": ["Opciones veganas"], "meals": ["Comidas", "Cenas", "Bebidas"], "advantages": ["Capacidad", "Sirve alcohol", "Vino y cerveza", "Pagos digitales", "Solo efectivo", "Wifi gratuito", "Terraza exterior", "Acceso para discapacitados", "Servicio de mesa"], "address": {"name": "Blasco Ibanez N09, 02004 Albacete España", "link": "https://maps.google.com/maps?saddr=&daddr=Blasco+Ibanez+N09%2C+02004+Albacete+Espa%C3%B1a@38.994164,-1.861091"}, "webpage": "http://cervezalanena.com/", "email": "info@cervezalanena.com", "phone": "+34 967 03 60 75", "score_atmosphere": 3.5}}}