{"restaurant": {"ta_link": "https://www.tripadvisor.es/Restaurant_Review-g187486-d999049-Reviews-Freiduria_El_Pescaito-Albacete_Province_of_Albacete_Castile_La_Mancha.html", "name": "Freiduria El Pescaito", "data": {"symbol": null, "claimed": false, "schedule": null, "score_overall": 1.5, "ranking": 319, "travellers_choice": false, "score_food": null, "score_service": null, "score_price_quality": null, "score_atmosphere": null, "price": null, "type": null, "special_diets": null, "meals": null, "advantages": null, "address": {"name": "Carretera Valencia 56, 02008 Albacete España", "link": "https://maps.google.com/maps?saddr=&daddr=Carretera+Valencia+56%2C+02008+Albacete+Espa%C3%B1a@38.98614,-1.84405"}, "webpage": null, "email": null, "phone": "+34 967 21 24 70"}}}