{"restaurant": {"ta_link": "https://www.tripadvisor.es/Restaurant_Review-g187486-d16900983-Reviews-Goiko_Rosario_56-Albacete_Province_of_Albacete_Castile_La_Mancha.html", "name": "Goiko - Rosario 56", "data": {"symbol": "€€ - €€€", "claimed": true, "schedule": null, "score_overall": 4.5, "ranking": 1, "travellers_choice": false, "score_food": 5.0, "score_service": 4.5, "score_price_quality": 4.0, "price": {"lower": 8.0, "upper": 15.0}, "type": ["Americana"], "special_diets": ["Opciones vegetarianas", "Opciones veganas"], "meals": ["Comidas", "Cenas"], "advantages": ["Reservas", "Capacidad", "Sirve alcohol", "Bar completo", "Servicio de mesa"], "address": {"name": "Calle de Rosario 56, 02003 Albacete España", "link": "https://maps.google.com/maps?saddr=&daddr=Calle+de+Rosario+56%2C+02003+Albacete+Espa%C3%B1a@38.99136,-1.85851"}, "webpage": "http://www.goikogrill.com/restaurante/rosario-56/", "email": "rosaio@goikogrill.com", "phone": "+34 967 97 99 85", "score_atmosphere": 4.5}}}