{"restaurant": {"ta_link": "https://www.tripadvisor.es/Restaurant_Review-g187486-d13128503-Reviews-Halcon_Milenario_Gastrobar-Albacete_Province_of_Albacete_Castile_La_Mancha.html", "name": "Halcon Milenario Gastrobar", "data": {"symbol": "€€ - €€€", "claimed": true, "schedule": null, "score_overall": 3.5, "ranking": 1, "travellers_choice": false, "score_food": 3.5, "score_service": 3.5, "score_price_quality": 3.5, "price": {"lower": 25.0, "upper": 60.0}, "type": ["Española", "Comida rápida"], "special_diets": ["Opciones sin gluten"], "meals": ["Comidas", "Desayuno", "Cenas", "Brunch"], "advantages": ["Capacidad", "Acceso para discapacitados", "Reservas", "Servicio de mesa"], "address": {"name": "Calle Octavio Cuartero 62, 02004 Albacete España", "link": "https://maps.google.com/maps?saddr=&daddr=Calle+Octavio+Cuartero+62%2C+02004+Albacete+Espa%C3%B1a@38.99284,-1.86185"}, "webpage": "https://www.facebook.com/Halc%C3%B3n-milenario-gastro-bar-172053856695884/", "email": "elrocin2@gmail.com", "phone": "+34 967 60 12 89", "score_atmosphere": 4.0}}}