{"restaurant": {"ta_link": "https://www.tripadvisor.es/Restaurant_Review-g187486-d21287878-Reviews-Healthy_Hunters_Albacete-Albacete_Province_of_Albacete_Castile_La_Mancha.html", "name": "Healthy Hunters Albacete", "data": {"symbol": "€€ - €€€", "claimed": false, "schedule": null, "score_overall": 5.0, "ranking": 14, "travellers_choice": false, "score_food": 4.0, "score_service": 4.0, "score_price_quality": 3.5, "price": {"lower": 7.0, "upper": 15.0}, "type": ["Saludable"], "special_diets": ["Opciones vegetarianas", "Opciones veganas"], "meals": ["Desayuno", "Comidas", "Cenas"], "advantages": ["Capacidad", "Reservas", "Servicio de mesa"], "address": {"name": "Calle de Concepcion 21, 02002 Albacete España", "link": "https://maps.google.com/maps?saddr=&daddr=Calle+de+Concepcion+21%2C+02002+Albacete+Espa%C3%B1a@38.99349,-1.85346"}, "webpage": "http://www.healthyhunters.es/", "email": "gruposalentoab@gmail.com", "phone": "+34 699 67 98 83", "score_atmosphere": 4.0}}}