{"restaurant": {"ta_link": "https://www.tripadvisor.es/Restaurant_Review-g187486-d21293863-Reviews-Healthy_Hunters-Albacete_Province_of_Albacete_Castile_La_Mancha.html", "name": "Healthy Hunters", "data": {"symbol": "€€ - €€€", "claimed": true, "schedule": null, "score_overall": 4.0, "ranking": 1, "travellers_choice": false, "score_food": 4.0, "score_service": 3.5, "score_price_quality": 3.5, "price": {"lower": 7.0, "upper": 15.0}, "type": ["Hawaiana"], "special_diets": ["Opciones vegetarianas", "Opciones veganas"], "meals": ["Comidas", "Cenas", "Abierto hasta tarde", "Bebidas"], "advantages": ["Reservas", "Acceso para discapacitados", "Sirve alcohol", "Vino y cerveza", "Wifi gratuito", "Acepta tarjetas de crédito", "Servicio de mesa", "Restaurantes de no fumadores"], "address": {"name": "Calle de Concepcion 21, 02002 Albacete España", "link": "https://maps.google.com/maps?saddr=&daddr=Calle+de+Concepcion+21%2C+02002+Albacete+Espa%C3%B1a@38.99349,-1.85346"}, "webpage": "http://www.healthyhunters.es/", "email": "navarrosimonjaime@gmail.com", "phone": "+34 699 67 98 83", "score_atmosphere": 4.0}}}