{"restaurant": {"ta_link": "https://www.tripadvisor.es/Restaurant_Review-g187486-d23935076-Reviews-Hola_india-Albacete_Province_of_Albacete_Castile_La_Mancha.html", "name": "Hola!india", "data": {"symbol": null, "claimed": true, "schedule": {"dom": ["18:30", "23:30"], "mar": ["18:30", "23:30"], "mié": ["18:30", "23:30"], "jue": ["18:30", "23:30"], "vie": ["18:30", "23:30"], "sáb": ["18:30", "23:30"]}, "score_overall": 5.0, "ranking": 1, "travellers_choice": false, "score_food": 3.5, "score_service": 3.5, "score_price_quality": 3.5, "price": {"lower": 25.0, "upper": 60.0}, "type": ["India"], "special_diets": ["Opciones sin gluten"], "meals": ["Comidas", "Cenas", "Abierto hasta tarde"], "advantages": ["Capacidad", "Acceso para discapacitados", "Reservas", "Servicio de mesa"], "address": {"name": "Calle Jesus Nazareno No 7,albacete No7, 02002 Albacete España", "link": "https://maps.google.com/maps?saddr=&daddr=Calle+Jesus+Nazareno+No+7%2Calbacete+No7%2C+02002+Albacete+Espa%C3%B1a@38.991093,-1.853203"}, "webpage": "https://www.facebook.com/Halc%C3%B3n-milenario-gastro-bar-172053856695884/", "email": "neerupahwa89@yahoo.com", "phone": "+34 967 70 26 13", "score_atmosphere": 4.0}}}