{"restaurant": {"ta_link": "https://www.tripadvisor.es/Restaurant_Review-g187486-d3958879-Reviews-Horno_De_La_Cruz-Albacete_Province_of_Albacete_Castile_La_Mancha.html", "name": "Horno De La Cruz", "data": {"symbol": "€€ - €€€", "claimed": false, "schedule": {"dom": ["08:30", "17:00"], "lun": ["08:30", "17:00"], "mar": ["08:30", "17:00", "20:00", "00:00"], "mié": ["08:30", "17:00", "20:00", "00:00"], "jue": ["08:30", "17:00", "20:00", "00:00"], "vie": ["08:30", "17:00", "20:00", "00:00"], "sáb": ["08:30", "17:00", "20:00", "00:00"]}, "score_overall": 3.5, "ranking": 60, "travellers_choice": false, "score_food": 4.0, "score_service": 4.0, "score_price_quality": 3.5, "price": {"lower": 5.0, "upper": 25.0}, "type": ["Española", "Mediterránea"], "special_diets": ["Opciones vegetarianas"], "meals": ["Comidas", "Cenas"], "advantages": ["Reservas", "Capacidad", "Acceso para discapacitados", "Sirve alcohol", "Servicio de mesa", "Bar completo"], "address": {"name": "calle Cruz,7,02001.Albacete, 02001 Albacete España", "link": "https://maps.google.com/maps?saddr=&daddr=calle+Cruz%2C7%2C02001.Albacete%2C+02001+Albacete+Espa%C3%B1a@38.99383,-1.851132"}, "webpage": "http://www.restaurantehornodelacruz.es/", "email": "reservas@rincongallego.es", "phone": "+34 967 52 05 52", "score_atmosphere": 3.5}}}