{"restaurant": {"ta_link": "https://www.tripadvisor.es/Restaurant_Review-g187486-d7242894-Reviews-Hostal_Taperia_la_Fonda-Albacete_Province_of_Albacete_Castile_La_Mancha.html", "name": "Hostal-Taperia la Fonda", "data": {"symbol": "€€ - €€€", "claimed": true, "schedule": {"dom": ["11:00", "17:15", "20:00", "01:00"], "lun": ["11:00", "17:15", "20:00", "01:00"], "mar": ["11:00", "17:15", "20:00", "01:00"], "mié": ["11:00", "17:15", "20:00", "01:00"], "jue": ["11:00", "17:15", "20:00", "01:00"], "vie": ["11:00", "17:15", "19:00", "02:00"], "sáb": ["11:00", "02:00"]}, "score_overall": 4.5, "ranking": 16, "travellers_choice": false, "score_food": 4.5, "score_service": 4.5, "score_price_quality": 4.5, "price": {"lower": 17.0, "upper": 75.0}, "type": ["Mediterránea", "Española"], "special_diets": ["Opciones vegetarianas", "Opciones veganas", "Opciones sin gluten"], "meals": ["Comidas", "Cenas", "Brunch"], "advantages": ["Reservas", "Capacidad", "Acceso para discapacitados", "Sirve alcohol", "Bar completo", "Wifi gratuito", "Servicio de mesa"], "address": {"name": "Calle Blasco Ibanez 3, 02004 Albacete España", "link": "https://maps.google.com/maps?saddr=&daddr=Calle+Blasco+Ibanez+3%2C+02004+Albacete+Espa%C3%B1a@38.99424,-1.860892"}, "webpage": "http://www.facebook.com/pages/Hostal-La-Fonda/408743529252796?fref=ts", "email": "cerveceria@caldereros.es", "phone": "+34 699 27 30 96", "score_atmosphere": 3.5}}}