{"restaurant": {"ta_link": "https://www.tripadvisor.es/Restaurant_Review-g187486-d19250486-Reviews-Instinto_Bar-Albacete_Province_of_Albacete_Castile_La_Mancha.html", "name": "Instinto Bar", "data": {"symbol": "€€ - €€€", "claimed": false, "schedule": null, "score_overall": 3.5, "ranking": 171, "travellers_choice": false, "score_food": 3.5, "score_service": 3.5, "score_price_quality": 4.0, "price": {"lower": 15.0, "upper": 25.0}, "type": ["Española"], "special_diets": ["Opciones vegetarianas", "Opciones veganas"], "meals": ["Desayuno", "Brunch"], "advantages": ["Acceso para discapacitados", "Servicio de mesa", "Capacidad"], "address": {"name": "Calle la Roda 13, BRUSELAS Esquina Con C A una calle de la policía local, 02005 Albacete España", "link": "https://maps.google.com/maps?saddr=&daddr=Calle+la+Roda+13%2C+BRUSELAS+Esquina+Con+C+A+una+calle+de+la+polic%C3%ADa+local%2C+02005+Albacete+Espa%C3%B1a@39.002625,-1.866144"}, "webpage": "http://www.instintobar.com/", "email": "Reservas@instintobar.com", "phone": "+34 678 53 75 95", "score_atmosphere": 4.0}}}