{"restaurant": {"ta_link": "https://www.tripadvisor.es/Restaurant_Review-g187486-d20221980-Reviews-Karting_FastKart_Albacete-Albacete_Province_of_Albacete_Castile_La_Mancha.html", "name": "Karting FastKart Albacete", "data": {"symbol": "€€ - €€€", "claimed": false, "schedule": null, "score_overall": null, "ranking": null, "travellers_choice": false, "score_food": 2.5, "score_service": 1.5, "score_price_quality": 1.5, "price": {"lower": 10.0, "upper": 50.0}, "type": ["Bar", "Café", "Comida rápida", "Española", "Pub"], "special_diets": ["Opciones vegetarianas"], "meals": ["Comidas", "Cenas"], "advantages": ["Reservas", "Terraza exterior", "Sirve alcohol", "Vino y cerveza", "Wifi gratuito", "Servicio de mesa", "Estilo familiar", "Restaurantes de no fumadores"], "address": {"name": "Av. Albacete Chinchilla de Monte-Aragon, 025220 Albacete España", "link": "https://maps.google.com/maps?saddr=&daddr=Av.+Albacete+Chinchilla+de+Monte-Aragon%2C+025220+Albacete+Espa%C3%B1a@38.924038,-1.728446"}, "webpage": "http://fastkart.es/albacete?gclid=Cj0KCQiAqNPyBRCjARIsAKA-WFyNnH61fKxG33_BFbQDItQo3NhQ4HRNGDuUwezJRJWgsR8Ux8tUKP0aAselEALw_wcB", "email": "tpalbacete@fastkart.es", "phone": "+62(126) 919-8621", "score_atmosphere": 3.5}}}