{"restaurant": {"ta_link": "https://www.tripadvisor.es/Restaurant_Review-g187486-d12586222-Reviews-Kebab_Avenida-Albacete_Province_of_Albacete_Castile_La_Mancha.html", "name": "Kebab Avenida", "data": {"symbol": "€", "claimed": true, "schedule": null, "score_overall": 1.5, "ranking": 2, "travellers_choice": false, "score_food": 3.5, "score_service": 3.0, "score_price_quality": 2.5, "price": {"lower": 3.0, "upper": 8.0}, "type": ["Comida rápida", "Turca"], "special_diets": ["Opciones vegetarianas"], "meals": ["Comidas", "Cenas"], "advantages": ["A domicilio", "Para llevar", "Capacidad", "Sirve alcohol", "Servicio de mesa", "Reservas", "Acceso para discapacitados"], "address": {"name": "Avenida de Espana 41 d, 02002 Albacete España", "link": "https://maps.google.com/maps?saddr=&daddr=Avenida+de+Espana+41+d%2C+02002+Albacete+Espa%C3%B1a@38.98455,-1.85368"}, "webpage": "http://www.facebook.com/doneravenida.albacete.7", "email": "muhemmedrizwan@yahoo.com", "phone": "+34 967 10 11 85", "score_atmosphere": 3.5}}}