{"restaurant": {"ta_link": "https://www.tripadvisor.es/Restaurant_Review-g187486-d11923194-Reviews-Keiji_by_Joel-Albacete_Province_of_Albacete_Castile_La_Mancha.html", "name": "Keiji by Joel", "data": {"symbol": "€€ - €€€", "claimed": false, "schedule": null, "score_overall": 4.0, "ranking": 2, "travellers_choice": true, "score_food": 4.5, "score_service": 4.5, "score_price_quality": 4.0, "price": {"lower": 20.0, "upper": 35.0}, "type": ["Japonesa", "Sushi", "Asiática", "Peruana"], "special_diets": ["Opciones vegetarianas", "Opciones sin gluten"], "meals": ["Comidas", "Cenas"], "advantages": ["A domicilio", "Para llevar", "Reservas", "Capacidad", "Sirve alcohol", "Bar completo", "Servicio de mesa"], "address": {"name": "Calle de la Cruz 1, 02001 Albacete España", "link": "https://maps.google.com/maps?saddr=&daddr=Calle+de+la+Cruz+1%2C+02001+Albacete+Espa%C3%B1a@38.994007,-1.851633"}, "webpage": "http://www.facebook.com/keijibyjoel/", "email": "info@taperiaelbierzo.es", "phone": "+34 967 60 62 29", "score_atmosphere": 4.5}}}