{"restaurant": {"ta_link": "https://www.tripadvisor.es/Restaurant_Review-g187486-d21504272-Reviews-KFC-Albacete_Province_of_Albacete_Castile_La_Mancha.html", "name": "KFC", "data": {"symbol": null, "claimed": false, "schedule": null, "score_overall": null, "ranking": null, "travellers_choice": false, "score_food": null, "score_service": null, "score_price_quality": null, "score_atmosphere": null, "price": null, "type": null, "special_diets": null, "meals": null, "advantages": null, "address": {"name": "C/ Saturnino Calleja Centro Comercial Imaginalia, con, Av. Emilia Pardo Bazán,, 02006 Albacete España", "link": "https://maps.google.com/maps?saddr=&daddr=C%2F+Saturnino+Calleja+Centro+Comercial+Imaginalia%2C+con%2C+Av.+Emilia+Pardo+Baz%C3%A1n%2C%2C+02006+Albacete+Espa%C3%B1a@39.00639,-1.87939"}, "webpage": "https://www.kfc.es/encuentra-tu-kfc/kfc-albacete-centro-comercial-imaginalia/", "email": null, "phone": "+34 967 53 03 32"}}}