{"restaurant": {"ta_link": "https://www.tripadvisor.es/Restaurant_Review-g187486-d23378503-Reviews-Khan_Kebab-Albacete_Province_of_Albacete_Castile_La_Mancha.html", "name": "Khan Kebab", "data": {"symbol": "€", "claimed": false, "schedule": null, "score_overall": null, "ranking": null, "travellers_choice": false, "score_food": 2.5, "score_service": 1.5, "score_price_quality": 1.5, "price": {"lower": 3.0, "upper": 10.0}, "type": ["India", "Pizza", "Turca", "Asador"], "special_diets": ["Opciones vegetarianas"], "meals": ["Cenas"], "advantages": ["Aparcamiento disponible", "Vino y cerveza", "Acepta tarjetas de crédito", "Servicio de mesa"], "address": {"name": "Calle Octavio Cuartero 53, 02004 Albacete España", "link": "https://maps.google.com/maps?saddr=&daddr=Calle+Octavio+Cuartero+53%2C+02004+Albacete+Espa%C3%B1a@38.99232,-1.861255"}, "webpage": "https://www.facebook.com/new.khan.kebab/", "email": "laeeq.rafiq@yahoo.com", "phone": "+34 659 07 73 77", "score_atmosphere": 3.5}}}