{"restaurant": {"ta_link": "https://www.tripadvisor.es/Restaurant_Review-g187486-d9978802-Reviews-King_s-Albacete_Province_of_Albacete_Castile_La_Mancha.html", "name": "King's", "data": {"symbol": "€€ - €€€", "claimed": false, "schedule": null, "score_overall": 3.5, "ranking": 138, "travellers_choice": false, "score_food": 3.0, "score_service": 3.0, "score_price_quality": 3.5, "price": {"lower": 4.0, "upper": 10.0}, "type": ["Española", "Mediterránea"], "special_diets": ["Opciones veganas"], "meals": ["Desayuno"], "advantages": ["Capacidad", "Sirve alcohol", "Servicio de mesa"], "address": {"name": "0 Plaza de la Virgen de los Llanos 2, 02001 Albacete España", "link": "https://maps.google.com/maps?saddr=&daddr=0+Plaza+de+la+Virgen+de+los+Llanos+2%2C+02001+Albacete+Espa%C3%B1a@38.99576,-1.85664"}, "webpage": "http://taperiajoseluis.com/casajoseluis.php", "email": "luismyortiz@hotmail.es", "phone": "+34 967 67 04 48", "score_atmosphere": 4.0}}}