{"restaurant": {"ta_link": "https://www.tripadvisor.es/Restaurant_Review-g187486-d23449219-Reviews-Koi_Sushi-Albacete_Province_of_Albacete_Castile_La_Mancha.html", "name": "Koi Sushi", "data": {"symbol": null, "claimed": false, "schedule": null, "score_overall": 4.0, "ranking": 1, "travellers_choice": false, "score_food": 3.5, "score_service": 3.0, "score_price_quality": 3.0, "price": {"lower": 10.0, "upper": 30.0}, "type": ["China", "Japonesa", "Europea", "Asiática", "Húngara", "De Asia central"], "special_diets": ["Opciones veganas"], "meals": ["Desayuno", "Comidas", "Cenas"], "advantages": ["Reservas", "Aparcamiento disponible", "Aparcamiento en la calle", "Parking gratis/reducido con validación de ticket", "Estacionamiento gratuito en la calle", "Televisión", "Acceso para discapacitados", "Sirve alcohol", "Bar completo", "Vino y cerveza", "Acepta Mastercard", "Acepta Visa", "Wifi gratuito", "Para llevar", "Terraza exterior", "Capacidad", "Tronas disponibles", "Servicio de mesa"], "address": {"name": "Carnicerías 9, 02001 Albacete España", "link": "https://maps.google.com/maps?saddr=&daddr=Carnicer%C3%ADas+9%2C+02001+Albacete+Espa%C3%B1a@38.99435,-1.858542"}, "webpage": "http://instagram.com/la_rosadelalba?igshid=1a57waicx551b", "email": "info@restaurantequijotealbacete.com", "phone": "+34 698 72 21 13", "score_atmosphere": 4.0}}}