{"restaurant": {"ta_link": "https://www.tripadvisor.es/Restaurant_Review-g187486-d2714908-Reviews-L_arruzz-Albacete_Province_of_Albacete_Castile_La_Mancha.html", "name": "Restaurante L'arruzz Albacete", "data": {"symbol": "€€ - €€€", "claimed": true, "schedule": {"dom": ["13:30", "16:00"], "lun": ["13:30", "16:00", "20:30", "23:59"], "mar": ["13:30", "16:00", "20:30", "23:59"], "mié": ["13:30", "16:00", "20:30", "23:59"], "jue": ["13:30", "16:00", "20:30", "23:59"], "vie": ["13:30", "16:00", "20:30", "23:59"], "sáb": ["13:30", "16:00", "20:30", "23:59"]}, "score_overall": 4.5, "ranking": 11, "travellers_choice": false, "score_food": 4.5, "score_service": 4.5, "score_price_quality": 4.0, "price": {"lower": 12.0, "upper": 60.0}, "type": ["Mediterránea", "Europea", "Española"], "special_diets": ["Opciones vegetarianas", "Opciones veganas", "Opciones sin gluten"], "meals": ["Comidas", "Cenas", "Abierto hasta tarde"], "advantages": ["Reservas", "Terraza exterior", "Restaurante privado", "Capacidad", "Tronas disponibles", "Acceso para discapacitados", "Sirve alcohol", "Bar completo", "Wifi gratuito", "Acepta tarjetas de crédito", "Servicio de mesa"], "address": {"name": "Calle Purísima, 1, 02002 Albacete España", "link": "https://maps.google.com/maps?saddr=&daddr=Calle+Pur%C3%ADsima%2C+1%2C+02002+Albacete+Espa%C3%B1a@38.993008,-1.852592"}, "webpage": "http://www.larruzzalbacete.com/", "email": "albacete@larruzz.com", "phone": "+34 967 21 09 96", "score_atmosphere": 4.0}}}