{"restaurant": {"ta_link": "https://www.tripadvisor.es/Restaurant_Review-g187486-d12736322-Reviews-La_Abuela_Pepa-Albacete_Province_of_Albacete_Castile_La_Mancha.html", "name": "La Abuela Pepa", "data": {"symbol": null, "claimed": false, "schedule": null, "score_overall": 2.0, "ranking": 117, "travellers_choice": false, "score_food": 3.0, "score_service": 3.0, "score_price_quality": 3.0, "price": {"lower": 3.0, "upper": 8.0}, "type": ["Mediterránea"], "special_diets": ["Opciones vegetarianas"], "meals": ["Comidas"], "advantages": ["Capacidad", "Sirve alcohol", "Servicio de mesa", "Reservas", "Acceso para discapacitados"], "address": {"name": "Avenida De Espana, 71, 02008 Albacete España", "link": "https://maps.google.com/maps?saddr=&daddr=Avenida+De+Espana%2C+71%2C+02008+Albacete+Espa%C3%B1a@38.97735,-1.85201"}, "webpage": "https://www.facebook.com/Taperia-La-Balanza-108963880545684/", "email": "muhemmedrizwan@yahoo.com", "phone": "+34 967 60 50 42", "score_atmosphere": 3.5}}}