{"restaurant": {"ta_link": "https://www.tripadvisor.es/Restaurant_Review-g187486-d23653089-Reviews-La_Boheme-Albacete_Province_of_Albacete_Castile_La_Mancha.html", "name": "La Boheme", "data": {"symbol": null, "claimed": false, "schedule": null, "score_overall": 5.0, "ranking": 159, "travellers_choice": false, "score_food": 4.5, "score_service": 4.5, "score_price_quality": 4.5, "price": {"lower": 11.0, "upper": 18.0}, "type": ["Española"], "special_diets": ["Opciones vegetarianas", "Opciones veganas"], "meals": ["Desayuno", "Cenas"], "advantages": ["Servicio de mesa", "Reservas", "Capacidad"], "address": {"name": "Plaza San Felipe Neri, 4, Albacete, 02002 Albacete España", "link": "https://maps.google.com/maps?saddr=&daddr=Plaza+San+Felipe+Neri%2C+4%2C+Albacete%2C+02002+Albacete+Espa%C3%B1a@38.98532,-1.85738"}, "webpage": "http://www.gruposaona.com/restaurante/saona-albacete/", "email": "reservas@gruposaona.com", "phone": "+34 967 10 43 93", "score_atmosphere": 4.0}}}