{"restaurant": {"ta_link": "https://www.tripadvisor.es/Restaurant_Review-g187486-d22982105-Reviews-La_Botica-Albacete_Province_of_Albacete_Castile_La_Mancha.html", "name": "La Botica", "data": {"symbol": "€€ - €€€", "claimed": true, "schedule": {"dom": ["09:00", "21:00"], "lun": ["08:30", "21:00"], "mar": ["08:30", "21:00"], "mié": ["08:30", "21:00"], "jue": ["08:30", "21:00"], "vie": ["08:30", "21:00"], "sáb": ["08:30", "21:00"]}, "score_overall": 3.0, "ranking": 6, "travellers_choice": false, "score_food": 4.0, "score_service": 4.0, "score_price_quality": 4.0, "price": {"lower": 10.0, "upper": 30.0}, "type": ["Española", "Fusión"], "special_diets": ["Opciones vegetarianas", "Opciones veganas"], "meals": ["Desayuno", "Comidas", "Cenas", "Abierto hasta tarde", "Bebidas"], "advantages": ["Para llevar", "Reservas", "Acepta tarjetas de crédito"], "address": {"name": "Calle Boticarios N3 Bajo, 02001 Albacete España", "link": "https://maps.google.com/maps?saddr=&daddr=Calle+Boticarios+N3+Bajo%2C+02001+Albacete+Espa%C3%B1a@38.9951,-1.86197"}, "webpage": "http://www.laboticahomecafe.es/", "email": "info@laboticahomecafe.es", "phone": "+34 967 13 49 95", "score_atmosphere": 4.0}}}