{"restaurant": {"ta_link": "https://www.tripadvisor.es/Restaurant_Review-g187486-d7350069-Reviews-La_Dorada_Cafe_Bar-Albacete_Province_of_Albacete_Castile_La_Mancha.html", "name": "La Dorada Café Bar", "data": {"symbol": "€", "claimed": true, "schedule": {"dom": ["10:00", "00:00"], "lun": ["07:45", "00:00"], "mié": ["07:45", "00:00"], "jue": ["07:45", "00:00"], "vie": ["07:45", "00:00"], "sáb": ["09:00", "01:00"]}, "score_overall": 4.5, "ranking": 1, "travellers_choice": false, "score_food": 3.5, "score_service": 4.5, "score_price_quality": 4.5, "price": {"lower": 2.0, "upper": 9.0}, "type": ["Española", "Café"], "special_diets": ["Opciones vegetarianas", "Opciones veganas"], "meals": ["Desayuno", "Comidas", "Cenas", "Bebidas", "Brunch"], "advantages": ["Televisión", "Acceso para discapacitados", "Sirve alcohol", "Bar completo", "Vino y cerveza", "Acepta American Express", "Acepta Mastercard", "Acepta Visa", "Solo efectivo", "Wifi gratuito", "Servicio de mesa", "Para llevar", "Reservas", "Terraza exterior", "Capacidad"], "address": {"name": "Calle Maria Marin 55, 02004 Albacete España", "link": "https://maps.google.com/maps?saddr=&daddr=Calle+Maria+Marin+55%2C+02004+Albacete+Espa%C3%B1a@38.98974,-1.863669"}, "webpage": "http://www.facebook.com/LaDoradaCafeBar", "email": "toniladorada@hotmail.com", "phone": "+34 967 81 18 49", "score_atmosphere": 5.0}}}