{"restaurant": {"ta_link": "https://www.tripadvisor.es/Restaurant_Review-g187486-d7312431-Reviews-La_Falla-Albacete_Province_of_Albacete_Castile_La_Mancha.html", "name": "La Falla", "data": {"symbol": "€€ - €€€", "claimed": false, "schedule": {"dom": ["10:30", "01:30"], "lun": ["09:10", "01:30"], "mié": ["09:10", "01:30"], "jue": ["09:10", "01:30"], "vie": ["09:10", "01:30"], "sáb": ["10:30", "01:30"]}, "score_overall": 3.5, "ranking": 86, "travellers_choice": false, "score_food": 3.5, "score_service": 3.5, "score_price_quality": 3.0, "price": {"lower": 11.0, "upper": 41.0}, "type": ["Mediterránea", "Española"], "special_diets": ["Opciones sin gluten"], "meals": ["Comidas", "Cenas"], "advantages": ["Reservas", "Capacidad", "Acceso para discapacitados", "Sirve alcohol", "Servicio de mesa"], "address": {"name": "Calle Blasco Ibanez 43, 02004 Albacete España", "link": "https://maps.google.com/maps?saddr=&daddr=Calle+Blasco+Ibanez+43%2C+02004+Albacete+Espa%C3%B1a@38.9938,-1.864646"}, "webpage": "http://www.restaurantelafalla.com/", "email": "restaurantelafalla@gmail.com", "phone": "+34 967 61 06 12", "score_atmosphere": 3.5}}}