{"restaurant": {"ta_link": "https://www.tripadvisor.es/Restaurant_Review-g187486-d23401974-Reviews-La_Gallina_Vieja-Albacete_Province_of_Albacete_Castile_La_Mancha.html", "name": "La Gallina Vieja", "data": {"symbol": null, "claimed": true, "schedule": null, "score_overall": 4.5, "ranking": 119, "travellers_choice": false, "score_food": null, "score_service": null, "score_price_quality": null, "score_atmosphere": null, "price": null, "type": null, "special_diets": null, "meals": null, "advantages": null, "address": {"name": "Calle Concepción 35, 02002 Albacete España", "link": "https://maps.google.com/maps?saddr=&daddr=Calle+Concepci%C3%B3n+35%2C+02002+Albacete+Espa%C3%B1a@38.99303,-1.852366"}, "webpage": "http://instagram.com/lagallinavieja?utm_medium=copy_link", "email": null, "phone": "+34 664 54 52 13"}}}