{"restaurant": {"ta_link": "https://www.tripadvisor.es/Restaurant_Review-g187486-d15289893-Reviews-La_Isla_Cafe-Albacete_Province_of_Albacete_Castile_La_Mancha.html", "name": "La Isla Cafe", "data": {"symbol": null, "claimed": false, "schedule": null, "score_overall": 3.0, "ranking": 185, "travellers_choice": false, "score_food": 3.5, "score_service": 3.0, "score_price_quality": 3.0, "price": {"lower": 3.0, "upper": 10.0}, "type": ["Española"], "special_diets": ["Opciones vegetarianas", "Opciones veganas"], "meals": ["Desayuno", "Comidas", "Cenas", "Bebidas"], "advantages": ["Sirve alcohol", "Wifi gratuito"], "address": {"name": "calle Diego de Alarcón 1, 02005 Albacete España", "link": "https://maps.google.com/maps?saddr=&daddr=calle+Diego+de+Alarc%C3%B3n+1%2C+02005+Albacete+Espa%C3%B1a@39.00032,-1.86201"}, "webpage": "http://cubacafe.negocio.site/?m=true", "email": "info@panariapanaderias.es", "phone": "+34 967 61 07 52", "score_atmosphere": 4.0}}}