{"restaurant": {"ta_link": "https://www.tripadvisor.es/Restaurant_Review-g187486-d999071-Reviews-La_Jaula-Albacete_Province_of_Albacete_Castile_La_Mancha.html", "name": "La Jaula", "data": {"symbol": "€", "claimed": false, "schedule": null, "score_overall": 3.5, "ranking": 110, "travellers_choice": false, "score_food": 3.5, "score_service": 3.5, "score_price_quality": 4.0, "price": {"lower": 25.0, "upper": 60.0}, "type": ["Española"], "special_diets": ["Opciones sin gluten"], "meals": ["Comidas"], "advantages": ["Servicio de mesa", "Capacidad", "Acceso para discapacitados"], "address": {"name": "Jaen, 02006 Albacete España", "link": "https://maps.google.com/maps?saddr=&daddr=Jaen%2C+02006+Albacete+Espa%C3%B1a@38.98859,-1.88268"}, "webpage": "http://www.facebook.com/Urban-Caf%C3%A9-1990256791231116/", "email": "laalacenaalbacete@gmail.com", "phone": "+34 967 22 78 33", "score_atmosphere": 4.0}}}