{"restaurant": {"ta_link": "https://www.tripadvisor.es/Restaurant_Review-g187486-d17457357-Reviews-La_Laboriosa-Albacete_Province_of_Albacete_Castile_La_Mancha.html", "name": "La Laboriosa", "data": {"symbol": null, "claimed": false, "schedule": null, "score_overall": 1.0, "ranking": 290, "travellers_choice": false, "score_food": null, "score_service": null, "score_price_quality": null, "score_atmosphere": null, "price": null, "type": null, "special_diets": null, "meals": null, "advantages": null, "address": {"name": "Calle BAÑOS, 4 Mercado de Villacerrada, Puesto C04, 02005 Albacete España", "link": "https://maps.google.com/maps?saddr=&daddr=Calle+BA%C3%91OS%2C+4+Mercado+de+Villacerrada%2C+Puesto+C04%2C+02005+Albacete+Espa%C3%B1a@38.995384,-1.860038"}, "webpage": "http://www.lalaboriosa.es/", "email": "tartaslalaboriosa@gmail.com", "phone": "+34 967 67 44 48"}}}