{"restaurant": {"ta_link": "https://www.tripadvisor.es/Restaurant_Review-g187486-d17479257-Reviews-La_Lola_Pintxos_Tapas-Albacete_Province_of_Albacete_Castile_La_Mancha.html", "name": "La Lola Pintxos &amp; Tapas", "data": {"symbol": "€€ - €€€", "claimed": true, "schedule": null, "score_overall": 5.0, "ranking": 97, "travellers_choice": false, "score_food": 4.0, "score_service": 4.0, "score_price_quality": 4.0, "price": {"lower": 10.0, "upper": 20.0}, "type": ["Mediterránea", "Española"], "special_diets": ["Opciones vegetarianas"], "meals": ["Comidas", "Cenas"], "advantages": ["Reservas", "Capacidad", "Acceso para discapacitados", "Sirve alcohol", "Servicio de mesa"], "address": {"name": "Calle San Agustín, 10,, 02001 Albacete España", "link": "https://maps.google.com/maps?saddr=&daddr=Calle+San+Agust%C3%ADn%2C+10%2C%2C+02001+Albacete+Espa%C3%B1a@38.994305,-1.852619"}, "webpage": "http://web.facebook.com/taperiaelbarrio.albacete/?_rdc=1&_rdr", "email": "juangoan27@gmail.com", "phone": "+34 661 16 44 00", "score_atmosphere": 4.0}}}