{"restaurant": {"ta_link": "https://www.tripadvisor.es/Restaurant_Review-g187486-d4699946-Reviews-La_Parrilla-Albacete_Province_of_Albacete_Castile_La_Mancha.html", "name": "La Parrilla", "data": {"symbol": "€€ - €€€", "claimed": true, "schedule": {"dom": ["09:30", "17:00"], "lun": ["09:30", "17:00"], "mar": ["09:30", "17:00"], "mié": ["09:30", "17:00"], "jue": ["09:30", "17:00"], "vie": ["09:30", "17:30", "20:00", "00:30"], "sáb": ["09:30", "17:30", "20:00", "00:30"]}, "score_overall": 4.0, "ranking": 8, "travellers_choice": false, "score_food": 4.0, "score_service": 4.0, "score_price_quality": 4.0, "price": {"lower": 25.0, "upper": 60.0}, "type": ["Mediterránea", "Barbacoa", "Española", "Restaurante de carne"], "special_diets": ["Opciones vegetarianas"], "meals": ["Comidas", "Desayuno", "Cenas", "Brunch"], "advantages": ["Acceso para discapacitados", "Servicio de mesa", "Reservas", "Capacidad"], "address": {"name": "Carretera Barrax, KM 2, 02005 Albacete España", "link": "https://maps.google.com/maps?saddr=&daddr=Carretera+Barrax%2C+KM+2%2C+02005+Albacete+Espa%C3%B1a@38.997223,-1.888035"}, "webpage": "http://www.facebook.com/La-Parrilla-276340739090637/", "email": "elrocin2@gmail.com", "phone": "+34 967 50 11 44", "score_atmosphere": 4.0}}}