{"restaurant": {"ta_link": "https://www.tripadvisor.es/Restaurant_Review-g187486-d17461309-Reviews-La_Pausa-Albacete_Province_of_Albacete_Castile_La_Mancha.html", "name": "La Pausa", "data": {"symbol": "€€ - €€€", "claimed": false, "schedule": null, "score_overall": 5.0, "ranking": 36, "travellers_choice": false, "score_food": 3.5, "score_service": 4.0, "score_price_quality": 3.5, "price": {"lower": 12.0, "upper": 25.0}, "type": ["Española", "Mediterránea"], "special_diets": ["Opciones vegetarianas", "Opciones veganas", "Opciones sin gluten"], "meals": ["Comidas", "Desayuno", "Cenas"], "advantages": ["Reservas", "Servicio de mesa"], "address": {"name": "calle Gregorio Arcos N3, 02005 Albacete España", "link": "https://maps.google.com/maps?saddr=&daddr=calle+Gregorio+Arcos+N3%2C+02005+Albacete+Espa%C3%B1a@39.01505,-1.87997"}, "webpage": "https://www.facebook.com/pausabaralbacete/", "email": "lepremieree@hotmail.com", "phone": "+34 634 44 70 34", "score_atmosphere": 4.0}}}