{"restaurant": {"ta_link": "https://www.tripadvisor.es/Restaurant_Review-g187486-d21160807-Reviews-La_Rosa_Del_Alba-Albacete_Province_of_Albacete_Castile_La_Mancha.html", "name": "La Rosa Del Alba", "data": {"symbol": null, "claimed": false, "schedule": {"dom": ["09:00", "00:00"], "lun": ["08:30", "00:00"], "mar": ["08:30", "00:00"], "mié": ["08:30", "00:00"], "jue": ["08:30", "00:00"], "vie": ["08:30", "00:00"], "sáb": ["09:00", "00:00"]}, "score_overall": 4.0, "ranking": 142, "travellers_choice": false, "score_food": 3.5, "score_service": 3.0, "score_price_quality": 3.0, "price": {"lower": 10.0, "upper": 30.0}, "type": ["Española"], "special_diets": ["Opciones veganas"], "meals": ["Desayuno", "Comidas", "Cenas"], "advantages": ["Reservas", "Aparcamiento disponible", "Aparcamiento en la calle", "Parking gratis/reducido con validación de ticket", "Estacionamiento gratuito en la calle", "Televisión", "Acceso para discapacitados", "Sirve alcohol", "Bar completo", "Vino y cerveza", "Acepta Mastercard", "Acepta Visa", "Wifi gratuito", "Para llevar", "Terraza exterior", "Capacidad", "Tronas disponibles", "Servicio de mesa"], "address": {"name": "Avenida 1 De Mayo S/n Local 2 Local 2, 02006 Albacete España", "link": "https://maps.google.com/maps?saddr=&daddr=Avenida+1+De+Mayo+S%2Fn+Local+2+Local+2%2C+02006+Albacete+Espa%C3%B1a@38.9951,-1.86197"}, "webpage": "http://instagram.com/la_rosadelalba?igshid=1a57waicx551b", "email": "info@restaurantequijotealbacete.com", "phone": "+34 698 72 21 13", "score_atmosphere": 4.0}}}