{"restaurant": {"ta_link": "https://www.tripadvisor.es/Restaurant_Review-g187486-d14132915-Reviews-La_Taberna_Del_Topo-Albacete_Province_of_Albacete_Castile_La_Mancha.html", "name": "La Taberna Del Topo", "data": {"symbol": null, "claimed": false, "schedule": null, "score_overall": 4.5, "ranking": 51, "travellers_choice": false, "score_food": 4.5, "score_service": 4.0, "score_price_quality": 4.5, "price": {"lower": 10.0, "upper": 15.0}, "type": ["Española", "Mediterránea"], "special_diets": ["Opciones vegetarianas", "Opciones sin gluten", "Opciones veganas"], "meals": ["Comidas", "Cenas"], "advantages": ["Servicio de mesa", "Reservas", "Capacidad"], "address": {"name": "Calle del Arquitecto Vandelvira 29, 02003 Albacete España", "link": "https://maps.google.com/maps?saddr=&daddr=Calle+del+Arquitecto+Vandelvira+29%2C+02003+Albacete+Espa%C3%B1a@38.9876,-1.86226"}, "webpage": "https://www.facebook.com/Restaurante-Los-Martinez-1398749047036078/", "email": "filo@elfilodelanavaja.com", "phone": "+34 967 60 18 19", "score_atmosphere": 4.5}}}