{"restaurant": {"ta_link": "https://www.tripadvisor.es/Restaurant_Review-g187486-d20058737-Reviews-Lizarran_Albacenter-Albacete_Province_of_Albacete_Castile_La_Mancha.html", "name": "Lizarrán Albacenter", "data": {"symbol": "€€ - €€€", "claimed": true, "schedule": null, "score_overall": null, "ranking": null, "travellers_choice": false, "score_food": 2.5, "score_service": 1.5, "score_price_quality": 1.5, "price": {"lower": 6.0, "upper": 20.0}, "type": ["Española"], "special_diets": ["Opciones vegetarianas"], "meals": ["Desayuno", "Comidas", "Cenas", "Brunch", "Bebidas"], "advantages": ["Aparcamiento disponible", "Vino y cerveza", "Acepta tarjetas de crédito", "Servicio de mesa"], "address": {"name": "CC Albacenter, Calle Alcalde Conangla, s/n CC Albacenter, 02006 Albacete España", "link": "https://maps.google.com/maps?saddr=&daddr=CC+Albacenter%2C+Calle+Alcalde+Conangla%2C+s%2Fn+CC+Albacenter%2C+02006+Albacete+Espa%C3%B1a"}, "webpage": "http://piccadillyavenue.es/", "email": "minicamps@hotmail.com", "phone": "+34 967 25 76 61", "score_atmosphere": 3.5}}}