{"restaurant": {"ta_link": "https://www.tripadvisor.es/Restaurant_Review-g187486-d19382607-Reviews-Mamma_Mia-Albacete_Province_of_Albacete_Castile_La_Mancha.html", "name": "Mamma Mia", "data": {"symbol": null, "claimed": false, "schedule": null, "score_overall": 3.5, "ranking": 10, "travellers_choice": false, "score_food": 3.5, "score_service": 3.5, "score_price_quality": 3.0, "price": {"lower": 10.0, "upper": 36.0}, "type": ["Italiana"], "special_diets": ["Opciones vegetarianas", "Opciones veganas"], "meals": ["Cenas"], "advantages": ["Reservas"], "address": {"name": "Calle Dionisio Guardiola 31, 02003 Albacete España", "link": "https://maps.google.com/maps?saddr=&daddr=Calle+Dionisio+Guardiola+31%2C+02003+Albacete+Espa%C3%B1a@38.99197,-1.85779"}, "webpage": "https://www.facebook.com/mamamiaalbacete/", "email": "mammamia@mamma-mia.es", "phone": "+34 967 10 91 92", "score_atmosphere": 4.0}}}