{"restaurant": {"ta_link": "https://www.tripadvisor.es/Restaurant_Review-g187486-d8653093-Reviews-Matalauva-Albacete_Province_of_Albacete_Castile_La_Mancha.html", "name": "Matalauva", "data": {"symbol": "€€ - €€€", "claimed": true, "schedule": {"dom": ["12:00", "00:00"], "mar": ["12:00", "00:00"], "mié": ["12:00", "00:00"], "jue": ["12:00", "00:00"], "vie": ["12:00", "00:00"], "sáb": ["12:00", "00:00"]}, "score_overall": 4.0, "ranking": 42, "travellers_choice": false, "score_food": 4.0, "score_service": 4.0, "score_price_quality": 4.0, "price": {"lower": 25.0, "upper": 35.0}, "type": ["Española", "Mediterránea"], "special_diets": ["Opciones vegetarianas", "Opciones veganas"], "meals": ["Comidas", "Cenas", "Bebidas"], "advantages": ["Reservas", "Capacidad", "Sirve alcohol", "Acepta tarjetas de crédito", "Servicio de mesa", "Televisión", "Acceso para discapacitados", "Wifi gratuito"], "address": {"name": "Calle Octavio Cuartero 51, 02003 Albacete España", "link": "https://maps.google.com/maps?saddr=&daddr=Calle+Octavio+Cuartero+51%2C+02003+Albacete+Espa%C3%B1a@38.992214,-1.861083"}, "webpage": "http://www.taperiamatalauva.com/", "email": "reservas@taperiamatalauva.com", "phone": "+34 967 03 05 10", "score_atmosphere": 5.0}}}