{"restaurant": {"ta_link": "https://www.tripadvisor.es/Restaurant_Review-g187486-d22862013-Reviews-McDonald_s-Albacete_Province_of_Albacete_Castile_La_Mancha.html", "name": "McDonald's", "data": {"symbol": null, "claimed": false, "schedule": null, "score_overall": null, "ranking": null, "travellers_choice": false, "score_food": null, "score_service": null, "score_price_quality": null, "score_atmosphere": null, "price": null, "type": null, "special_diets": null, "meals": null, "advantages": null, "address": {"name": "Calle Federico García Lorca, 2-4, 02008 Albacete España", "link": "https://maps.google.com/maps?saddr=&daddr=Calle+Federico+Garc%C3%ADa+Lorca%2C+2-4%2C+02008+Albacete+Espa%C3%B1a@38.999702,-1.848328"}, "webpage": "http://www.burgerking.es/", "email": null, "phone": "+34 967 24 78 85"}}}