{"restaurant": {"ta_link": "https://www.tripadvisor.es/Restaurant_Review-g187486-d10195985-Reviews-Mercado_de_San_Juan-Albacete_Province_of_Albacete_Castile_La_Mancha.html", "name": "Mercado de San Juan", "data": {"symbol": "€€ - €€€", "claimed": true, "schedule": {"dom": ["13:00", "17:00"], "jue": ["13:00", "00:00"], "vie": ["13:00", "00:00"], "sáb": ["13:00", "00:00"]}, "score_overall": 3.5, "ranking": 3, "travellers_choice": false, "score_food": 3.5, "score_service": 3.5, "score_price_quality": 3.5, "price": {"lower": 10.0, "upper": 30.0}, "type": ["Española", "Marisco", "Sushi", "Comedor", "Vinoteca"], "special_diets": ["Opciones veganas"], "meals": ["Brunch", "Abierto hasta tarde", "Bebidas", "Comidas", "Cenas"], "advantages": ["Aparcamiento en la calle", "Estacionamiento gratuito en la calle", "Televisión", "Acceso para discapacitados", "Bar completo", "Vino y cerveza", "Wifi gratuito", "Para llevar", "Reservas", "Terraza exterior", "Restaurante privado", "Capacidad", "Tronas disponibles", "Sirve alcohol"], "address": {"name": "Calle Tesifonte Gallego 9 1a Planta, Val General, 02002 Albacete España", "link": "https://maps.google.com/maps?saddr=&daddr=Calle+Tesifonte+Gallego+9+1a+Planta%2C+Val+General%2C+02002+Albacete+Espa%C3%B1a@38.99219,-1.85552"}, "webpage": "http://www.mercadosanjuan.es/", "email": "info@restaurantequijotealbacete.com", "phone": "+34 967 60 76 67", "score_atmosphere": 4.0}}}