{"restaurant": {"ta_link": "https://www.tripadvisor.es/Restaurant_Review-g187486-d1453796-Reviews-Meson_Restaurante_El_Lomo-Albacete_Province_of_Albacete_Castile_La_Mancha.html", "name": "Meson-Restaurante El Lomo", "data": {"symbol": "€€ - €€€", "claimed": true, "schedule": null, "score_overall": 3.0, "ranking": 12, "travellers_choice": false, "score_food": 4.0, "score_service": 4.0, "score_price_quality": 4.0, "price": {"lower": 3.0, "upper": 25.0}, "type": ["Europea", "Española"], "special_diets": ["Opciones sin gluten"], "meals": ["Comidas"], "advantages": ["Reservas", "Capacidad", "Aparcamiento disponible", "Acceso para discapacitados", "Servicio de mesa", "Restaurante privado", "Sirve alcohol"], "address": {"name": "Ctra. de Penas, Km 3,500, 2049 Albacete España", "link": "https://maps.google.com/maps?saddr=&daddr=Ctra.+de+Penas%2C+Km+3%2C500%2C+2049+Albacete+Espa%C3%B1a@38.98479,-1.86321"}, "webpage": "http://www.restauranteellomo.com/", "email": "mesonellomo@mesonellomo.com", "phone": "+34 653 49 32 35", "score_atmosphere": 4.0}}}