{"restaurant": {"ta_link": "https://www.tripadvisor.es/Restaurant_Review-g187486-d21492839-Reviews-Mixto-Albacete_Province_of_Albacete_Castile_La_Mancha.html", "name": "Mixto", "data": {"symbol": null, "claimed": false, "schedule": null, "score_overall": 4.0, "ranking": 7, "travellers_choice": false, "score_food": 3.5, "score_service": 3.5, "score_price_quality": 4.0, "price": {"lower": 25.0, "upper": 60.0}, "type": ["Italiana"], "special_diets": ["Opciones sin gluten"], "meals": ["Desayuno"], "advantages": ["Reservas", "Servicio de mesa", "Capacidad", "Acceso para discapacitados"], "address": {"name": "0 Calle Raimundo Lulio 15 Junto A La Plaza De Toros, 02005 Albacete España", "link": "https://maps.google.com/maps?saddr=&daddr=0+Calle+Raimundo+Lulio+15+Junto+A+La+Plaza+De+Toros%2C+02005+Albacete+Espa%C3%B1a@38.99762,-1.86211"}, "webpage": "http://www.hotelsanantonio.es/", "email": "cafeteriazayra@hotmail.com", "phone": "+34 967 52 35 35", "score_atmosphere": 4.0}}}