{"restaurant": {"ta_link": "https://www.tripadvisor.es/Restaurant_Review-g187486-d11712501-Reviews-Nazaret-Albacete_Province_of_Albacete_Castile_La_Mancha.html", "name": "Nazaret", "data": {"symbol": null, "claimed": false, "schedule": null, "score_overall": 4.5, "ranking": 9, "travellers_choice": false, "score_food": 4.0, "score_service": 4.0, "score_price_quality": 4.0, "price": {"lower": 25.0, "upper": 60.0}, "type": ["Restaurante de carne"], "special_diets": ["Opciones vegetarianas"], "meals": ["Comidas", "Desayuno", "Cenas", "Brunch"], "advantages": ["Reservas"], "address": {"name": "Calle del Arquitecto Vandelvira 44, 02003 Albacete España", "link": "https://maps.google.com/maps?saddr=&daddr=Calle+del+Arquitecto+Vandelvira+44%2C+02003+Albacete+Espa%C3%B1a@38.98877,-1.86393"}, "webpage": "http://www.facebook.com/La-Parrilla-276340739090637/", "email": "elrocin2@gmail.com", "phone": "+34 967 50 11 44", "score_atmosphere": 4.0}}}