{"restaurant": {"ta_link": "https://www.tripadvisor.es/Restaurant_Review-g187486-d23998496-Reviews-Nimax-Albacete_Province_of_Albacete_Castile_La_Mancha.html", "name": "Nimax", "data": {"symbol": null, "claimed": false, "schedule": {"dom": ["19:30", "00:00"], "lun": ["19:30", "00:00"], "mié": ["19:30", "00:00"], "jue": ["19:30", "00:00"], "vie": ["19:30", "00:00"], "sáb": ["19:30", "00:00"]}, "score_overall": null, "ranking": null, "travellers_choice": false, "score_food": 2.5, "score_service": 1.5, "score_price_quality": 1.5, "price": {"lower": 6.0, "upper": 20.0}, "type": ["Sudamericana", "Colombiana"], "special_diets": ["Opciones vegetarianas"], "meals": ["Cenas"], "advantages": ["Aparcamiento disponible", "Vino y cerveza", "Acepta tarjetas de crédito", "Servicio de mesa"], "address": {"name": "Calle Cristóbal Pérez Pastor, 42, 02004 Albacete España", "link": "https://maps.google.com/maps?saddr=&daddr=Calle+Crist%C3%B3bal+P%C3%A9rez+Pastor%2C+42%2C+02004+Albacete+Espa%C3%B1a@38.9947,-1.863979"}, "webpage": "http://cafe-bar-nimax.negocio.site/", "email": "elnuevorestauranteelcoto@gmail.com", "phone": "+34 967 61 07 51", "score_atmosphere": 3.5}}}