{"restaurant": {"ta_link": "https://www.tripadvisor.es/Restaurant_Review-g187486-d999043-Reviews-Noa_noa-Albacete_Province_of_Albacete_Castile_La_Mancha.html", "name": "Noa-noa", "data": {"symbol": null, "claimed": true, "schedule": null, "score_overall": 1.5, "ranking": 215, "travellers_choice": false, "score_food": 2.5, "score_service": 1.5, "score_price_quality": 1.5, "price": {"lower": 3.0, "upper": 15.0}, "type": ["Española"], "special_diets": ["Opciones vegetarianas"], "meals": ["Comidas", "Cenas"], "advantages": ["Reservas", "Capacidad", "Servicio de mesa"], "address": {"name": "Paseo Cuba 33, 02005 Albacete España", "link": "https://maps.google.com/maps?saddr=&daddr=Paseo+Cuba+33%2C+02005+Albacete+Espa%C3%B1a@39.00426,-1.85913"}, "webpage": "https://www.facebook.com/Tasca-Cristina-821223214639904/", "email": "ventalasperdices@hotmail.com", "phone": "+34 967 21 00 25", "score_atmosphere": 3.5}}}