{"restaurant": {"ta_link": "https://www.tripadvisor.es/Restaurant_Review-g187486-d12664517-Reviews-Nuevo_Riofri_o-Albacete_Province_of_Albacete_Castile_La_Mancha.html", "name": "Nuevo Riofrío", "data": {"symbol": "€€ - €€€", "claimed": true, "schedule": {"dom": ["08:00", "21:00"], "lun": ["08:00", "00:00"], "mar": ["08:00", "00:00"], "mié": ["08:00", "00:00"], "jue": ["08:00", "00:00"], "vie": ["08:00", "00:00"], "sáb": ["08:00", "21:00"]}, "score_overall": 3.5, "ranking": 6, "travellers_choice": false, "score_food": 3.5, "score_service": 3.5, "score_price_quality": 3.5, "price": {"lower": 6.0, "upper": 18.0}, "type": ["Mediterránea", "Española", "Bar", "Pizza", "Comida rápida", "Internacional", "Pub"], "special_diets": ["Opciones veganas"], "meals": ["Desayuno", "Comidas", "Cenas", "Brunch", "Abierto hasta tarde", "Bebidas"], "advantages": ["Reservas", "Servicio de mesa", "A domicilio", "Para llevar", "Terraza exterior", "Capacidad", "Aparcamiento en la calle", "Estacionamiento gratuito en la calle", "Televisión", "Acceso para discapacitados", "Sirve alcohol", "Bar completo", "Vino y cerveza", "Pagos digitales", "Wifi gratuito", "Acepta tarjetas de crédito", "Zonas de juego"], "address": {"name": "Paseo Circunvalación, 72 BAJO, D, 2006 Albacete España", "link": "https://maps.google.com/maps?saddr=&daddr=Paseo+Circunvalaci%C3%B3n%2C+72+BAJO%2C+D%2C+2006+Albacete+Espa%C3%B1a@38.99033,-1.86851"}, "webpage": "http://nuevoriofrioalbacete.es/", "email": "antonionuevoriofrio@gmail.com", "phone": "+34 617 31 34 25", "score_atmosphere": 4.0}}}