{"restaurant": {"ta_link": "https://www.tripadvisor.es/Restaurant_Review-g187486-d21386291-Reviews-Owens_Selection-Albacete_Province_of_Albacete_Castile_La_Mancha.html", "name": "Owens Selection", "data": {"symbol": null, "claimed": false, "schedule": null, "score_overall": 5.0, "ranking": 207, "travellers_choice": false, "score_food": null, "score_service": null, "score_price_quality": null, "score_atmosphere": null, "price": null, "type": null, "special_diets": null, "meals": null, "advantages": null, "address": {"name": "Calle de la Feria, 42, 02005 Albacete España", "link": "https://maps.google.com/maps?saddr=&daddr=Calle+de+la+Feria%2C+42%2C+02005+Albacete+Espa%C3%B1a@38.99628,-1.86164"}, "webpage": "https://www.facebook.com/owensselection/", "email": "owensselection@gmail.com", "phone": "+34 676 83 81 49"}}}