{"restaurant": {"ta_link": "https://www.tripadvisor.es/Restaurant_Review-g187486-d4137960-Reviews-Parador_de_Albacete-Albacete_Province_of_Albacete_Castile_La_Mancha.html", "name": "Parador de Albacete", "data": {"symbol": "€€ - €€€", "claimed": true, "schedule": {"dom": ["13:30", "16:00"], "lun": ["13:30", "16:00", "20:30", "23:00"], "mar": ["13:30", "16:00", "20:30", "23:00"], "mié": ["13:30", "16:00", "20:30", "23:00"], "jue": ["13:30", "16:00", "20:30", "23:00"], "vie": ["13:30", "16:00"], "sáb": ["13:30", "16:00"]}, "score_overall": 3.5, "ranking": 1, "travellers_choice": false, "score_food": 3.5, "score_service": 3.5, "score_price_quality": 3.0, "price": {"lower": 31.0, "upper": 45.0}, "type": ["Internacional", "Española", "Mediterránea", "Europea", "Comedor"], "special_diets": ["Opciones vegetarianas", "Opciones sin gluten"], "meals": ["Comidas", "Cenas", "Bebidas", "Desayuno"], "advantages": ["Reservas", "Capacidad", "Aparcamiento disponible", "Acceso para discapacitados", "Sirve alcohol", "Servicio de mesa", "Tronas disponibles", "Bar completo"], "address": {"name": "Cn 301 Km 251., 02008 Albacete España", "link": "https://maps.google.com/maps?saddr=&daddr=Cn+301+Km+251.%2C+02008+Albacete+Espa%C3%B1a@38.962795,-1.822867"}, "webpage": "http://www.parador.es/es/parador-de-albacete/restaurante", "email": "albacete@parador.es", "phone": "+34 967 01 00 50", "score_atmosphere": 5.0}}}