{"restaurant": {"ta_link": "https://www.tripadvisor.es/Restaurant_Review-g187486-d23907578-Reviews-Piccadilly_Avenue-Albacete_Province_of_Albacete_Castile_La_Mancha.html", "name": "Piccadilly Avenue", "data": {"symbol": null, "claimed": false, "schedule": {"dom": ["12:00", "02:00"], "lun": ["09:00", "16:30"], "mié": ["19:00", "00:00"], "jue": ["19:00", "00:00"], "vie": ["19:00", "00:00"], "sáb": ["12:00", "02:00"]}, "score_overall": null, "ranking": null, "travellers_choice": false, "score_food": 2.5, "score_service": 1.5, "score_price_quality": 1.5, "price": {"lower": 10.0, "upper": 50.0}, "type": ["Japonesa", "Española", "Fusión", "Street food / Comida en la calle"], "special_diets": ["Opciones vegetarianas"], "meals": ["Desayuno", "Comidas", "Cenas"], "advantages": ["Reservas", "Terraza exterior", "Sirve alcohol", "Vino y cerveza", "Wifi gratuito", "Servicio de mesa", "Estilo familiar", "Restaurantes de no fumadores"], "address": {"name": "Avenida España 49, 02002 Albacete España", "link": "https://maps.google.com/maps?saddr=&daddr=Avenida+Espa%C3%B1a+49%2C+02002+Albacete+Espa%C3%B1a@38.9836,-1.853815"}, "webpage": "http://piccadillyavenue.es/", "email": "minicamps@hotmail.com", "phone": "+34 622 47 58 31", "score_atmosphere": 3.5}}}