{"restaurant": {"ta_link": "https://www.tripadvisor.es/Restaurant_Review-g187486-d7951571-Reviews-Pizzeria_Carlos-Albacete_Province_of_Albacete_Castile_La_Mancha.html", "name": "Pizzeria Carlos", "data": {"symbol": "€", "claimed": false, "schedule": null, "score_overall": 2.5, "ranking": 11, "travellers_choice": false, "score_food": 3.0, "score_service": 3.0, "score_price_quality": 3.5, "price": {"lower": 6.0, "upper": 12.0}, "type": ["Pizza"], "special_diets": ["Opciones sin gluten"], "meals": ["Desayuno", "Cenas"], "advantages": ["A domicilio", "Para llevar", "Capacidad", "Acceso para discapacitados", "Sirve alcohol", "Servicio de mesa"], "address": {"name": "Calle Hellin 24, 02006 Albacete España", "link": "https://maps.google.com/maps?saddr=&daddr=Calle+Hellin+24%2C+02006+Albacete+Espa%C3%B1a@38.98341,-1.85479"}, "webpage": "http://www.pizzeriascarlos.es/", "email": "baravion@gmail.com", "phone": "+34 967 71 72 73", "score_atmosphere": 3.0}}}