{"restaurant": {"ta_link": "https://www.tripadvisor.es/Restaurant_Review-g187486-d19718274-Reviews-Plantaciones-Albacete_Province_of_Albacete_Castile_La_Mancha.html", "name": "Plantaciones", "data": {"symbol": null, "claimed": false, "schedule": null, "score_overall": null, "ranking": null, "travellers_choice": false, "score_food": 2.5, "score_service": 1.5, "score_price_quality": 1.5, "price": {"lower": 6.0, "upper": 20.0}, "type": ["Española"], "special_diets": ["Opciones vegetarianas"], "meals": ["Cenas"], "advantages": ["Aparcamiento disponible", "Vino y cerveza", "Acepta tarjetas de crédito", "Servicio de mesa"], "address": {"name": "0 Avenida de Espana 16, 02002 Albacete España", "link": "https://maps.google.com/maps?saddr=&daddr=0+Avenida+de+Espana+16%2C+02002+Albacete+Espa%C3%B1a@38.98449,-1.85407"}, "webpage": "http://www.valor.es/", "email": "marketing@taperiasanjuan.es", "phone": "+34 976 22 53 65", "score_atmosphere": 3.5}}}