{"restaurant": {"ta_link": "https://www.tripadvisor.es/Restaurant_Review-g187486-d10666477-Reviews-Pomodoro_Albacenter-Albacete_Province_of_Albacete_Castile_La_Mancha.html", "name": "Pomodoro Albacenter", "data": {"symbol": "€", "claimed": true, "schedule": null, "score_overall": 3.5, "ranking": 156, "travellers_choice": false, "score_food": 2.5, "score_service": 3.0, "score_price_quality": 3.0, "price": {"lower": 4.0, "upper": 20.0}, "type": ["Café"], "special_diets": ["Opciones vegetarianas", "Opciones veganas"], "meals": ["Cenas"], "advantages": ["Acceso para discapacitados", "Para llevar", "Reservas", "Capacidad", "Sirve alcohol", "Servicio de mesa"], "address": {"name": "Calle Alcalde Conangla s/n, C.C. Albacenter, Albacete España", "link": "https://maps.google.com/maps?saddr=&daddr=Calle+Alcalde+Conangla+s%2Fn%2C+C.C.+Albacenter%2C+Albacete+Espa%C3%B1a@38.990387,-1.847541"}, "webpage": "http://www.ccalbacenter.com/tienda/pomodoro-pasta-pizza-burritos/", "email": "haikucreperia@gmail.com", "phone": "+34 967 25 76 61", "score_atmosphere": 4.0}}}