{"restaurant": {"ta_link": "https://www.tripadvisor.es/Restaurant_Review-g187486-d15606655-Reviews-Quinta_Esencia-Albacete_Province_of_Albacete_Castile_La_Mancha.html", "name": "Quinta Esencia", "data": {"symbol": null, "claimed": false, "schedule": null, "score_overall": 3.5, "ranking": 167, "travellers_choice": false, "score_food": 3.5, "score_service": 3.5, "score_price_quality": 3.0, "price": {"lower": 10.0, "upper": 36.0}, "type": ["Española"], "special_diets": ["Opciones vegetarianas", "Opciones veganas"], "meals": ["Cenas"], "advantages": ["Reservas", "Acceso para discapacitados", "Servicio de mesa"], "address": {"name": "Plaza del Altozano 6, 02001 Albacete España", "link": "https://maps.google.com/maps?saddr=&daddr=Plaza+del+Altozano+6%2C+02001+Albacete+Espa%C3%B1a@38.99504,-1.85485"}, "webpage": "https://www.facebook.com/Quintaesenciajamoneria/", "email": "info@bardetus.com", "phone": "+34 967 11 85 00", "score_atmosphere": 4.0}}}