{"restaurant": {"ta_link": "https://www.tripadvisor.es/Restaurant_Review-g187486-d5870179-Reviews-Restaurante_El_Badil-Albacete_Province_of_Albacete_Castile_La_Mancha.html", "name": "RESTAURANTE EL BADIL", "data": {"symbol": "€€ - €€€", "claimed": true, "schedule": {"dom": ["08:00", "01:30"], "lun": ["07:00", "00:30"], "mar": ["07:00", "00:30"], "mié": ["07:00", "00:30"], "jue": ["07:00", "00:30"], "vie": ["07:00", "00:30"], "sáb": ["08:00", "01:30"]}, "score_overall": 4.0, "ranking": 65, "travellers_choice": false, "score_food": 4.0, "score_service": 4.5, "score_price_quality": 4.5, "price": {"lower": 8.0, "upper": 15.0}, "type": ["Española", "Bar", "Pub"], "special_diets": ["Opciones vegetarianas"], "meals": ["Comidas", "Desayuno", "Cenas", "Brunch"], "advantages": ["Capacidad", "Servicio de mesa", "Reservas", "Terraza exterior", "Acceso para discapacitados"], "address": {"name": "Paseo de Circunvalación 115, 02003 Albacete España", "link": "https://maps.google.com/maps?saddr=&daddr=Paseo+de+Circunvalaci%C3%B3n+115%2C+02003+Albacete+Espa%C3%B1a@38.98484,-1.86239"}, "webpage": "http://www.elbadil.es/", "email": "bodegondecalmar@gmail.com", "phone": "+34 967 04 96 43", "score_atmosphere": 4.0}}}