{"restaurant": {"ta_link": "https://www.tripadvisor.es/Restaurant_Review-g187486-d10672784-Reviews-Restaurante_Venta_Cancarix_Sl-Albacete_Province_of_Albacete_Castile_La_Mancha.html", "name": "Restaurante Venta Cancarix Sl", "data": {"symbol": "€", "claimed": false, "schedule": null, "score_overall": 3.5, "ranking": 158, "travellers_choice": false, "score_food": 4.5, "score_service": 4.5, "score_price_quality": 4.5, "price": {"lower": 11.0, "upper": 18.0}, "type": ["Española"], "special_diets": ["Opciones vegetarianas", "Opciones veganas"], "meals": ["Desayuno", "Cenas"], "advantages": ["Servicio de mesa", "Reservas", "Capacidad"], "address": {"name": "Carretera De Madrid-Cartagena A-30, Salida 75, 02499 Albacete España", "link": "https://maps.google.com/maps?saddr=&daddr=Carretera+De+Madrid-Cartagena+A-30%2C+Salida+75%2C+02499+Albacete+Espa%C3%B1a@39.02646,-1.89288"}, "webpage": "http://www.gruposaona.com/restaurante/saona-albacete/", "email": "reservas@gruposaona.com", "phone": "+34 967 32 28 50", "score_atmosphere": 4.0}}}