{"restaurant": {"ta_link": "https://www.tripadvisor.es/Restaurant_Review-g187486-d3840120-Reviews-Restaurante_Taperia_El_Bierzo-Albacete_Province_of_Albacete_Castile_La_Mancha.html", "name": "Restaurante Taperia El Bierzo", "data": {"symbol": "€€ - €€€", "claimed": true, "schedule": {"dom": ["08:00", "01:00"], "lun": ["08:00", "01:00"], "mar": ["08:00", "01:00"], "mié": ["08:00", "01:00"], "jue": ["08:00", "01:00"], "vie": ["08:00", "01:00"], "sáb": ["08:00", "01:00"]}, "score_overall": 4.0, "ranking": 30, "travellers_choice": false, "score_food": 4.0, "score_service": 4.0, "score_price_quality": 4.5, "price": {"lower": 20.0, "upper": 35.0}, "type": ["Española", "Mediterránea"], "special_diets": ["Opciones vegetarianas", "Opciones veganas", "Opciones sin gluten"], "meals": ["Desayuno", "Comidas", "Cenas", "Abierto hasta tarde"], "advantages": ["Reservas", "Capacidad", "Acceso para discapacitados", "Sirve alcohol", "Bar completo", "Servicio de mesa"], "address": {"name": "Calle Jose de Echegaray 25, 02006 Albacete España", "link": "https://maps.google.com/maps?saddr=&daddr=Calle+Jose+de+Echegaray+25%2C+02006+Albacete+Espa%C3%B1a@38.99608,-1.872126"}, "webpage": "http://www.taperiaelbierzo.es/", "email": "info@taperiaelbierzo.es", "phone": "+34 967 60 03 93", "score_atmosphere": 4.5}}}