{"restaurant": {"ta_link": "https://www.tripadvisor.es/Restaurant_Review-g187486-d10323712-Reviews-Restaurante_Alfaro-Albacete_Province_of_Albacete_Castile_La_Mancha.html", "name": "Restaurante Alfaro", "data": {"symbol": "€€ - €€€", "claimed": false, "schedule": null, "score_overall": 2.0, "ranking": 214, "travellers_choice": false, "score_food": 3.5, "score_service": 3.5, "score_price_quality": 3.5, "price": {"lower": 3.0, "upper": 15.0}, "type": ["Española"], "special_diets": ["Opciones vegetarianas"], "meals": ["Comidas", "Cenas"], "advantages": ["Capacidad", "Servicio de mesa", "Reservas", "Acceso para discapacitados"], "address": {"name": "Carr. de las Peñas, 81, 02006 Albacete España", "link": "https://maps.google.com/maps?saddr=&daddr=Carr.+de+las+Pe%C3%B1as%2C+81%2C+02006+Albacete+Espa%C3%B1a"}, "webpage": "https://www.facebook.com/Tasca-Cristina-821223214639904/", "email": "ventalasperdices@hotmail.com", "phone": "+34 967 75 06 78", "score_atmosphere": 3.5}}}