{"restaurant": {"ta_link": "https://www.tripadvisor.es/Restaurant_Review-g187486-d2026330-Reviews-Restaurante_Garabato-Albacete_Province_of_Albacete_Castile_La_Mancha.html", "name": "Restaurante Garabato", "data": {"symbol": "€€ - €€€", "claimed": true, "schedule": {"dom": ["12:30", "17:00", "20:00", "23:45"], "lun": ["12:30", "17:00", "20:00", "23:45"], "mar": ["12:30", "17:00", "20:00", "23:45"], "mié": ["12:30", "17:00", "20:00", "23:45"], "jue": ["12:30", "17:00", "20:00", "23:45"], "vie": ["12:30", "17:00", "20:00", "23:45"], "sáb": ["12:30", "17:00", "20:00", "23:45"]}, "score_overall": 3.5, "ranking": 18, "travellers_choice": false, "score_food": 4.0, "score_service": 4.0, "score_price_quality": 3.5, "price": {"lower": 20.0, "upper": 40.0}, "type": ["Internacional", "Sushi", "Española"], "special_diets": ["Opciones vegetarianas", "Opciones veganas", "Opciones sin gluten"], "meals": ["Comidas", "Cenas", "Brunch", "Abierto hasta tarde", "Bebidas"], "advantages": ["Para llevar", "Terraza exterior", "Capacidad", "Televisión", "Tronas disponibles", "Sirve alcohol", "Bar completo", "Acepta American Express", "Acepta Mastercard", "Acepta Visa", "Wifi gratuito", "Reservas", "Acceso para discapacitados", "Vino y cerveza", "Acepta tarjetas de crédito", "Servicio de mesa"], "address": {"name": "Plaza del Altozano, 6, 02001 Albacete España", "link": "https://maps.google.com/maps?saddr=&daddr=Plaza+del+Altozano%2C+6%2C+02001+Albacete+Espa%C3%B1a@38.9947,-1.854473"}, "webpage": "http://www.restaurantegarabato.com/", "email": "cflores@restaurantegarabato.com", "phone": "+34 967 21 90 68", "score_atmosphere": 4.0}}}