{"restaurant": {"ta_link": "https://www.tripadvisor.es/Restaurant_Review-g187486-d5486368-Reviews-Restaurante_Posada_Real-Albacete_Province_of_Albacete_Castile_La_Mancha.html", "name": "Restaurante Posada Real", "data": {"symbol": "€€ - €€€", "claimed": true, "schedule": {"dom": ["11:00", "16:00"], "lun": ["12:00", "17:00", "20:00", "23:59"], "mar": ["12:00", "17:00", "20:00", "23:59"], "mié": ["12:00", "17:00", "20:00", "23:59"], "jue": ["12:00", "17:00", "20:00", "23:59"], "vie": ["12:00", "17:00", "20:00", "23:59"], "sáb": ["12:00", "17:00", "20:00", "23:59"]}, "score_overall": 4.5, "ranking": 26, "travellers_choice": false, "score_food": 4.5, "score_service": 4.0, "score_price_quality": 4.0, "price": {"lower": 10.0, "upper": 40.0}, "type": ["Española"], "special_diets": ["Opciones vegetarianas", "Opciones veganas", "Opciones sin gluten"], "meals": ["Comidas", "Cenas"], "advantages": ["Reservas", "Capacidad", "Acceso para discapacitados", "Sirve alcohol", "Servicio de mesa"], "address": {"name": "Calle Alcalde Conangla, 18 BAJO, 02001 Albacete España", "link": "https://maps.google.com/maps?saddr=&daddr=Calle+Alcalde+Conangla%2C+18+BAJO%2C+02001+Albacete+Espa%C3%B1a@38.995464,-1.850486"}, "webpage": "http://salonesposadareal.es/", "email": "info@salonesposadareal.com", "phone": "+34 967 21 45 87", "score_atmosphere": 4.0}}}