{"restaurant": {"ta_link": "https://www.tripadvisor.es/Restaurant_Review-g187486-d23633588-Reviews-Restaurante_El_Molino-Albacete_Province_of_Albacete_Castile_La_Mancha.html", "name": "Restaurante El Molino", "data": {"symbol": null, "claimed": false, "schedule": {"dom": ["08:00", "00:00"], "lun": ["08:00", "00:00"], "mar": ["08:00", "00:00"], "mié": ["08:00", "00:00"], "jue": ["08:00", "00:00"], "vie": ["08:00", "00:00"], "sáb": ["08:00", "00:00"]}, "score_overall": 3.5, "ranking": 168, "travellers_choice": false, "score_food": 3.5, "score_service": 3.5, "score_price_quality": 3.0, "price": {"lower": 10.0, "upper": 36.0}, "type": ["Española"], "special_diets": ["Opciones vegetarianas", "Opciones veganas"], "meals": ["Desayuno", "Comidas", "Cenas"], "advantages": ["Reservas"], "address": {"name": "Avenida de Isabel la Catolica 20 Bajo, 02005 Albacete España", "link": "https://maps.google.com/maps?saddr=&daddr=Avenida+de+Isabel+la+Catolica+20+Bajo%2C+02005+Albacete+Espa%C3%B1a@38.99842,-1.85879"}, "webpage": "https://www.facebook.com/mamamiaalbacete/", "email": "mammamia@mamma-mia.es", "phone": "+34 967 10 91 92", "score_atmosphere": 4.0}}}