{"restaurant": {"ta_link": "https://www.tripadvisor.es/Restaurant_Review-g187486-d10675604-Reviews-Rincon_de_Chicharro-Albacete_Province_of_Albacete_Castile_La_Mancha.html", "name": "Rincon de Chicharro", "data": {"symbol": "€€ - €€€", "claimed": false, "schedule": null, "score_overall": 3.5, "ranking": 80, "travellers_choice": false, "score_food": 3.5, "score_service": 3.5, "score_price_quality": 3.0, "price": {"lower": 25.0, "upper": 60.0}, "type": ["Mediterránea", "Española"], "special_diets": ["Opciones veganas"], "meals": ["Desayuno"], "advantages": ["Reservas", "Capacidad", "Acceso para discapacitados", "Servicio de mesa", "Sirve alcohol"], "address": {"name": "Avenida del Arquitecto Julio Carriler 9, 02005 Albacete España", "link": "https://maps.google.com/maps?saddr=&daddr=Avenida+del+Arquitecto+Julio+Carriler+9%2C+02005+Albacete+Espa%C3%B1a@38.999428,-1.862866"}, "webpage": "http://www.facebook.com/rincondechicharro/", "email": "sonyarodenas@gmail.com", "phone": "+34 600 65 12 88", "score_atmosphere": 4.0}}}