{"restaurant": {"ta_link": "https://www.tripadvisor.es/Restaurant_Review-g187486-d23611605-Reviews-Saona_Albacete-Albacete_Province_of_Albacete_Castile_La_Mancha.html", "name": "Saona Albacete", "data": {"symbol": "€€ - €€€", "claimed": true, "schedule": {"dom": ["13:00", "16:30", "20:00", "23:30"], "lun": ["13:00", "16:30", "20:00", "23:30"], "mar": ["13:00", "16:30", "20:00", "23:30"], "mié": ["13:00", "16:30", "20:00", "23:30"], "jue": ["13:00", "16:30", "20:00", "00:00"], "vie": ["13:00", "16:30", "20:00", "00:00"], "sáb": ["13:00", "16:30", "20:00", "00:00"]}, "score_overall": 3.0, "ranking": 101, "travellers_choice": false, "score_food": 4.5, "score_service": 4.5, "score_price_quality": 4.5, "price": {"lower": 11.0, "upper": 18.0}, "type": ["Mediterránea", "Europea", "Española"], "special_diets": ["Opciones vegetarianas", "Opciones veganas"], "meals": ["Comidas", "Cenas", "Bebidas"], "advantages": ["A domicilio", "Reservas", "Terraza exterior", "Capacidad", "Sirve alcohol", "Vino y cerveza", "Wifi gratuito", "Acepta tarjetas de crédito", "Servicio de mesa", "Tarjetas de regalo disponibles"], "address": {"name": "Carrier Jesús Nazareno nº4, 02002 Albacete España", "link": "https://maps.google.com/maps?saddr=&daddr=Carrier+Jes%C3%BAs+Nazareno+n%C2%BA4%2C+02002+Albacete+Espa%C3%B1a@38.991016,-1.853847"}, "webpage": "http://www.gruposaona.com/restaurante/saona-albacete/", "email": "reservas@gruposaona.com", "phone": "+34 967 13 57 40", "score_atmosphere": 4.0}}}