{"restaurant": {"ta_link": "https://www.tripadvisor.es/Restaurant_Review-g187486-d7229918-Reviews-Sesamum-Albacete_Province_of_Albacete_Castile_La_Mancha.html", "name": "Sesamum", "data": {"symbol": "€€ - €€€", "claimed": true, "schedule": {"dom": ["13:00", "16:30"], "lun": ["13:00", "17:00"], "mié": ["13:00", "16:30"], "jue": ["13:00", "16:30"], "vie": ["13:00", "16:30", "21:00", "23:30"], "sáb": ["13:00", "16:30", "21:00", "23:30"]}, "score_overall": 4.5, "ranking": 4, "travellers_choice": true, "score_food": 4.5, "score_service": 4.5, "score_price_quality": 4.0, "price": {"lower": 14.0, "upper": 24.0}, "type": ["Saludable"], "special_diets": ["Opciones vegetarianas", "Opciones veganas", "Opciones sin gluten"], "meals": ["Comidas", "Cenas"], "advantages": ["A domicilio", "Para llevar", "Reservas", "Terraza exterior", "Capacidad", "Acceso para discapacitados", "Sirve alcohol", "Vino y cerveza", "Wifi gratuito", "Acepta tarjetas de crédito", "Servicio de mesa", "Tronas disponibles", "Tarjetas de regalo disponibles"], "address": {"name": "Callejón del Teatro Circo nº5, 02001 Albacete España", "link": "https://maps.google.com/maps?saddr=&daddr=Callej%C3%B3n+del+Teatro+Circo+n%C2%BA5%2C+02001+Albacete+Espa%C3%B1a@38.99625,-1.854126"}, "webpage": "http://sesamum.es/", "email": "sesamum@sesamum.es", "phone": "+34 967 03 24 97", "score_atmosphere": 4.0}}}