{"restaurant": {"ta_link": "https://www.tripadvisor.es/Restaurant_Review-g187486-d20201716-Reviews-Taberna_pepa_la_cordobesa-Albacete_Province_of_Albacete_Castile_La_Mancha.html", "name": "Taberna pepa la cordobesa", "data": {"symbol": "€€€€", "claimed": true, "schedule": null, "score_overall": 5.0, "ranking": 125, "travellers_choice": false, "score_food": 3.5, "score_service": 3.5, "score_price_quality": 3.5, "price": {"lower": 12.0, "upper": 100.0}, "type": ["Española"], "special_diets": ["Opciones vegetarianas", "Opciones veganas"], "meals": ["Comidas", "Cenas"], "advantages": ["Sirve alcohol", "Servicio de mesa", "Reservas", "Capacidad", "Acceso para discapacitados"], "address": {"name": "Calle Don Guillermo Esquina con Calle Herreros, Albacete España", "link": "https://maps.google.com/maps?saddr=&daddr=Calle+Don+Guillermo+Esquina+con+Calle+Herreros%2C+Albacete+Espa%C3%B1a"}, "webpage": "https://www.facebook.com/018Albacete/", "email": "Enani3.0@gmail.com", "phone": "+34 638 23 60 43", "score_atmosphere": 4.0}}}