{"restaurant": {"ta_link": "https://www.tripadvisor.es/Restaurant_Review-g187486-d5790697-Reviews-Taberna_del_Volapie_Albacete-Albacete_Province_of_Albacete_Castile_La_Mancha.html", "name": "Taberna del Volapié Albacete", "data": {"symbol": "€€ - €€€", "claimed": true, "schedule": null, "score_overall": 3.5, "ranking": 70, "travellers_choice": false, "score_food": 3.5, "score_service": 3.5, "score_price_quality": 3.5, "price": {"lower": 11.0, "upper": 41.0}, "type": ["Española", "Mediterránea"], "special_diets": ["Opciones sin gluten"], "meals": ["Comidas", "Cenas", "Brunch"], "advantages": ["Capacidad", "Acceso para discapacitados", "Servicio de mesa", "Reservas", "Sirve alcohol"], "address": {"name": "Gaona, 3 Esq. Concepción, 02002 Albacete España", "link": "https://maps.google.com/maps?saddr=&daddr=Gaona%2C+3+Esq.+Concepci%C3%B3n%2C+02002+Albacete+Espa%C3%B1a@38.993603,-1.853853"}, "webpage": "http://www.tabernadelvolapie.com/", "email": "restaurantelafalla@gmail.com", "phone": "+34 967 24 18 86", "score_atmosphere": 3.5}}}