{"restaurant": {"ta_link": "https://www.tripadvisor.es/Restaurant_Review-g187486-d12222849-Reviews-Taperia_Los_Angeles-Albacete_Province_of_Albacete_Castile_La_Mancha.html", "name": "Taperia Los Angeles", "data": {"symbol": null, "claimed": true, "schedule": {"dom": ["07:00", "23:45"], "mar": ["07:00", "23:45"], "mié": ["07:00", "23:45"], "jue": ["07:00", "23:45"], "vie": ["07:00", "23:45"], "sáb": ["07:00", "23:45"]}, "score_overall": 4.5, "ranking": 114, "travellers_choice": false, "score_food": 4.0, "score_service": 4.0, "score_price_quality": 4.0, "price": {"lower": 11.0, "upper": 41.0}, "type": ["Bar", "Mediterránea", "Española", "Pub", "Saludable"], "special_diets": ["Opciones vegetarianas"], "meals": ["Bebidas", "Desayuno", "Comidas", "Cenas"], "advantages": ["Capacidad", "Servicio de mesa", "A domicilio", "Para llevar", "Reservas"], "address": {"name": "Calle Benavente 36 Bajo, 02006 Albacete España", "link": "https://maps.google.com/maps?saddr=&daddr=Calle+Benavente+36+Bajo%2C+02006+Albacete+Espa%C3%B1a@38.99572,-1.87228"}, "webpage": "https://www.facebook.com/Taper%C3%ADa-Los-%C3%81ngeles-1600417446916625/", "email": "j.a.gonzalez.1@live.com", "phone": "+34 650 31 91 33", "score_atmosphere": 3.5}}}