{"restaurant": {"ta_link": "https://www.tripadvisor.es/Restaurant_Review-g187486-d25268631-Reviews-Taperia_Nuevo_Milan-Albacete_Province_of_Albacete_Castile_La_Mancha.html", "name": "Tapería Nuevo Milán", "data": {"symbol": null, "claimed": true, "schedule": {"dom": ["11:30", "17:30"], "mar": ["11:30", "17:30", "20:30", "00:00"], "mié": ["11:30", "17:30", "20:30", "00:00"], "jue": ["11:30", "17:30", "20:30", "00:00"], "vie": ["11:30", "17:30", "20:30", "00:00"], "sáb": ["11:30", "17:30", "20:30", "00:00"]}, "score_overall": null, "ranking": null, "travellers_choice": false, "score_food": 2.5, "score_service": 1.5, "score_price_quality": 1.5, "price": {"lower": 7.0, "upper": 25.0}, "type": ["Marisco", "Española"], "special_diets": ["Opciones vegetarianas"], "meals": ["Comidas", "Cenas"], "advantages": ["Reservas", "Terraza exterior", "Sirve alcohol", "Vino y cerveza", "Wifi gratuito", "Servicio de mesa", "Estilo familiar", "Restaurantes de no fumadores"], "address": {"name": "Paseo De La Libertad, 6, 02001 Albacete España", "link": "https://maps.google.com/maps?saddr=&daddr=Paseo+De+La+Libertad%2C+6%2C+02001+Albacete+Espa%C3%B1a@38.99435,-1.858542"}, "webpage": "http://instagram.com/taperiadharma?igshid=ky2imk7sqz3f", "email": "taperianuevomilan@gmail.com", "phone": "+34 967 21 42 83", "score_atmosphere": 3.5}}}