{"restaurant": {"ta_link": "https://www.tripadvisor.es/Restaurant_Review-g187486-d19410479-Reviews-Taperia_la_Balanza-Albacete_Province_of_Albacete_Castile_La_Mancha.html", "name": "Taperia la Balanza", "data": {"symbol": null, "claimed": false, "schedule": null, "score_overall": 2.5, "ranking": 210, "travellers_choice": false, "score_food": 2.0, "score_service": 3.5, "score_price_quality": 2.0, "price": {"lower": 3.0, "upper": 8.0}, "type": ["Española"], "special_diets": ["Opciones vegetarianas"], "meals": ["Comidas"], "advantages": ["Servicio de mesa"], "address": {"name": "Calle Municipio de Molinicos, 02006 Albacete España", "link": "https://maps.google.com/maps?saddr=&daddr=Calle+Municipio+de+Molinicos%2C+02006+Albacete+Espa%C3%B1a@39.00731,-1.87458"}, "webpage": "https://www.facebook.com/Taperia-La-Balanza-108963880545684/", "email": "muhemmedrizwan@yahoo.com", "phone": "+34 967 26 68 83", "score_atmosphere": 3.5}}}