{"restaurant": {"ta_link": "https://www.tripadvisor.es/Restaurant_Review-g187486-d8121218-Reviews-Taperia_El_Barrio_de_Montse-Albacete_Province_of_Albacete_Castile_La_Mancha.html", "name": "Taperia El Barrio de Montse", "data": {"symbol": "€€ - €€€", "claimed": false, "schedule": {"dom": ["11:00", "18:00"], "mar": ["11:00", "18:00", "20:30", "00:00"], "mié": ["11:00", "18:00", "20:30", "00:00"], "jue": ["11:00", "18:00", "20:30", "00:00"], "vie": ["11:00", "18:00", "20:30", "00:00"], "sáb": ["11:00", "18:00", "20:30", "00:00"]}, "score_overall": 3.5, "ranking": 95, "travellers_choice": false, "score_food": 3.5, "score_service": 3.5, "score_price_quality": 3.5, "price": {"lower": 11.0, "upper": 41.0}, "type": ["Española", "Mediterránea"], "special_diets": ["Opciones vegetarianas"], "meals": ["Comidas", "Cenas"], "advantages": ["Reservas", "Capacidad", "Acceso para discapacitados", "Sirve alcohol", "Servicio de mesa", "Bar completo"], "address": {"name": "Avenida Isabel La Catolica 17 El Barrio Hosteleros S.L, 02005 Albacete España", "link": "https://maps.google.com/maps?saddr=&daddr=Avenida+Isabel+La+Catolica+17+El+Barrio+Hosteleros+S.L%2C+02005+Albacete+Espa%C3%B1a@38.998726,-1.859744"}, "webpage": "http://web.facebook.com/taperiaelbarrio.albacete/?_rdc=1&_rdr", "email": "nievesreolid69@hotmeil.com", "phone": "+34 967 60 03 26", "score_atmosphere": 4.0}}}