{"restaurant": {"ta_link": "https://www.tripadvisor.es/Restaurant_Review-g187486-d23584295-Reviews-Taperia_Faeli-Albacete_Province_of_Albacete_Castile_La_Mancha.html", "name": "Taperia Faeli", "data": {"symbol": null, "claimed": false, "schedule": null, "score_overall": null, "ranking": null, "travellers_choice": false, "score_food": 2.5, "score_service": 1.5, "score_price_quality": 1.5, "price": {"lower": 6.0, "upper": 20.0}, "type": ["Alemana", "Europea", "Española", "Comedor", "Albanesa", "Argelina"], "special_diets": ["Opciones vegetarianas"], "meals": ["Desayuno", "Comidas", "Cenas"], "advantages": ["Aparcamiento disponible", "Vino y cerveza", "Acepta tarjetas de crédito", "Servicio de mesa"], "address": {"name": "Taperia Faeli, Albacete España", "link": "https://maps.google.com/maps?saddr=&daddr=Taperia+Faeli%2C+Albacete+Espa%C3%B1a@38.994267,-1.852519"}, "webpage": "http://www.taperiasanjuan.es/", "email": "marketing@taperiasanjuan.es", "phone": "+34 615 64 92 67", "score_atmosphere": 3.5}}}