{"restaurant": {"ta_link": "https://www.tripadvisor.es/Restaurant_Review-g187486-d12736363-Reviews-Taperia_k_tomas-Albacete_Province_of_Albacete_Castile_La_Mancha.html", "name": "Taperia k'tomas", "data": {"symbol": null, "claimed": false, "schedule": null, "score_overall": 4.5, "ranking": 99, "travellers_choice": false, "score_food": 4.0, "score_service": 4.0, "score_price_quality": 4.0, "price": {"lower": 13.0, "upper": 24.0}, "type": ["Española"], "special_diets": ["Opciones veganas"], "meals": ["Comidas"], "advantages": ["Reservas"], "address": {"name": "Calle Municipio de Molinicos 7, 02005 Albacete España", "link": "https://maps.google.com/maps?saddr=&daddr=Calle+Municipio+de+Molinicos+7%2C+02005+Albacete+Espa%C3%B1a@39.008244,-1.873104"}, "webpage": "https://rubiaytintobyhavana.negocio.site/?utm_source=gmb&utm_medium=referral", "email": "rytbyhavana@gmail.com", "phone": "+34 967 21 46 30", "score_atmosphere": 3.5}}}