{"restaurant": {"ta_link": "https://www.tripadvisor.es/Restaurant_Review-g187486-d13122895-Reviews-TAPERIA_la_casica-Albacete_Province_of_Albacete_Castile_La_Mancha.html", "name": "TAPERÍA la casica", "data": {"symbol": null, "claimed": false, "schedule": {"dom": ["07:00", "00:00"], "lun": ["07:00", "00:00"], "mié": ["07:00", "00:00"], "jue": ["07:00", "00:00"], "vie": ["07:00", "00:00"], "sáb": ["07:00", "00:00"]}, "score_overall": 3.0, "ranking": 187, "travellers_choice": false, "score_food": 3.5, "score_service": 3.0, "score_price_quality": 3.0, "price": {"lower": 3.0, "upper": 10.0}, "type": ["Española"], "special_diets": ["Opciones vegetarianas", "Opciones veganas"], "meals": ["Desayuno", "Comidas", "Cenas"], "advantages": ["Sirve alcohol", "Wifi gratuito"], "address": {"name": "Avenida los Toreros 5, 02006 Albacete España", "link": "https://maps.google.com/maps?saddr=&daddr=Avenida+los+Toreros+5%2C+02006+Albacete+Espa%C3%B1a@38.99815,-1.87216"}, "webpage": "https://www.facebook.com/carretas.street.market/", "email": "info@panariapanaderias.es", "phone": "+34 967 26 69 36", "score_atmosphere": 4.0}}}