{"restaurant": {"ta_link": "https://www.tripadvisor.es/Restaurant_Review-g187486-d7226606-Reviews-Taperia_Amelie-Albacete_Province_of_Albacete_Castile_La_Mancha.html", "name": "Taperia Amelie", "data": {"symbol": "€", "claimed": false, "schedule": {"dom": ["09:00", "23:00"], "mar": ["09:00", "23:00"], "mié": ["09:00", "23:00"], "jue": ["09:00", "23:00"], "vie": ["00:00", "03:00", "09:00", "23:00"], "sáb": ["09:00", "23:00"]}, "score_overall": 4.5, "ranking": 50, "travellers_choice": false, "score_food": 4.5, "score_service": 4.5, "score_price_quality": 4.5, "price": {"lower": 8.0, "upper": 30.0}, "type": ["Mediterránea", "Española"], "special_diets": ["Opciones vegetarianas"], "meals": ["Cenas", "Desayuno", "Comidas", "Brunch"], "advantages": ["Capacidad", "Acceso para discapacitados", "Servicio de mesa", "Reservas", "Terraza exterior"], "address": {"name": "Calle de Maria Moliner 1, 02001 Albacete España", "link": "https://maps.google.com/maps?saddr=&daddr=Calle+de+Maria+Moliner+1%2C+02001+Albacete+Espa%C3%B1a@38.994484,-1.846979"}, "webpage": "http://www.restauranteentreamigos.es/", "email": "elcornerab@hotmail.com", "phone": "+34 967 01 52 74", "score_atmosphere": 4.0}}}