{"restaurant": {"ta_link": "https://www.tripadvisor.es/Restaurant_Review-g187486-d12901439-Reviews-Taperia_Restaurante_La_Cueva-Albacete_Province_of_Albacete_Castile_La_Mancha.html", "name": "Taperia Restaurante La Cueva", "data": {"symbol": "€€ - €€€", "claimed": true, "schedule": {"dom": ["08:00", "00:00"], "lun": ["08:00", "00:00"], "mar": ["08:00", "00:00"], "mié": ["08:00", "00:00"], "jue": ["08:00", "00:00"], "vie": ["08:00", "00:00"], "sáb": ["08:00", "00:00"]}, "score_overall": null, "ranking": null, "travellers_choice": false, "score_food": 2.5, "score_service": 1.5, "score_price_quality": 1.5, "price": {"lower": 10.0, "upper": 20.0}, "type": ["Pub", "Pub restaurante", "Americana", "Barbacoa", "Española"], "special_diets": ["Opciones vegetarianas"], "meals": ["Bebidas", "Desayuno", "Comidas", "Cenas"], "advantages": ["Reservas", "Capacidad", "Servicio de mesa"], "address": {"name": "Bendicion de los Campos, 02006 Albacete España", "link": "https://maps.google.com/maps?saddr=&daddr=Bendicion+de+los+Campos%2C+02006+Albacete+Espa%C3%B1a@38.98125,-1.86366"}, "webpage": "https://www.facebook.com/lacueva55/", "email": "alejandrosaldanaperona@gmail.com", "phone": "+34 967 25 75 55", "score_atmosphere": 3.5}}}