{"restaurant": {"ta_link": "https://www.tripadvisor.es/Restaurant_Review-g187486-d21260240-Reviews-Taperia_Dharma_s-Albacete_Province_of_Albacete_Castile_La_Mancha.html", "name": "Tapería Dharma's", "data": {"symbol": "€€ - €€€", "claimed": false, "schedule": null, "score_overall": null, "ranking": null, "travellers_choice": false, "score_food": 2.5, "score_service": 1.5, "score_price_quality": 1.5, "price": {"lower": 7.0, "upper": 25.0}, "type": ["Española", "Bares para comer"], "special_diets": ["Opciones vegetarianas"], "meals": ["Desayuno", "Comidas", "Cenas"], "advantages": ["Reservas", "Capacidad", "Servicio de mesa"], "address": {"name": "Calle Concordia, 2-4, 02006 Albacete España", "link": "https://maps.google.com/maps?saddr=&daddr=Calle+Concordia%2C+2-4%2C+02006+Albacete+Espa%C3%B1a@38.99864,-1.87248"}, "webpage": "http://instagram.com/taperiadharma?igshid=ky2imk7sqz3f", "email": "mdqcervezaartesana@gmail.com", "phone": "+34 967 26 68 41", "score_atmosphere": 3.5}}}