{"restaurant": {"ta_link": "https://www.tripadvisor.es/Restaurant_Review-g187486-d8001566-Reviews-Taperia_Aderezo-Albacete_Province_of_Albacete_Castile_La_Mancha.html", "name": "Tapería Aderezo", "data": {"symbol": "€€ - €€€", "claimed": false, "schedule": null, "score_overall": 3.0, "ranking": 113, "travellers_choice": false, "score_food": 3.0, "score_service": 3.0, "score_price_quality": 3.0, "price": {"lower": 8.0, "upper": 15.0}, "type": ["Mediterránea", "Española", "Africana"], "special_diets": ["Opciones sin gluten"], "meals": ["Comidas", "Cenas"], "advantages": ["Capacidad", "Playa", "Admite perros"], "address": {"name": "Callejón San jose, 02001 Albacete España", "link": "https://maps.google.com/maps?saddr=&daddr=Callej%C3%B3n+San+jose%2C+02001+Albacete+Espa%C3%B1a@38.99293,-1.853987"}, "webpage": "http://www.vips.es/vipsmart", "email": "info@aderezoalbacete.es", "phone": "+34 967 67 23 29", "score_atmosphere": 3.0}}}