{"restaurant": {"ta_link": "https://www.tripadvisor.es/Restaurant_Review-g187486-d25093867-Reviews-Taperia_Cerveceria_San_Juan-Albacete_Province_of_Albacete_Castile_La_Mancha.html", "name": "Tapería Cervecería San Juan", "data": {"symbol": null, "claimed": false, "schedule": {"lun": ["07:30", "23:30"], "mar": ["07:30", "23:30"], "mié": ["07:30", "23:30"], "jue": ["07:30", "23:30"], "vie": ["07:30", "23:30"], "sáb": ["07:30", "23:30"]}, "score_overall": null, "ranking": null, "travellers_choice": false, "score_food": 2.5, "score_service": 1.5, "score_price_quality": 1.5, "price": {"lower": 6.0, "upper": 20.0}, "type": ["Bar", "Café", "Española", "Contemporánea", "Pub"], "special_diets": ["Opciones vegetarianas"], "meals": ["Desayuno", "Comidas", "Cenas"], "advantages": ["Aparcamiento disponible", "Vino y cerveza", "Acepta tarjetas de crédito", "Servicio de mesa"], "address": {"name": "C/ Cura, 1 Bajo, 02001 Albacete España", "link": "https://maps.google.com/maps?saddr=&daddr=C%2F+Cura%2C+1+Bajo%2C+02001+Albacete+Espa%C3%B1a@38.995125,-1.856671"}, "webpage": "http://www.taperiasanjuan.es/", "email": "marketing@taperiasanjuan.es", "phone": "+34 615 64 92 67", "score_atmosphere": 3.5}}}