{"restaurant": {"ta_link": "https://www.tripadvisor.es/Restaurant_Review-g187486-d15758547-Reviews-Taperia_Cerveceria_La_Gomera-Albacete_Province_of_Albacete_Castile_La_Mancha.html", "name": "Taperia Cerveceria La Gomera", "data": {"symbol": "€€ - €€€", "claimed": false, "schedule": null, "score_overall": 3.0, "ranking": 189, "travellers_choice": false, "score_food": 3.0, "score_service": 4.0, "score_price_quality": 4.0, "price": {"lower": 3.0, "upper": 10.0}, "type": ["Española"], "special_diets": ["Opciones vegetarianas", "Opciones veganas"], "meals": ["Comidas", "Cenas"], "advantages": ["Reservas", "Servicio de mesa"], "address": {"name": "C/Almansa nº9, 02008 Albacete España", "link": "https://maps.google.com/maps?saddr=&daddr=C%2FAlmansa+n%C2%BA9%2C+02008+Albacete+Espa%C3%B1a@38.984795,-1.844529"}, "webpage": "http://es-es.facebook.com/merendero.huertodelruisenor/", "email": "info@panariapanaderias.es", "phone": "+34 967 03 08 86", "score_atmosphere": 4.0}}}