{"restaurant": {"ta_link": "https://www.tripadvisor.es/Restaurant_Review-g187486-d5489108-Reviews-Telepizza-Albacete_Province_of_Albacete_Castile_La_Mancha.html", "name": "Telepizza", "data": {"symbol": null, "claimed": false, "schedule": null, "score_overall": 2.0, "ranking": 13, "travellers_choice": false, "score_food": 3.5, "score_service": 3.0, "score_price_quality": 3.5, "price": {"lower": 6.0, "upper": 12.0}, "type": ["Pizza", "Italiana"], "special_diets": ["Opciones sin gluten"], "meals": ["Comidas", "Cenas"], "advantages": ["Reservas", "Capacidad", "Servicio de mesa"], "address": {"name": "Avenida Los Toreros 2, 02005 Albacete España", "link": "https://maps.google.com/maps?saddr=&daddr=Avenida+Los+Toreros+2%2C+02005+Albacete+Espa%C3%B1a@38.99785,-1.86672"}, "webpage": "http://www.telepizza.es/", "email": "vadepizzaab@gmail.com", "phone": "+34 967 59 01 51", "score_atmosphere": 3.0}}}