{"restaurant": {"ta_link": "https://www.tripadvisor.es/Restaurant_Review-g187486-d7319300-Reviews-Teteria_Khushu-Albacete_Province_of_Albacete_Castile_La_Mancha.html", "name": "Teteria Khushu", "data": {"symbol": "€", "claimed": false, "schedule": null, "score_overall": 3.5, "ranking": 17, "travellers_choice": false, "score_food": 4.0, "score_service": 3.5, "score_price_quality": 3.5, "price": {"lower": 4.0, "upper": 9.0}, "type": ["Café"], "special_diets": ["Opciones vegetarianas", "Opciones veganas"], "meals": ["Desayuno", "Comidas", "Cenas", "Brunch", "Bebidas"], "advantages": ["Para llevar", "Terraza exterior", "Aparcamiento en la calle", "Estacionamiento gratuito en la calle", "Acepta American Express", "Acepta Mastercard", "Acepta Visa", "Acepta tarjetas de crédito", "Estilo familiar"], "address": {"name": "Calle Parra 8, 02002 Albacete España", "link": "https://maps.google.com/maps?saddr=&daddr=Calle+Parra+8%2C+02002+Albacete+Espa%C3%B1a@38.99124,-1.85301"}, "webpage": "http://bocateria-rapido-barato.negocio.site/", "email": "teteriakhushualbacete@gmail.com", "phone": "+34 616 42 25 77", "score_atmosphere": 4.0}}}