{"restaurant": {"ta_link": "https://www.tripadvisor.es/Restaurant_Review-g187486-d21302840-Reviews-The_Tapa_Negra-Albacete_Province_of_Albacete_Castile_La_Mancha.html", "name": "The Tapa Negra", "data": {"symbol": null, "claimed": false, "schedule": {"lun": ["08:30", "23:30"], "mar": ["08:30", "23:30"], "mié": ["08:30", "23:30"], "jue": ["08:30", "23:30"], "vie": ["08:30", "16:30", "19:30", "00:30"], "sáb": ["10:30", "16:30", "19:30", "00:30"]}, "score_overall": 4.0, "ranking": 7, "travellers_choice": false, "score_food": 3.5, "score_service": 3.5, "score_price_quality": 3.5, "price": {"lower": 6.0, "upper": 18.0}, "type": ["Internacional", "Española", "Fusión", "Saludable", "Street food / Comida en la calle"], "special_diets": ["Opciones veganas"], "meals": ["Desayuno", "Comidas", "Cenas"], "advantages": ["Reservas", "Servicio de mesa", "A domicilio", "Para llevar", "Terraza exterior", "Capacidad", "Aparcamiento en la calle", "Estacionamiento gratuito en la calle", "Televisión", "Acceso para discapacitados", "Sirve alcohol", "Bar completo", "Vino y cerveza", "Pagos digitales", "Wifi gratuito", "Acepta tarjetas de crédito", "Zonas de juego"], "address": {"name": "Calle de los Zapateros 7, 02001 Albacete España", "link": "https://maps.google.com/maps?saddr=&daddr=Calle+de+los+Zapateros+7%2C+02001+Albacete+Espa%C3%B1a@38.9953,-1.85767"}, "webpage": "http://www.facebook.com/kingtchener", "email": "antonionuevoriofrio@gmail.com", "phone": "+34 967 01 58 13", "score_atmosphere": 4.0}}}