{"restaurant": {"ta_link": "https://www.tripadvisor.es/Restaurant_Review-g187486-d13985959-Reviews-The_Way-Albacete_Province_of_Albacete_Castile_La_Mancha.html", "name": "The Way", "data": {"symbol": "€", "claimed": false, "schedule": null, "score_overall": 1.0, "ranking": 204, "travellers_choice": false, "score_food": 3.5, "score_service": 3.0, "score_price_quality": 3.0, "price": {"lower": 6.0, "upper": 12.0}, "type": ["Bar", "Café", "Comida rápida", "Europea", "Española", "Pub", "Centroeuropea"], "special_diets": ["Opciones sin gluten"], "meals": ["Comidas", "Cenas"], "advantages": ["Capacidad", "Servicio de mesa", "Reservas", "Sirve alcohol"], "address": {"name": "Zapateros, 28, Albacete España", "link": "https://maps.google.com/maps?saddr=&daddr=Zapateros%2C+28%2C+Albacete+Espa%C3%B1a@38.996613,-1.858097"}, "webpage": "https://www.facebook.com/thewaycafebaralbacete/", "email": "baravion@gmail.com", "phone": "+34 620 38 05 69", "score_atmosphere": 3.0}}}