{"restaurant": {"ta_link": "https://www.tripadvisor.es/Restaurant_Review-g187486-d12192500-Reviews-Tocala_Otra_Vez_Sam_Paseo_de_la_Cuba-Albacete_Province_of_Albacete_Castile_La_Ma.html", "name": "Tócala Otra Vez Sam Paseo de la Cuba", "data": {"symbol": "€€ - €€€", "claimed": true, "schedule": {"dom": ["12:00", "17:00"], "mar": ["12:00", "17:00", "20:00", "00:00"], "mié": ["12:00", "17:00", "20:00", "00:00"], "jue": ["12:00", "17:00", "20:00", "00:00"], "vie": ["12:00", "17:00", "20:00", "00:00"], "sáb": ["09:00", "17:00", "20:00", "00:00"]}, "score_overall": 2.5, "ranking": 6, "travellers_choice": false, "score_food": 3.0, "score_service": 3.0, "score_price_quality": 3.0, "price": {"lower": 12.0, "upper": 37.0}, "type": ["Bar", "Asador", "Pub", "Comedor"], "special_diets": ["Opciones sin gluten"], "meals": ["Bebidas", "Comidas", "Cenas"], "advantages": ["Capacidad", "Playa", "Admite perros"], "address": {"name": "Paseo La Cuba 18, 02005 Albacete España", "link": "https://maps.google.com/maps?saddr=&daddr=Paseo+La+Cuba+18%2C+02005+Albacete+Espa%C3%B1a@38.99994,-1.85494"}, "webpage": "http://tocalaotravezsam.es/", "email": "tocalaotravezsamsl@hotmail.com", "phone": "+34 967 25 68 62", "score_atmosphere": 3.0}}}