{"restaurant": {"ta_link": "https://www.tripadvisor.es/Restaurant_Review-g187486-d8735524-Reviews-Torito-Albacete_Province_of_Albacete_Castile_La_Mancha.html", "name": "Torito", "data": {"symbol": "€", "claimed": false, "schedule": null, "score_overall": 4.5, "ranking": 9, "travellers_choice": false, "score_food": 4.0, "score_service": 4.0, "score_price_quality": 4.0, "price": {"lower": 11.0, "upper": 41.0}, "type": ["Café", "Bar", "Pub"], "special_diets": ["Opciones vegetarianas"], "meals": ["Bebidas", "Desayuno", "Comidas", "Cenas"], "advantages": ["Capacidad", "Servicio de mesa", "A domicilio", "Para llevar", "Reservas"], "address": {"name": "Calle de Concepcion 26, 02002 Albacete España", "link": "https://maps.google.com/maps?saddr=&daddr=Calle+de+Concepcion+26%2C+02002+Albacete+Espa%C3%B1a@38.99369,-1.85414"}, "webpage": "http://www.facebook.com/ToritoAB", "email": "j.a.gonzalez.1@live.com", "phone": "+34 617 60 78 69", "score_atmosphere": 3.5}}}