{"restaurant": {"ta_link": "https://www.tripadvisor.es/Restaurant_Review-g187486-d21329379-Reviews-Urban_Bakery_Coffee_More-Albacete_Province_of_Albacete_Castile_La_Mancha.html", "name": "Urban Bakery Coffee", "data": {"symbol": null, "claimed": false, "schedule": {"dom": ["09:00", "23:30"], "lun": ["07:30", "23:30"], "mar": ["07:30", "23:30"], "mié": ["07:30", "23:30"], "jue": ["07:30", "23:30"], "vie": ["07:30", "23:30"], "sáb": ["09:00", "23:30"]}, "score_overall": 4.0, "ranking": 228, "travellers_choice": false, "score_food": 3.5, "score_service": 3.5, "score_price_quality": 3.0, "price": {"lower": 10.0, "upper": 36.0}, "type": ["Española"], "special_diets": ["Opciones vegetarianas", "Opciones veganas"], "meals": ["Desayuno", "Comidas", "Cenas"], "advantages": ["Reservas"], "address": {"name": "Calle ALCALDE JOSE MARIA DE MIGUEL, 1, 02008 Albacete España", "link": "https://maps.google.com/maps?saddr=&daddr=Calle+ALCALDE+JOSE+MARIA+DE+MIGUEL%2C+1%2C+02008+Albacete+Espa%C3%B1a@38.996964,-1.851365"}, "webpage": "http://urbanbakery.es/", "email": "urban.albacete.antonio@gmail.com", "phone": "+34 698 90 59 88", "score_atmosphere": 4.0}}}