{"restaurant": {"ta_link": "https://www.tripadvisor.es/Restaurant_Review-g187486-d13747958-Reviews-Urban_Cafe-Albacete_Province_of_Albacete_Castile_La_Mancha.html", "name": "Urban Café", "data": {"symbol": "€€ - €€€", "claimed": false, "schedule": {"lun": ["08:30", "21:00"], "mar": ["08:30", "21:00"], "mié": ["08:30", "21:00"], "jue": ["08:30", "21:00"], "vie": ["08:30", "21:00"], "sáb": ["08:30", "21:00"]}, "score_overall": 4.5, "ranking": 138, "travellers_choice": false, "score_food": 4.0, "score_service": 4.0, "score_price_quality": 4.0, "price": {"lower": 25.0, "upper": 60.0}, "type": ["Española"], "special_diets": ["Opciones sin gluten"], "meals": ["Desayuno", "Comidas", "Cenas"], "advantages": ["Reservas", "Acceso para discapacitados", "Para llevar", "Capacidad", "Servicio de mesa"], "address": {"name": "Pasaje Lodares Local K, 02001 Albacete España", "link": "https://maps.google.com/maps?saddr=&daddr=Pasaje+Lodares+Local+K%2C+02001+Albacete+Espa%C3%B1a@38.99302,-1.85594"}, "webpage": "http://www.facebook.com/Urban-Caf%C3%A9-1990256791231116/", "email": "laalacenaalbacete@gmail.com", "phone": "+34 680 37 97 27", "score_atmosphere": 4.0}}}