{"restaurant": {"ta_link": "https://www.tripadvisor.es/Restaurant_Review-g187486-d10130586-Reviews-Vadepizza_Albacete-Albacete_Province_of_Albacete_Castile_La_Mancha.html", "name": "Vadepizza", "data": {"symbol": "€", "claimed": false, "schedule": {"dom": ["13:00", "16:30", "19:00", "00:30"], "lun": ["13:00", "15:30", "19:00", "23:30"], "mar": ["13:00", "15:30", "19:00", "23:30"], "mié": ["13:00", "15:30", "19:00", "23:30"], "jue": ["13:00", "15:30", "19:00", "23:30"], "vie": ["13:00", "15:30", "19:00", "23:30"], "sáb": ["13:00", "16:30", "19:00", "00:30"]}, "score_overall": 2.5, "ranking": 12, "travellers_choice": false, "score_food": 4.0, "score_service": 4.5, "score_price_quality": 4.5, "price": {"lower": 6.0, "upper": 12.0}, "type": ["Pizza", "Italiana"], "special_diets": ["Opciones sin gluten"], "meals": ["Comidas", "Cenas"], "advantages": ["Acceso para discapacitados"], "address": {"name": "Calle Arquitecto Vandelvira, 4, 02003 Albacete España", "link": "https://maps.google.com/maps?saddr=&daddr=Calle+Arquitecto+Vandelvira%2C+4%2C+02003+Albacete+Espa%C3%B1a@38.98676,-1.85955"}, "webpage": "http://www.vadepizzaalbacete.com/", "email": "vadepizzaab@gmail.com", "phone": "+34 967 11 17 00", "score_atmosphere": 3.0}}}