{"restaurant": {"ta_link": "https://www.tripadvisor.es/Restaurant_Review-g187486-d10466927-Reviews-Ventepaka-Albacete_Province_of_Albacete_Castile_La_Mancha.html", "name": "Ventepaka", "data": {"symbol": "€€ - €€€", "claimed": false, "schedule": {"lun": ["08:30", "16:00"], "mar": ["08:30", "16:00"], "mié": ["08:30", "16:00"], "jue": ["08:30", "16:00"], "vie": ["20:00", "00:30"], "sáb": ["20:00", "00:30"]}, "score_overall": 3.5, "ranking": 111, "travellers_choice": false, "score_food": 4.5, "score_service": 4.5, "score_price_quality": 4.5, "price": {"lower": 25.0, "upper": 60.0}, "type": ["Bar", "Española", "Pub"], "special_diets": ["Opciones sin gluten"], "meals": ["Cenas", "Desayuno", "Comidas", "Brunch"], "advantages": ["Reservas", "Capacidad", "Acceso para discapacitados", "Servicio de mesa", "Sirve alcohol", "Wifi gratuito", "Acepta tarjetas de crédito", "Estilo familiar"], "address": {"name": "Mayor, 67, 02005 Albacete España", "link": "https://maps.google.com/maps?saddr=&daddr=Mayor%2C+67%2C+02005+Albacete+Espa%C3%B1a@38.99697,-1.86833"}, "webpage": "http://www.facebook.com/Ventepaka-315532782117017/", "email": "laalacenaalbacete@gmail.com", "phone": "+34 967 60 22 67", "score_atmosphere": 4.0}}}