{"restaurant": {"ta_link": "https://www.tripadvisor.es/Restaurant_Review-g187486-d15324855-Reviews-Zenai-Albacete_Province_of_Albacete_Castile_La_Mancha.html", "name": "Zenai", "data": {"symbol": null, "claimed": false, "schedule": null, "score_overall": 4.5, "ranking": 189, "travellers_choice": false, "score_food": 3.5, "score_service": 4.0, "score_price_quality": 3.0, "price": {"lower": 10.0, "upper": 30.0}, "type": ["Café", "Española"], "special_diets": ["Opciones veganas"], "meals": ["Desayuno", "Brunch"], "advantages": ["Capacidad", "Acceso para discapacitados", "Servicio de mesa", "Reservas", "Sirve alcohol"], "address": {"name": "Miguel López de Legazpi 20, 02005 Albacete España", "link": "https://maps.google.com/maps?saddr=&daddr=Miguel+L%C3%B3pez+de+Legazpi+20%2C+02005+Albacete+Espa%C3%B1a@39.00162,-1.86083"}, "webpage": "https://www.facebook.com/ZENAI-cafeteria-taperia-183932135728661/", "email": "info@restaurantequijotealbacete.com", "phone": "+34 695 61 84 20", "score_atmosphere": 4.0}}}